address,entity_id,entity_type,is_illicit
12cDnimbTFVeJtx1qtBmUNJAEqN76R7P,0,normal,0
3yxQdDn53jFrK6wFx7RJWhvQBQPEjJmk,1,normal,0
3fhBboGBWRJhmcFkMvrr4Fu3tMSJ5Edy,1,normal,0
3EiYSyiWAH9GpcbHpeUzeSQF9ZY6q4x8,1,normal,0
1cx1ko8kybqJriN8KUBW1oyoHZqCZ7xh,2,normal,0
1hZfDAQqBbra1fMY28QyvtLG4Gyd66oY,2,normal,0
bc1qkzf9yhyue77vqvux474tp7heew9vdkxh5w7406,3,normal,0
14epb4pM44eXZwaB4Z6wC5f5kxGS8ydG,4,normal,0
33g6TjedaMHEjnMGHS9jiLWMq51Wgd75,4,normal,0
bc1qej3v0erv5pn8mmuntl9eusdmt0mlfvnxwwfyc6,5,scam,1
1jhgN6uqGkLFtDA23GXgwr5WTyhdDnmR,5,scam,1
1GAim1zqxry7rUFCtmaW4cGw8W9tWjac,5,scam,1
3qzVguozZUvcVzBpxXVHqGvhJrraYhGJ,5,scam,1
1nKGJNMzb69AFRmAnE5TTNbWT4EvTRzr,5,scam,1
3m2wyqdRX1PLqRwzvTbppbtfzFYFJUY2,5,scam,1
1jktSoBvW9gb2Sedj26iU9xWC4HRMEWM,5,scam,1
1yRJqvTHv6X2pb4PFi5ri3q2GDv2gAG9,5,scam,1
18dEWmHrQBffpn8ruBL7e2LdkRSnD5em,5,scam,1
bc1qxavdkyxvknh6kwhxsp2zndzfqjpkk0e6huzhyz,5,scam,1
126KFSmGLjeQXcaPUpcNPmWJLHF8oDM8,5,scam,1
bc1q4aam6h8ugswwmvm47ffj6chd5c0uwyl3gllx5g,6,normal,0
bc1qtkzw63vnj26g2k3dywkdvz6yqupn7cpuzlt3x6,6,normal,0
1KVymY82hftGnBLc1cT6Fv8W8ivAYnKZ,7,normal,0
3TvXXGWcARDfZpy9x5JrswTNsZJu1KoL,7,normal,0
bc1qssaz39p7w7x0aua5yjpt6psnz35hlg6v77wcm2,7,normal,0
3YeAFWhHWHj1ztWzKkbB5VPeLhUmHWwL,8,normal,0
1xkrp4fpYvzzKrtFftPFhDgHkqorjkv9,9,normal,0
3zhi3LsV3eQo96KMpTCD9sbyQaZJvBHu,9,normal,0
bc1q2ng5xmu8933mz87h9sxruau7zuk3rfwwhr7rq4,10,normal,0
1D8wuW6jEihf24sNG9sdE5vqcEeEuxFN,10,normal,0
3szf1JwA9bHtC8jx291PssGeM2CH49pT,10,normal,0
1p5XVrQZe7VZFg3osxjaLWi24XwSUk7Y,10,normal,0
37sm8wiiyrcoxEUVyFTNuWSTo7MUMjHQ,11,normal,0
bc1qlmq7fayg7qr8kgv2k2dkmpq0dat5a26fsuxpcr,11,normal,0
1Mrdf6y4ABqg4k6JVjUYfVTJEqZ8PU8K,11,normal,0
3eYajL3FSf41ELEr9qHKM81YpUC9RbnF,11,normal,0
1MdUdSnhTK8S2MBtgWvmQ6Uw7GUeSa6S,12,normal,0
bc1q5dzxwnnaw5ywmk4q5mxw34rl56sx3wenya4w7p,12,normal,0
bc1qsljap6aqmt96msp96vr2rmdfpzeg9a5l73p9sa,12,normal,0
1psVFbGLtsXzvDQkdVWrKrRZaTBuDtf9,13,normal,0
bc1q4trhs6rg2n7pa93ly9yw062jfav8lhm84hux58,13,normal,0
1jj6aQ5abZsZc2RxX3hRQHp2Ps5PGojh,14,normal,0
1epqN93PbNuiCvrkWmXhCt95nrW3KD3s,14,normal,0
13MLZSubXH3qiDKPxr4xiNJ8tQUySpVz,14,normal,0
bc1qcwqw3qvk45trc2aw395hrrs3awrrw59rtnkh82,14,normal,0
bc1qdrg8e9hz2rrx965mtyuu59n5wxq9d9v48amccn,15,normal,0
bc1q3263jfu2zlmyhtmx54cwuyxfpannqt9r7nhx8k,15,normal,0
3GxzBuMdoMDqBYZWYyLY26SZWGEeP44K,16,normal,0
1yvikXKb1w7U9yHoQqSQ3S4dcDQcK5RZ,16,normal,0
1cJugkg897SQsNcQqADfZSZ3339nNtXa,16,normal,0
1fzZ9MgMBSgpvLeNZvZbYndLXu2QNk8T,16,normal,0
1TATmETZrgXxwpo4n9aEcMjXaRMCWbNb,17,normal,0
1rxokitmHgXDGJcLFLrKnEmnYMXPcsoJ,17,normal,0
1dkbRzSuPrtAK3Kn6PViHpXEDubJcmJ9,17,normal,0
1kr91cBTiyyXXiDqKMKi4r6idFbpow3C,18,normal,0
1JDt8NBoWiHnC1pNsKdkqDCgwhzSuUZM,19,normal,0
1j7C9XMG1HRGVqJNLeod1HiQmG4j8WLB,19,normal,0
1ZzynrLm8hKQgFF9XAWpfQTmcXqbtjuE,19,normal,0
3kqfxs6aVanQ5d84vczZDdbABMwaV8kE,19,normal,0
1Ee53UPm5b4z5X3KTCr9rioiTQzRVxRR,20,normal,0
1jxb9ixP8CbSa9oFv1q2LWkobUbRuFGW,20,normal,0
1JDyoq83tjTgryy2GE57f3Vfknx4Gp3S,20,normal,0
1bEqxr49ZKFuodMdfrkuMGLyAjaFTLJ4,20,normal,0
1wnAtW4cTTca9RGHENi6VwQ6bovD4JRk,21,normal,0
33x5DtqeojcEXExNL1EDp8pqXGmfnESG,21,normal,0
3tGn56JARnshApRMQ761LVQqJ796CUVc,22,darknet_market,1
3T726Pc6ffsMxR1KTRr6ozczGdaBkRB9,22,darknet_market,1
1JYA5BUJTLXs5QHGohYfgDW79L1SNvgR,22,darknet_market,1
bc1qtr8ed2xfwl5uz9mhjavs5wytu3r67hqc3tpv70,22,darknet_market,1
1FZpacemdFVQSWrkemZAP2X7KT68voAP,22,darknet_market,1
1WsEaXPX7VomVM5L3tn82wNi7ktBpGaC,22,darknet_market,1
3NcUWFtShCChjUS2pgyDVeUR1nEEJqnt,22,darknet_market,1
3d7txbCQMDW8HjxYahMfRgSe8PPwWgCu,22,darknet_market,1
3tLge6k9M8GL8CQmAZRTf9dRUCYhbmiC,22,darknet_market,1
3YK9CMvVg4xP1Y9DuRcZiYTkYTnvVYB6,22,darknet_market,1
3sqFK3JFbKBrWdprrYcZ8d8JrbuQbuq3,22,darknet_market,1
3VbEU7pviqGLx3VHPxu6Vx8rtGEtpemP,22,darknet_market,1
bc1q9u4k99hanhtzakusw56tkrxzn06xq5tfvfzknl,22,darknet_market,1
1d9dwYsNzkq437hsvW28wBVW1UDm9yiL,22,darknet_market,1
1yJ6iQH6QjziB4ShLomqFUi6n71EX59e,22,darknet_market,1
bc1qcwqfauwf6798sqvn9hk6hl2mfetl4hzs8hz50r,23,normal,0
bc1qvt6ak6m6fant5mvh4h6v8x4md8090czqjcr9k8,23,normal,0
14YwdBQBHr7zdko8FpZ13wx1G3XQRACw,24,normal,0
1Q8Zkz4CFta3S5yWxKrwLM6cW1QDKdsL,25,normal,0
3L7EaGTY4AnJ63FzwaTmzQWp6e7Z9huS,26,normal,0
1d4Uj9GKHwMtSmvpMMVJF5D9rre7A7BV,26,normal,0
bc1qg9etr6j525ew96p83x4cvtz2svdqfdkkwa3hlz,27,normal,0
1cX46JR9TDiytaGhtbs2RsnPXbsYPdZM,27,normal,0
1C2MfF2ztrJ4tXaPreFB7GjGJbusp4qF,27,normal,0
3tRPvwCCGeMtpmPe2nmPddAdDvtyYbLC,27,normal,0
1NgDt9NnCtwxM42AenAr8waxQ5QnjSe7,28,normal,0
1M9BoUshYiMCncmygsPFjeuCRLomK9Co,28,normal,0
1mdSwrd3CfMtgFhd7YANp5GPMBhy6unj,28,normal,0
3yNV1HEGm5PHs7o14RVoTByTYyRPbR7v,28,normal,0
1NByRBo5cz6NfgzXn2UiBfyUB47NEDTm,29,normal,0
3obHjKLG74SdcvYA4Q1U6KujhfXD72EB,29,normal,0
36Xw8LsSXYzjH6ibRCQyRQCV3HVWHFvJ,29,normal,0
3Aqmj76jPtbTqeFc4vRuaTbkxXdyGXL6,29,normal,0
16kUDuhAvfHMot56RcScMwJaWx1smgea,30,normal,0
38TAAdeeq77dr7sKxbyPyTHRiYdfX3CJ,30,normal,0
1gfkmS3SyyNmG4pXJzQ2NusLLJvYwmk7,30,normal,0
bc1qmt92dee4h3x4rekrxt82hrzwdyqqcj6l2s4cfg,30,normal,0
bc1q068za657jgxljx47d3lrnv87309cpqwk6rpd8t,31,darknet_market,1
1WJvRmwXtTiytB89mo4wB7TeXtdkVCgR,31,darknet_market,1
3g2xkyvoz9XY8yTV35HiM1nxkarpdodF,31,darknet_market,1
bc1qyzc5znhpk4gsth6xww6zwn8z27tu306mfxpr4g,31,darknet_market,1
bc1qz9u7jee8tfxep7u38wx9z04vydd97snsuhktpl,31,darknet_market,1
199TfmypZLvmcxMnpchEDEgnKkPk9niC,31,darknet_market,1
1mhMn8qPcXedjnTkpzvbKywUt1a72RA4,31,darknet_market,1
3DJqsBKkHAv4msKEqb3PuV7gxkpcxFpi,31,darknet_market,1
3GZsstmKmj4RRTskMc41pHDgxrxxVvFh,31,darknet_market,1
3iQqebpfDroDKVCk5CCpZ8R3UJcH9Bew,31,darknet_market,1
1NWnA3AMf4rhgvjLYsdcP5snMaFCa5sZ,31,darknet_market,1
1bbS6PFyEjNNQKEqgaXcuqi18jPVGzig,31,darknet_market,1
1ziDMZ67Brbb1h5EjhrExkUv7Ebvmypr,32,normal,0
1u5pkA2WnN3654CsHc5duFHTRVhSUM2R,32,normal,0
bc1qr0a830t6mfqfuacdgje8d4x5l5j7ezpq9h7l5e,33,normal,0
3UJvQ9koNyXWVPrLYc7Cif6vJwu9zbDH,34,normal,0
3h5o5z2wZh2ueeSreE3cHbzbXirAQSFz,34,normal,0
3owK9WZZ6SQZ1jGwtgkBqZ9VBCddjxAp,34,normal,0
37nahvJvpHebdCRiRQeizv5aHRFaSPux,35,normal,0
1sXyf1Zy9VBF5ZiJEACBQfnu8jFTtNo8,35,normal,0
1XXEeBivT2G39deB9hZ3zdA4BHCaSfdh,35,normal,0
1oojuK6EVfXxXBFvTfAseurCgjZHBokN,35,normal,0
19zfbu1zrkiUaTQx3maUFtXsrRPetpqv,36,normal,0
37U9HXrFw6KfybTHD1nps1da8a1RiEmt,36,normal,0
1Q7AUieHHwbUdQgJkSqETcscXCQccXHL,36,normal,0
3rnSp9wxj8pFVsmB7EZSsNtcgmkn4BRh,36,normal,0
3ChYV1DwjtaKD3sfZamFgBk3QGi1B6Jr,37,normal,0
bc1qpxx2y8j5sggnuq0jhl6tp5dynqfkdezehhjfge,38,normal,0
bc1qktg94vy3qtdx8xn00fs7nrjdjhkyprdzvfurrt,38,normal,0
1Cd9dkFu7oJtGcUwRDAtpAXt1CTY9zwh,38,normal,0
1oMsYLHcwd4S7mB4EuHXvh7VpNHQQcct,38,normal,0
3PMkZYrpVy6RgKWhAxBhtNThgdSw56BN,39,normal,0
1MiKnJfiSJyVrxQpeaVTBCw29oGjHpmp,39,normal,0
1BS775yXc42rSaq67HgA6iyRLFGpKVh9,39,normal,0
3ydUahhbLPXbFt6VLQTHAL11auqw9PKX,40,normal,0
1mYqXL1rUtKfFs1cQDTycUSGBnpiRvRF,40,normal,0
bc1q0zfpumzrx3p6a4kt5ydejs08hswh3ex7fysmnc,41,normal,0
33pca8HXhLDQy4xjE8GhUM1BsJe8SsG1,41,normal,0
bc1qnqwe2sq9j3zwlzedqnxkc5awljrx0sd2rhn5se,41,normal,0
1D73divRjYagmeH4QFfn51EiYyv6Wth4,42,normal,0
1pyTuQsn4ugJa3o5vL5Ea77oFbRDDajG,42,normal,0
3CcpcTp7rhdPkWmjUy7BsCcSZNjBbfVP,42,normal,0
bc1q9m0mgfn2ka73xqa9jrhgjm6tf5nydz7m3s64pq,42,normal,0
1MbdAMZmFA4koSVqfdZ6FUKsSA9N6Xdp,43,normal,0
1SH6SZUrm9q9XcDYSidDcgpaGG5JrUMk,43,normal,0
bc1q684hal0p8mwy2pfffjya2s3jc4lek4x05skr72,43,normal,0
1yiRFRZn7zMYxfb6CDZWcn23GaLNYSpB,43,normal,0
3JFANzSj96oRakgxhkFTGdAULfNVb9Ei,44,normal,0
1bo8CMvyAo2qMyTTLVpuzhpJArD79C2q,45,normal,0
bc1qeg3u0kugef5dwznxhvt3snt37wx3ht3s4elwtm,45,normal,0
3zmb9STMV2CWeznzDyW6HMminsBno868,46,normal,0
3hQ6anRosZgBRcR3rBNdxjxABxACrn4T,46,normal,0
1orVKhC8z9D1gqH1WYwYbt1fyYGEejXW,46,normal,0
14iP3Aw3jdvfLN647TCBkKgjmmfdscCW,47,normal,0
3Q36rLMQzRu5qUvc5KX98mxJNaTaEmEg,47,normal,0
1doha6XomfsnKUfwMHadgP9gdYaohYYt,47,normal,0
1gFnKD182Whs8pwEtgTT3NPcthE1hDmK,47,normal,0
1NkXXt3i9XAhWzxbzNWsuTp4vaLdokMc,48,normal,0
1EdkNtysP5AJv2NRhbvBdfRCf8xsqLnw,48,normal,0
13JT6YyGQVvLEaLC8Qs3rD6VZ2tXzZAD,48,normal,0
13kwfx6NWy37arjpL2dqLhzEMDDKJbMr,49,normal,0
18JABJ81gcZ7EbPcMJAntKdGB5LgzNbV,49,normal,0
12Xzk47R46USCnfzehvmmVgPLNuDnqjt,49,normal,0
1inrWXFFAxzgHQSCmjNsxyMWY25X8PXW,50,normal,0
3sLbWSeTGgGcBXR5NEumeUsUdsNbmGCj,51,normal,0
3pndvY8efWMc7uVCLS5f7kufruRMYij4,51,normal,0
1RgdVDEkyMLdskLUnP6e1gZSw9wK4Qzc,52,normal,0
1jCX9DcRvQvTAKxj9915i2AoyYjU969i,53,normal,0
1TbdQ33dXnQ8eXm6AooawqrJWa6ayg6G,54,normal,0
1pjj5khbteLg4zNbr1XWZzXdoNTPtKKB,54,normal,0
1fpLosdH4hXeBd4jKtpg2KY69Z5wsJH9,54,normal,0
3JwH1p8fCepAjVQtCHsmGYCtax3N6Afu,54,normal,0
1u84BWSXLXpqbFRknRXHAaxU1KtVRkMa,55,normal,0
337bhPwUgiwJNJJt7HieSWrkpGokerDa,55,normal,0
1a7kVPFoKHD32g64fjzvEfh8n86wf9Rj,56,normal,0
3idtCz8mCHKWj5hWJrUmzjrrMHBr5Jr4,56,normal,0
1N4HuHCV5YDgSCiY7AbrUEgi7VnH7355,56,normal,0
1Sd1ZnrYXUSworts5bF1RmurX8dbPNkL,57,normal,0
1hi6QbwN6vWqrKiDCc3RjDLmRz7hmPY6,57,normal,0
bc1q8fxag53az2y3h90d4m7xc578zg5evptn89nf3d,57,normal,0
3hgRrB2yY611C6nieyKTmtsrXm9EAhJa,58,normal,0
1GCgm3fCnYg6husLPT1cGD8a7gQxqbZF,58,normal,0
1hjEJ4D8sAkwXYCBj34iQKEUHNgtyqW3,58,normal,0
1eMTDpkzMFr8MF7GpTxDRzF5XeY4yUAE,59,normal,0
1wWWTBqNFyKfBsshgzBdcwF6TwaYxEeX,60,normal,0
bc1q7wzh60uf9qlh62ymcx2xx9tdrx05sp3lvkf6p4,60,normal,0
1kQy48RQWg3QQCicn5cnrE9NGb8iXpqe,60,normal,0
bc1qlwr5ex66tdl57ck8azaf2lu9yquw2le52gpupn,60,normal,0
1BgBnbKCCvnmzjsABG83Md9VHQCEcn3j,61,normal,0
1PAQVbBbL82SYrAWMA1pbZNinKXzKqdj,61,normal,0
1doVNm8oXz39kc8L2SgvFVP6M4fiDeaF,61,normal,0
3rJD26bwVkj6ZSDYMffZ4jQSAnwUQRQ1,61,normal,0
1xaN5eqR61ThJTCcWndq9DCvRKcY3uuL,62,normal,0
bc1qz5ryvjy8r2jc4anx9qc4kruq4ll5ed7cnnmkr7,62,normal,0
1PuA19aKQrYTNB7EAZFvDszcgmvawbnc,62,normal,0
1mQ9uVyfaqNCnL2pu8F9wmAmFL9E96Um,63,normal,0
1fEezDCjP26AwpJePPBwZrogGZd57ueq,64,normal,0
3Vk7CvPRUEZFT8qM8W8a9YqQnKco36MY,65,normal,0
3C1kYk7SVajk68ASSme7pzB5QDNDfwS8,66,normal,0
1YYFh927p4v5Yk2CRfkMALgg7q5jqarY,67,normal,0
3DKjYYZHbNtxbb2q3Uy8RVMwRVW33Ccj,67,normal,0
3BZ4SHYeRgkPrKM42e39vQPtpe2qzhNR,68,normal,0
1PPTP4jGGGiLe6m5xL8NB2bM3WjxUdZz,68,normal,0
12mXe2MRdRMd7tY7mkENYZtqjNBgLQUD,68,normal,0
1taXUEPs5iuLZtLUjbMDTSHgZWjqcCy2,69,normal,0
3axCdYEjupWJhbtgwrUdoh4aDQWAGApk,69,normal,0
3wUTMxv5hEwTJuKiBHkfGSG8AD2GtuLW,69,normal,0
1UUiz3DBJ92HstJjcCiw3oYs24xz6MfL,69,normal,0
3Z8ajveraHYy6Gf8rtMNvepRtppGUEA7,70,normal,0
1QuL2izf3vpjt4msjGHcRLhmQztk8bxG,71,normal,0
bc1qupv7cj5qunx24dw90temn68ch9unwy9jdnle6u,71,normal,0
3fHA6QBd81naUrWukY8FnEDxusJKpYR9,72,normal,0
1EfEuKokDTCTsA2KHGgVGQekiW61X9xM,72,normal,0
bc1qsmtr93djczpx96nvaj8n39zkrvljjnvcnzaw4e,72,normal,0
bc1q0du5hz7p2l8tr7na26xyxk0p3wn9f4ln45s6tj,73,normal,0
1rxS62wEBRrSKiqiA8LYtUptLzkf9Pj7,73,normal,0
1knAYahia6KWU6tXLA9kzLvGaUKd4c53,74,normal,0
1ZUT7WjoduHPHe6rZ28pjWCsCvS36Tyn,74,normal,0
1eoWqjVgtHNxtCEC6pfHxk7Ub21S81Bi,74,normal,0
1AiGUvhwsbD6LrWAXU28BzApmVYX2xVe,75,normal,0
1KdvvS4N17hwnUTwYpefocK3YSYZeogk,75,normal,0
bc1qyqwggpx9lsurycfl6y9decz7uzmhf42qjqcd35,75,normal,0
18gF8cFYHNsPr3rycJzAwmxZfj7n4VtW,75,normal,0
3xEQBoKnVqZYox7AiQNu98wDVTrr1Gvt,76,normal,0
3AqqaTsF9tUTTzWwaskQ2VAr1nta56NM,77,normal,0
1rBU4Sq3jiAzd4hntjyaKTSykmcxLopM,77,normal,0
bc1q3ps9lf6mpc22jhmv84rjq848wm0xphgqml9sh7,77,normal,0
1eDurQW7AnUvT664Uy9XEV5QkaSecarS,77,normal,0
1pBcQ8fwT88QdK3aA8QLQLKY2sAAseT4,78,normal,0
bc1q9xwwan6usgtp3wk6c2m86e4ey28d2kfhw6nt3z,78,normal,0
bc1q24ms7naunjs84ehhzs8k4nxu5y2ug2k7h9muw6,78,normal,0
bc1q89kvfnpjwkhnpfxp290y00duzt652w8qsqsd08,79,normal,0
1DV1Fp2qJknPD6ughLtnFFYQ3JYznnfE,79,normal,0
bc1qg4kuwn0tep62gv5hecpm572yv2pjh7yhp4ph5w,80,normal,0
bc1q0xsxv7p2xpe7705e9jquywdh9349mvqmaaympl,81,normal,0
bc1qgxfhypsftd0r05q28alwer32eeldgjdphde2dj,82,normal,0
bc1qeesrnvh3elanh4k9zf6y5csrzxdnryzykt3fge,82,normal,0
1GSELUyRdBvQHc69q6KVaPFe3WZgNUVW,82,normal,0
bc1qj0mlqtt0yatggfygxxp6nevufww2r99m0zqpgu,83,normal,0
1qSqrmbLMe2ds39ANdhtffdxSRES5bRD,83,normal,0
1NdVhzL6B7kcC3umfY2CD5RKEFKja5W4,83,normal,0
11BMxTSB89bTXp5RzxE9xELUunjXBfdL,83,normal,0
3p6KiyWPmvnsLSgutwCTGCzgoUWRjCmd,84,normal,0
1m3GyxBJyhbKj5moozEYTqc8Q5q7ZrrM,84,normal,0
3wDS31H8n9MjpWYW56cjGnV9XuJvBBv2,85,normal,0
3CK8bpSB5jq1kJAVPCEn3zkbEVm4vhta,85,normal,0
3njz7RmLV4f14rRrDGQGD62T21NuDkj5,85,normal,0
1y7tvvjBoB3TZ7uMMchDgEbSU8FE7PMC,85,normal,0
1uJigQ35yETLrfY7nbswdBH7fMhmRkrm,86,normal,0
1qz8LGpUqGg649QYKDAREi3GofVpyN9J,87,normal,0
1sq3asTiuKq2FwoNNGEb4jGtkmoFfxRa,87,normal,0
1hAE96CecvsEGZ6UoWLBoDGUCfGLKdVh,88,normal,0
1xsX6QSRBXVUZgpUqAusX2qRUw6qLfbA,88,normal,0
3CHRWLWKRcfX5N9nXDAD11xZooQYSTSp,88,normal,0
bc1qajxajhc086st6evcvjmsmu67qakftm0cz075uu,89,normal,0
3oUBCQCn9DYCZ8VduECD4pCtqDHzxTVh,89,normal,0
bc1q0skzypvprpnhrts4qp70xt928khrwyue0n2r3n,89,normal,0
3LvkcxWBzV8XjbGGEBqjm67Un2BMzRrJ,90,normal,0
1HjXzj8j9bhoY6smNxFdrf5iNRnppoRi,90,normal,0
3cwUtFFH8K686NpeDp8dQ9wMRdp1L4eb,90,normal,0
1RUMrQtks9ajfeF7S1bwWMAuKvFYkWAf,90,normal,0
bc1qztmc2tpvyqtt5llet79n4mxc9wylaffe0r7asv,91,normal,0
3B47PXC48ZiNeUAhoSG38GSYLmfCipRr,91,normal,0
3sjj6rWxuiRJhiVQ18868YijZF2eddXJ,91,normal,0
bc1qj368mrcv0hm3lw9znqf73h3eamf9fqk9v5jjsc,92,normal,0
1fG5J8b8kcT5Nh6QNrJAxtFJ17RFR7s8,93,normal,0
1oyLeutY7aPmdxKcJf7z4BMqRCPtpksb,93,normal,0
3ywSXe9H1kZnAj9ARdpJ4ohQnrGkfTnW,93,normal,0
1PtWZKJUanyuFLhw6LTrMw6h65oG6Bd4,93,normal,0
1kybm8S1gDvp1nUmbpPGpjuyakf3fVBk,94,normal,0
bc1qq0xpmq70qdtq07vze6au8z0ajgytrmrvdk7wwc,95,normal,0
1pU1PyxnD8DK39STpNz3BjDXjJ8TYcYt,95,normal,0
31UXKKY6qUGgAoZCGJr8xHmGjuUDXnst,96,normal,0
1oZgCDwehhAF89S3JDAU2gD6x4RTaLmh,96,normal,0
1314jpMEKXJf7UCHYQNL87j1kcrx9NQp,97,normal,0
bc1qpmyea39eujqrw8v5yu2ck9l34etz5cwsstkfd0,97,normal,0
3yJ9Jxs4iGuEb81iPhfQM6nycHo9TzgK,98,normal,0
14hu1uPFoJCH2bjxrre7opmRiHxhhfcE,98,normal,0
1bbYbbuFR6enTadrmtpFm6GQ1Ew2QcX9,99,ransomware,1
bc1qvr475yc2ara6h50uady9myupw0l8a43dc0tvxj,99,ransomware,1
bc1qtsc4rvek775rp2hlc75f0mee3hk63y34n6m0ql,99,ransomware,1
bc1qcax66gfacpw9plrv3shf5az70am6z7xnclc5kr,99,ransomware,1
15CnrWHXHqyVi98dY3QwKSTwgk9VQZwg,99,ransomware,1
bc1qgsx6qxxx76d7tvetp5npzfy8kx3ayafn3s4rvy,99,ransomware,1
1Ex2qkUJHhC6A5JS6LxnVxTaEjzHCv46,99,ransomware,1
bc1qann0axazn8uj0w9w73feucsfqfe0rr2mm8zxuu,99,ransomware,1
1vbUaqN8CWUQCcfBbURKwjmkUhKmgzw7,99,ransomware,1
bc1q8ey8qxut0rglkjmuh0u302arnpcvhtet4v9sdt,99,ransomware,1
3SvqhHvcBME662U1hreA2gnb6dR2po9W,100,normal,0
3rPCGizFLDbvGortsRrHj4J6Ah2hex78,100,normal,0
1f87AKHzC65YwQvES7Ys2T5Yh5EkTRyM,100,normal,0
38Df2b2aZqAExQ8zE2M9F6om9JJXD6Pn,101,normal,0
3KWptYUZSDHCDkwynJS7esreLBsEoYUy,101,normal,0
1fpJuMg7fRUDdPQzhu5VBy3ZHeTKfuyi,101,normal,0
bc1qng5slff7k5uvnnee4zz3ku88wcnsh2l20xl9t3,101,normal,0
1MqPS6crMYg4SLmWYwi8vQg72F4u197M,102,normal,0
bc1qwqj86qvfatvp4wkr74sveletdkzv74h8g843kh,103,darknet_market,1
17JFygmnSSS7FouymJYEBsEPhKnfKo17,103,darknet_market,1
1mgXpLwmGBMk5BCNzWA1jXUN2CHy5Bkq,103,darknet_market,1
bc1qzqjzjrx0qmpy8k2augaqz2hvrf6es7kwdjqptu,103,darknet_market,1
bc1qcmzl5l0x3fl84zm0vq04j9qla6kaev6lg3yqhs,103,darknet_market,1
1z7zHLfLCdUkyMte9krDH9TcDLL6LdhW,103,darknet_market,1
1RsyvU79aVmMZknPWPUWTTW2c2rT6q9g,103,darknet_market,1
bc1q7p7lyp484faz9gamm0ze850a87hf7y2wt48mty,103,darknet_market,1
bc1qyll7zrkts7xuva2lx8s0m3w3q9xxk0cqfqs5da,103,darknet_market,1
1odNWnws9JsqjLS5viXRXfjCdnZrjaH9,103,darknet_market,1
3eePegvS532woBF7j7YkXMqFrtosG7zy,103,darknet_market,1
1zRqT54gH83wp5VqQfhv2CM7mVR9hdcD,103,darknet_market,1
1YVkKFDpBUuatsD6e2hj7E3t9z1QrTdb,103,darknet_market,1
bc1q69m78zg4p2gljsq5cl5hmt48yj23pujep49fp4,103,darknet_market,1
15tdzgmvqt3P5Tfpg6ycX9Jo373YZFiP,103,darknet_market,1
1LswyF242rstDbfxRkkp2cX4RrRm9UmU,103,darknet_market,1
18V8zgzQPDNU4GF6e1FTpqytsbd3t1xo,103,darknet_market,1
14549VCK3MPfiyGK9fSXj8j55HbEYnpu,103,darknet_market,1
19vaFLpcE8QousA3GmViqW82Yv3JJeRL,104,normal,0
bc1qpjf2pvv47slxvjcsxh90kk6hlpt3krkj08mnjd,104,normal,0
12V1W3PXhwcET4e6JzgcM5VCHrsJHxY9,104,normal,0
3xVeM3cnF4nHH2kwwwPbn3fGP75ZV8Z5,105,normal,0
1MdQvukT5iUyKA2MfsQNTziQXKg2BQ3K,105,normal,0
3Rqi65FdZdhcoTbo8wyat4fXjaaVMJDv,106,normal,0
3GNGtrQFWMp8mGVoyTQ6PcZ5QiXfFVsT,106,normal,0
1W1B8THqcnXp79x3vU2mB59ZxaRzUP9S,107,normal,0
3GnK8NzuzNefg7o35pPVThVpvUKqXm9o,107,normal,0
3Jr7FLYN4dazaeZwUKMRMqCA3upyoEUa,108,normal,0
1ygM7PKB8KJYVFyBKHfq7FjJA7EcvZqB,108,normal,0
19vWK8nnw8VyUYH6x9Joj8Pt6psFo5MB,109,normal,0
1nsaMDvcjvyh3hh1G9eRxFkDHXAYuCoY,110,normal,0
1Dhy6awopE1U5YcgEnC3TmHgRheGhPXa,110,normal,0
3CyLvFyKjYYshSfPbXK7F8yzqqKTVMGj,110,normal,0
1ywsT4crMHkMTStVUSH4JYoFNhu3LVTF,111,normal,0
3BbErh8ggN9fb2o2tR6rnNPrrc5i4aEQ,111,normal,0
1BvbSxnFKtBQNTEcoG13w2qa7ZSsY3BK,111,normal,0
1FhrmG3Jp8usRiS9upyJx655ZonqoT21,111,normal,0
1FTcJXKmbZGR2YoSQqbn7VFd2SrFVQXd,112,normal,0
1LNAth67cBExYeG6ASgvXaovdqF4rYHT,112,normal,0
1XZcwpo67Um5R9q1Bap8BDVx83yUYBht,113,normal,0
19pxcTS1K8UKoykJaMgyQdiBAKakEtgn,113,normal,0
1fHXWENpow9BanvX1MTCAX51LmDDm7bW,113,normal,0
3SHcbijD5eA7oEJCHd79taeirRNdrwef,114,normal,0
1tpxgjXEB1sFE6tgAABXx1M5z49ZtVUj,114,normal,0
1LZq8GcSRrRnXPLvaMa6yfvEBhvJnAvU,114,normal,0
1QwWrjPoUEgcyDRQCp1DVQaD1eLN7QHZ,115,normal,0
bc1q73r2ad96u84w4n7ke2pncr0tu45eak6dw3keud,115,normal,0
3vv1LJcP8NWdvm6dW686Co6CMeh2rBs1,115,normal,0
1QW6yoGLvkizxDpqp9L4RnKCJ9dMTFvD,115,normal,0
bc1q38dy9xnrs3n7q0cuypp7dqmcxd2wxvtyhjrpyt,116,normal,0
1yFqzZ7TUrJdSe2BZBLyfmaDdq99jNs4,116,normal,0
bc1qr0ycq7ytfysxh7s9n9tnlvt5qz2gdhrrp0t5g9,116,normal,0
1RkuX3HTCBSkav7Wt6Pko7ixStt1BM9d,117,normal,0
1kW1YijSUr4LUHph8fttVZQrXnNwbQ8s,117,normal,0
1UbqRxk6A1NneHDZugoxWU4WK38xYWQ4,117,normal,0
bc1qd679azvkqxhx35nr3a7s6pmvt2dj6v8ejmh4ry,117,normal,0
19JJWfshM7FF2nMF5gKonfuWeThfNbRX,118,normal,0
bc1qrmlnwx2acqvu2lzhs9s87tff8ldctuqfuknr7n,118,normal,0
3TTTDh2gF9ggZ6fdoT2MgGBdhXk6Q2pf,119,normal,0
bc1qhdx8pchx503uys5uj82wy4lt3rtwv87aj8crup,119,normal,0
1GsXEH7Nim5WznYqGqHNKmVNsVmHdJf3,119,normal,0
3AaK2FyQdQnKLnBdhLXnVkKAptm9AfKw,119,normal,0
3HQoZpxaSXgzBPiAewZMaQRxYiBxaXCX,120,normal,0
bc1qger3t7p5k64whhjdhgxd3kk6e59m4fghyx74n5,120,normal,0
18V6XD7beEfYLd1eUxz8oyVriDethgqW,120,normal,0
bc1q0nyzcd5vm7wpde7gfmmny7mfancetcccnyukgj,120,normal,0
bc1qwk75hcnyy3szhks474pkrwl8y95nuaame6whnj,121,normal,0
3uKm29rr5xsmnpMwQzrVpyECMWFWQNDk,121,normal,0
bc1qlp5568c6xe5vkxwap5dpxv2tl0s20gnvajgnxe,121,normal,0
3dPzynxdADrAELC72bfw3r9bP5MxMFjE,121,normal,0
3pER4VVSDErReu86CZeoa8BqE8YpfPpM,122,normal,0
1E6tZQXHZ8W21RtTSw7PQLv5UwiLFm6i,122,normal,0
1ftExpjKQgTuBTCCaApttjCQy8sB2YEL,123,normal,0
1QvHgM2s2N2yX3pxAT3bRqfoaBB71PzF,123,normal,0
158XWTwzbV9wfth1LXXzzH9MjbQgjn7X,123,normal,0
1vwdD9FZ9tAFj6p7nSKyg7GFHCojLNnW,123,normal,0
11dXXwPDhxudSVEWgHbV8pJirZNNzCHN,124,normal,0
bc1qqmwv6dteag2eqa4rgcrc7cgavek4tlsuyxn9m0,124,normal,0
1ncjLEogf54qT9AXuBqtGSsBiTSeDGvP,124,normal,0
1h8aLa7rhfXFjVLu8bpgWA5yqoNyJ3Rv,125,normal,0
17xrJvooJzHhZNTjvHP617ntYGeYFeUj,126,normal,0
1runYcfvdRfaxjR3f7evsi7d78qGQekn,126,normal,0
bc1q7lu2xjqqqhkw4nxjcfntqdz6pqgnm76tnzdsej,126,normal,0
35D66nfyjSwHAnNbPS9R7wpuyytKgd6M,127,normal,0
bc1queudtsjrjvrrhnq59nh97yn7gqgxk4xwzv5c2w,127,normal,0
34zPXxnA5kP5oJdHzo2nfYUnq9SEjVLb,127,normal,0
3LNFdtyZTArbkeMx1g4nqPe8r5g5aToB,127,normal,0
1SdmkRtTRmX9wNC7LPCnUyHY6CHSDFPi,128,normal,0
3NVq7aH2yf4c4kQ7B1a11MRL2tzddQw5,128,normal,0
1bys8tLK7PkCeaBz7YDfAgNWjcvRsV8j,129,normal,0
3NGQAGuYDsS3P4Xtvjnqve7wa6jiMadd,129,normal,0
1McXgRLYsrKrkm4av3D6LzepzdbCiMp4,130,normal,0
14LRDPb4uukxUpZawCZQkm3E7WCzFnM5,130,normal,0
3YEdhg13REzm8K1zGjuvNCRuFQvS3AAf,130,normal,0
1jHyUkdnxzhLEyipJTm1TuTRJvzDurYH,130,normal,0
3knmSKbKKwdH7q8SuyyD6cwYD9a3XX78,131,normal,0
1fr3jZrDrEoM3d1ANxHCPWDzi4SRAKZ5,132,normal,0
1hDNjoV2xV5vGfaKcBAcM48k5Tab2goB,132,normal,0
14uRrd8wFqh3db52iuXdiRKkgRVpGkYg,133,normal,0
1hWXzAWbyQFAKhoCRHyBQp2UtLA3WTny,133,normal,0
1FS9vhPESTyTWoVVRWQNMjS9oaEGEnDd,133,normal,0
1cyBjRaUCV2mERdjCJpkdrAiSdstDATM,134,normal,0
1xp9qYMgqgaphy3k7s5621xx4Nw6MzPD,134,normal,0
1CKL7tcBzyABT8bgTBcchXmJmwzG8jAV,135,normal,0
139yRXRXBr2emuQVedCVz2YjdPyN6yQ5,135,normal,0
bc1qtyakpe2ztcmkgezzvvcz4q75nylahzfuz0mcpm,136,ransomware,1
3Ug8f9aKNoQtmx9QdX52VQTGEMmFxzMh,136,ransomware,1
bc1q7san6zxk5wsekar4yhg0nqyaknznee8l4elhsv,136,ransomware,1
3w1LHEAK22iiqT6QWrAVhRcBfVqM7JWJ,136,ransomware,1
1fWKBe9M284xMcXQAMvoRc2hUiMSCMgv,136,ransomware,1
159A7aBnG6qQPN6TNq5YSb4aTisSmAcu,137,normal,0
bc1qe3fgz0q6rctfa0lkrscejpenjt8lw2wtfd83s7,138,normal,0
11EvCxNEYoRoMWSfqBYXcfKsjwG5g7y1,139,normal,0
bc1q8majxf82yd086hxkk2y5af5ts23zvxud035kly,139,normal,0
bc1qlazurv6j9pqxwc3papc9ft6u8370jcgpz8nrtt,140,normal,0
1PpTmq7FhiWAvmzqDn1zsZt7YA5mLGqS,140,normal,0
18ECurk55HV8UPjS1mfLNRQELUgeXhge,141,normal,0
1Y3YMP2HmXxtRqbr7UmegyPkY2R3Yqz6,141,normal,0
1b66Govnh7WRpNGfX3MLcrnwVEgT71k9,141,normal,0
1aYCzVKwB3KfNU8kAv5DXYG1RrptizCr,142,normal,0
19pfd2VYQsmU2nazmQhb7TX3JUcmU556,143,normal,0
1jPXSZGy982B6dCjDVjbQcHX5sjCeT8c,143,normal,0
1DAL9pmS1Q4Zs18ajJea1Lyt9MGxXtED,143,normal,0
3XXE7CRchhbwt5Aj9wZAxq5XZ5dBGhqT,143,normal,0
3sZyTixqhBGfaKYr5Uf2T5c6nzrAri3Q,144,normal,0
1JWitNLvbfMLwXZYRqxvmemckffjsd9X,144,normal,0
1mYNbagh5HhJJxKfZFMzMGdDPLDuNakT,144,normal,0
3eaC8ooyKhGEfshvNCyitYQGSXnJdWbN,145,normal,0
1f5H8RucS15DtHYWceuJZdTDJ4UhYf7X,145,normal,0
1M89C8Qqt43w5J7cbJ9s7pkUE3zjd418,145,normal,0
bc1qmvswfg76uwwass2kfzvpn2zswfra5sctffnqtk,146,normal,0
1KzFRfyX2kdGim5Vnt2RdPQR2YUoVU6U,146,normal,0
1FJQHXBBFweiafatDw3RQ4qF6nB6gmc4,146,normal,0
15Fx6g4dissxxpCKcXUzBG2tDfn55r7J,147,normal,0
bc1q4ya9hrkxhxd8hc35s90lxzttxqtjucz93f5rm8,147,normal,0
3TRRLQ2MYDq2EUrhqAVxesqp9isLSGA2,147,normal,0
1WRyixU5fKPuZcX3xwX5PNDLZB17Apnc,148,normal,0
12ZEhaQ2VSNtgWPgMKQ4tae8yVqYUqZ3,148,normal,0
1L19DTdDTtuyAUcdHE15Bw3HoXs5FWBk,149,normal,0
bc1qrutupm6hcy5n4vtvauy2pr8mhzztftvhlhcpcn,150,normal,0
3w6766sp1AbUYz6stmiA41XC39KvQkku,150,normal,0
3jd63BzLN73e63g1uDsBzSuY7JeKgva5,150,normal,0
bc1qltuhmnfhxaa3648a7w9a5lpnhyvu8mfy3rcteq,150,normal,0
1qdxmC1xsBHT6YyNA3y9GZfYJDoCT3r1,151,normal,0
1eggDUrot3WoecKbqW3KN2Tehs5XvyTW,152,normal,0
bc1q0v45ku2m4zfl8hspde0v6phy279jcljucvfcr7,152,normal,0
3KLbmch55Ax8w1G5rrsqJC8qVN8Zrvrb,152,normal,0
1gtsr65BANBaumbDXqhP2NwRsqU7tZrt,153,normal,0
1BDghXrepm5pFvjrYcrWRMiQDz33VD1d,153,normal,0
1jQiNTpv1MxW69v7facr8e9XYccoqN8g,153,normal,0
bc1qmmu22lnd697r87jpn8df6g4km6mm7t3mu6pk49,153,normal,0
bc1qhu0kezh4vfselq9tulkh8ujz08tej9d8h93gh3,154,normal,0
1is8xQMTRjakJVjDwhAERPDxjwjGYYJU,155,normal,0
1sqa5eWPLiFVDmxJvXRJBXFVz92rGiYR,156,normal,0
1xjatLpS25dy7GzKHtGqjcwgdtaChYa1,157,normal,0
12MrmrcTdN1XDC7oLoqUHmtJeDhSjvfd,157,normal,0
1dz9FTx3EWTbp57kcVn9FpEEQ73H1eT8,158,normal,0
bc1q0zfup76gk0vqqwc272kedcg3defe9lx4wg938f,158,normal,0
1qyqLvkUAm5vzBXR1BQ3bCkvzT76qBE5,158,normal,0
bc1q894g8yt94dg9h45h6p6jjp9d3vzf9g6aw5v6nx,159,normal,0
1JwN23q1r2rjm2xto26MBqpthe66mDXt,159,normal,0
1buAfjdbXKYar5ACuqKZgs3MRX3ZUW23,160,normal,0
18GTAtJZFMQj4QLuBsdRo3cn3hX4TEGT,161,normal,0
1va8ycap1HhoHwiCcXYyGaDRnqDai5SJ,162,normal,0
1k5AmSgkKoBadijjoLTLB2GyTqn9Qoow,162,normal,0
1E7LrH6Wx3uRKhRBPqQqKxx3CSsFokQN,162,normal,0
1CKDxo2j6XRLTsJxKZduaZ2rFo7QGcmZ,162,normal,0
1eMyn8SoFtAt767nfWaWoys8b4fDGe6h,163,normal,0
3YE9SiMF3yTw3o56qgqZYqMR7WZwTrco,163,normal,0
1vfa1GmRNXhmYHoKuf8oT1ygkESQgsP9,164,normal,0
1FFSaXNv2e9qTDBuoBEffZA5GVJNNT56,165,normal,0
33am78p9Urw23Dx4ayEQRSyf6uxq2RAk,166,normal,0
1MpE7CrEHzNP4uUZcCUd7YhwYUqcizAg,166,normal,0
1avHKp38GLzc1saVrDNLGXxjcpza9T3E,166,normal,0
3fu4ZQden5tKKdC2nVHetBSqfndghTrg,167,normal,0
3RxrjKvcifqfpokkqwW6yaKAbsQeRhdG,167,normal,0
1USdc4Tgm2cXASh8WqTz2iVCpELcoFaf,168,normal,0
1jjfQiGza9jzcq2vuKu1zPTyj8AzmdgU,168,normal,0
3DxeViThA4oQFhJJ2zYVVfKSB4nVy9oS,169,mixer,0
3Tj9f9P2ct6pxYohuXR4Bdmf5rrH2Sak,169,mixer,0
15DDDWF69MPnBDPS7Wb6W1EwzBk76fB1,169,mixer,0
1FqUGuZjM9WYbdPR8DEV5zjbKLHe4oBx,169,mixer,0
34AxSKZ3u7UJK4GVEkHv7SXb7AzWpsYj,169,mixer,0
1C51vBh6yYzuebuC7hDHaTBdbNpvYsok,169,mixer,0
3FqUxuFxubGy8wZCbkMT2NFdqVp2Ysme,169,mixer,0
1hUSk8WXm4SxYGzSartAxs1Qq1RbA6jv,169,mixer,0
1FhPMkB6SkxjQ1rNbV7kHSdAo5airC5d,169,mixer,0
1dSWqf3cebrkJGUgfbKsbx2B9z3wNt3f,169,mixer,0
3FjvbUofnmHZKi9LyfNwpgZch5i6KPVh,169,mixer,0
1Wtq3miV6PCGzbSVRXDbrjC2gVJRr5g5,169,mixer,0
3jWYgbYRbAwgdUZYnwAvv9MadDYp3sib,169,mixer,0
1a1SiCkhsGQ4mJy2jzxQqRRogNkWd32k,169,mixer,0
1JzbCrpNwQJHCaSWeSD9PuugKChGh9kb,169,mixer,0
3wJsSvxFxDbzd7NSBH6kkMCbqNoXCNRB,169,mixer,0
bc1qn2nzljg0em858yyc4ephk36rftm6nlx7nne7fd,169,mixer,0
1yEuTXowa7GtUVwM32gJwAmxit7Krs63,169,mixer,0
3CWRga8meaXc4fov9qX1JQ9GwZacwrPS,169,mixer,0
19NcttrUT4MxreZTsqVbVJLxB9YnNZNp,169,mixer,0
bc1q33amrgg5h98nn5f0npy3fvd7lmlsszazgvwwlu,169,mixer,0
119QwZpnBQKE5aEtuCnbtu7p9Dv59DfA,169,mixer,0
bc1q6xddqyxnjrky9sa3na6xsh7t4dw8yd5xfewfd2,169,mixer,0
1CAddgEpTyB7oUtMjwe5hLGccAGzBMiQ,169,mixer,0
3GsdwzbEMcLJT8YoiWppyYFBtSKG2dNH,169,mixer,0
bc1qz8fzn9h9a279rt4ed33jzxwqfrqdht43e2kmhs,169,mixer,0
3udwsdM8W5PvxBExodzx62rAidBroepP,169,mixer,0
36LDXJixpZD4guD1dTX6EkeY6f8AS4hA,169,mixer,0
38EB8xkmWTWqj948frpk688RS79C38go,169,mixer,0
19oNjpaqVGDgpoE3KdDURNEb1jCWiyjt,169,mixer,0
1a7AqsKC76K2sckSha9Nx1djM9AfKR92,169,mixer,0
bc1q7gx8akevqnrsm9f2j5a2ay4v8rcygzk4c4w6vv,169,mixer,0
bc1q2rtzwrvm5rwqrlvdhjy79jxv0834883f2ug7wt,169,mixer,0
16YBUa3b1a7tojQV7Ae2xo7Nn4W6DZ3T,169,mixer,0
1G4WnFN64uxKQaJYLDtSC8nD22dUCPbx,169,mixer,0
1PVUnUfHY2E8c1NDjtxrDfSButVHvUyS,169,mixer,0
1A6Pe5aGv9mwX234JSTU7LNhe2q5s84V,169,mixer,0
3jW8H32piHeGbrc5undqmwnhmJd1MGjn,169,mixer,0
1sC3HgfZ3teLivfuYSsfaYhFi5DWeVk8,169,mixer,0
bc1ql8w05jcv92fx4xc76u4c2j76hrwa86w2l25tjm,169,mixer,0
1Bq8VyyPaZpFdVZQV1bC4t2Hb3TXMXj6,169,mixer,0
bc1qxty4k3qg8j6v8qv3zhdzlgpsq7xtdl3ulsshjv,169,mixer,0
1VZLA5V1AcN7RABPeqGuhTJbb91ZdsrF,169,mixer,0
1SbmZFg3yU9HSXAqaVfd5U2gv56L5Ev8,169,mixer,0
3qoGPjqfhuBuxEnT7FEXoTz1NCG3HMcZ,169,mixer,0
1Nrvm2BQJqLYAH8g7UMi3xDmKJ2sdTSw,169,mixer,0
1qpXzp5ra9mHfbdqbh3bbo1xSWvcA7J6,169,mixer,0
1Taw7sFvMgCShRHbUgjbgtGmeSmgcVLZ,169,mixer,0
1Lmzx6MNeHMtj488g9ofkC4wkrXQGmRy,169,mixer,0
3P85X6Uko4FvfbqrctSETMGTni97ZeHM,169,mixer,0
14RY142fiidLt9LaeHC4KRRkxJszpxcg,169,mixer,0
1YT4MsUHB1usLMUxQYqVNbz2dVsLrMFD,169,mixer,0
3tf2U9GwsQHtSyRs9whCrTNmK47ShNff,169,mixer,0
141mkUBwC8CAKCqtVUyXmjXLS9qMg5R2,169,mixer,0
1CJn76QwZuHbtahR41qzb17XeaSXnYc9,169,mixer,0
3B4EaHFpqyXNFUPmeoRxqb4WcPuhBQHZ,170,normal,0
198jcmqFZMyHQtqJ43kUHLiQKiWNpAxD,170,normal,0
1rSqEGjKiikpBYB2DxvcbRkBu5zXPn1i,171,normal,0
bc1qjjrjjv4fr5yfw70nh8axjsva4mny9y7kw9jsg3,172,normal,0
3A8ijcY2SuBydECaxZ4ndcEBA83u81CF,173,normal,0
132ZvhfjxctkXnR81c6uKDQRs6K4oGzc,174,normal,0
1MiGi6eZq4sXJTsqrwci9DMLTxeMvks7,174,normal,0
1uJNpeRVv5N2zm3UUzjRUJ651ziSQLx6,175,normal,0
1KcARboddgSBRfWs1aFbUccazhd8Xakj,176,normal,0
1HJXr8Tvo6gsoZAXDtLtb6Ezror53HN3,177,launderer,1
1rcjgSFkC5WzKEyssoQVHaqyuGNxATa4,177,launderer,1
1JbU3pUVDecFnHzLbZDcLCMtFRthwLS9,177,launderer,1
1NN4VuVJn4SQVgNP6QSBEdCou1f3bNzr,177,launderer,1
13YhmLo2jf7yF767WrZR7fk2ANtKnVkR,177,launderer,1
1mCBh2SngQFMuJm6kC1z6j9CVzMsszdP,177,launderer,1
bc1qwl3z7we9x4qr2g540tlfm0f80kq93fv3l55m7g,177,launderer,1
bc1qv45swyj3hyk9felmrg20tzxscpn0fcq05zfsnj,177,launderer,1
1SCK7WbHCe4hCjdmrAFsFLNw751ps3d3,177,launderer,1
3zTvk3PG1hqbcTZHG1Ayz86RSVFs9g1K,177,launderer,1
bc1qd0axrqd5jxx290w86qcg0devc7c5q8z0r7v78v,177,launderer,1
1QNcc6oeyMdpWmXBnm7Rca3n4qrNGXbq,177,launderer,1
bc1q4dfl9g9a4j6kkzkf985ure09093f4kag99wzq9,177,launderer,1
37GQnD3zrq9Z6TNy4THSD1ku4PnsfFvV,177,launderer,1
1PSze7gbF9r5k2iBf6Tkyukp5XLRxf3x,177,launderer,1
bc1q3sgta6trr4mljm3wvtemeguq0mscxe9cs9v86l,178,normal,0
bc1quahm6sjgeph9lxdr4rhghje3h56rzt2rkrxskz,178,normal,0
bc1qtanrstmwd8h0xk9hr8kds8l4jehcu8mnmf4wug,179,normal,0
3WF7kz22biko8YauPBA86QocV6cJMBEQ,179,normal,0
bc1qupagwxw9vtnueex08k43qaw52rn332ayd95mdn,179,normal,0
3s8rEqSathm6YB3D8DRgPPnAarSCo2fi,180,normal,0
1ohwYsGP9oQgPuzxjkEGABAhmruVFmgD,180,normal,0
bc1qx3dsz8ces370z8at7qgd6zvjjtyenwj9affaac,180,normal,0
bc1qpfr4shyh584ktzk7h0zngm8na05gsdt4ltgyrs,180,normal,0
3kNNUJ2dj6doReEeMVcYPtC4Xt1t92HB,181,normal,0
36AL5DdGqnUzgSWbdiWS3daXE5BUYzXF,182,normal,0
1frC9ViRkq2WNmdabgXibTPGvhEhkdzm,182,normal,0
3D8f6hrRNLD2ZkosehNCF8A3B8e5Pv2r,182,normal,0
1tRJKdhWtKX1n419TcWSLLbjqUYSLdVe,182,normal,0
1GPMmFXD3epRJdUgCWV68yhdiP9dmRFM,183,normal,0
1mQeWo1CQP8BaBWTkEULG6wMgKagwcvd,183,normal,0
3gSPKTjUGLNqHxzKpFLnHs5szLg8Sdfe,183,normal,0
1fGvnwHJeVKFdyJyTH2aqkvjmcBAF4eN,183,normal,0
13XMLzwaPDKhnsTQNXte9wr93G13LJdU,184,normal,0
bc1qteppy0v6f5jrmejntsg65gr4fldeuc93hemxld,184,normal,0
1Ei72LFjVneTZpmktjSsubv23csziMnn,184,normal,0
bc1qr4cckvtpdwpcee9ag0929pt7ff0g2gejuxw58v,184,normal,0
bc1qxcc9l4r4wujx7yznju7dj4srgwayap5dan3pst,185,normal,0
3KnHZopAGYGhDVdr5sC796648aWZ3GmP,185,normal,0
bc1qqdn8z7ddazsjhgxdc2rlaa8sdsnjsee0eellmw,185,normal,0
bc1qnewzjdtvfcnugkdwzynccqa2u6tq6a92rcal85,185,normal,0
1jotAiTCugoKjqC3UR5NjHgZ2ijcN7DE,186,normal,0
3Fibqw33JdbwwFnwB5ui6CwA7vCs5QpK,186,normal,0
1y8nQbAxUbTbYSLz17qe8aMHcb4RLLq9,186,normal,0
1MrpRhSKxSpLrp8fUo9EKjC8gAnUtAC5,187,normal,0
1ydrxmx86XxgVAuqTegfgJdma7iBZmD8,188,normal,0
324FyUUT2pmpBn141PDpBbNDbSDx71Mh,188,normal,0
bc1qsffyu6p8tdtx7hvm705eacega7gqdx5yn2tyzs,189,normal,0
3T8WZm8PeTewbiGbmLPjYCpk2nuoAmSR,190,normal,0
3edzBNMFfJjUhh1qVpLy9exf2VJhXAqg,191,normal,0
1eL5qVdgSY2c1csfWLkkYHcPkgwdKSJ5,191,normal,0
bc1qjln0ct0nc83ct9x3ttl42dkjq7g0e3pymhyj7q,191,normal,0
1RqkS7eyxrfPiE2PRK7cHrdDuVbjwzKU,192,normal,0
14ZqXo2i8aXBTyit328hqEUQym84FJKL,192,normal,0
bc1qy9nvddd80phflw2jzmysmlnrgvnc7ggn0z69lp,192,normal,0
3E7Bmvxzf41pGS9jC6x5nrXGrhAhWYBU,192,normal,0
3M7S8ZMYQg6V54N4awh4QLf6HVWLJXFq,193,normal,0
1EPrALVxaopwoK8vswW8PeLmtdWDHKwz,193,normal,0
33NFYZb2FD8aET6xs5mDGuiafCU3ZXZb,193,normal,0
1jEMoFXttsZ47Zdx7PUkXDKJxRY6pXVp,194,normal,0
1BetSe5LFEuS9efdHyRhsUHzN4gedes2,194,normal,0
1zKBiKRJpZraLgqzvjgoWeQVBcyQuryY,195,normal,0
3obfjzjwhv5u9LabDhfxVz6W1NqeaLHN,196,normal,0
bc1qhz6kp02c7wx4rnavvfgr6n2x0ne9t288h60h9y,196,normal,0
1ixMP8GoU3d4maMubt7wZn83KM4y9LEn,196,normal,0
39V6EmPZofSdGEPGtg4n1hNbMxqvU6Qh,197,normal,0
bc1qhyzdx2cusu0phld6sjj5u537xnfpmuj3r83e09,197,normal,0
1E1HAYTEU9wZx7HhHkJW8aqeFeMsE2dT,197,normal,0
33TYSHmqxjxfhm1dCCZbqwJgZWqJxMqP,197,normal,0
1EeZqaz5ZYEcXVipPZFoFESKqXV1vH7F,198,normal,0
1H5iwBxxFz6g3oiPVW91JqJ524nmYmev,199,normal,0
1gL7hAAqJbW2eopcXApRHxdTECCQ6YvL,200,normal,0
3CK1HvymikECT77bvg43DLRaU7mRE4X1,200,normal,0
1SVmiB4Ar33fNrsGSztTo95dQDTbe21N,200,normal,0
1CEeJq6Aojo2eJLpuVtvXyCRg2EkCTih,201,darknet_market,1
17F9XT6iWfuLoc2k9JPumPebP8R3977d,201,darknet_market,1
3Mbev6BtUbySqmKoftbyTHXcUsyZkT9E,201,darknet_market,1
141ZaJLWH2ZpFVujc6d8d3YKgwd96UL3,201,darknet_market,1
1dpoqaurzDSfoh9vDsMFJbJZUJV3ZB8F,201,darknet_market,1
3aTMJUCAnw1B5BDpoYkpAx1PzN1yEqE1,201,darknet_market,1
12caRGsKpnSWGe8g11aadrrd68H8St12,201,darknet_market,1
3ww6RdqphAuG9kYDWpvekbrdoWpng3R1,201,darknet_market,1
1oNLbv6wxcUXHRG342fuveZJkFGU8y7o,201,darknet_market,1
bc1q5rfnhkuu2wnsjlktvwa4749k296a9gwl0ata3q,201,darknet_market,1
15YHmMz9WFsPhDTLBFPW21K6Bg7rc9cm,201,darknet_market,1
1c8kT5hCshMPd2KjxzS8y34WfCF4HUT2,201,darknet_market,1
19cGaAW626oypCDz9dphU5P692izHbnQ,201,darknet_market,1
1pUUqMFurzoqHLRo3yLiCzAVTFwhLRu2,201,darknet_market,1
16NG1QYopthEoLYwAHGPcT6YTbBBMq7p,201,darknet_market,1
3uWjCSV1ZSwTntRPmsSAw9J5gyVyTwbV,201,darknet_market,1
1wJsgKXWv6jBe4hEQ13T7tZLZdXLA9GM,201,darknet_market,1
bc1qd2tkl687ze6axh0vgmgpld5ku2ttj2q773d6cr,201,darknet_market,1
1jpJ6toCGx28nS4LgpaU1uGYA7noixZR,201,darknet_market,1
bc1qq4j7lxpr085fwpgpc82ycw0y9x4gx8u7v28ya9,202,normal,0
1x7zz1CtKc1koncQsPWxZ31BiHjxKDtr,203,normal,0
1ySCBu8Se3sRfjqRcPwWHSjX2RtVkkP5,203,normal,0
11EDQ3uiarHzsBKwEmpm8gbxFd9KbwKZ,204,normal,0
121L7pUftt5u1MwF3A7Q5RXoQqtncRmK,204,normal,0
1sGFjxgxNFLc661M2u8yqJYTHrAYZute,204,normal,0
3w8MXGcNMpqx89br5zVYNt79FeQqdYZ7,204,normal,0
3WA3P5V72WE4uZW8QRtHqiXbiqFXjo4E,205,normal,0
1MLFa2rCyVKu5vLZwMnWjCR4BdCNHrqS,205,normal,0
3SAzVCcavL3VTUH91VizRkEAX5xvnENE,205,normal,0
1aSekFC4mNrQrGH1Ps2kavfrAXDdTp6z,206,normal,0
1wVUHr1MDkipMTV4pXZfyWYnNPHBUw5e,206,normal,0
32GvsaHAwCXExSpv9WoEC4nCCiAX77q5,206,normal,0
bc1qd7v0fdd2du07kdtkz54v25wx2f6tew3p03lefd,206,normal,0
1c1bFd3pSqMH4ByPgogucM7mfFpfF9Wm,207,normal,0
1qYCbx6Bzd8uRFPi4LrduU49vUnTVSiN,207,normal,0
bc1qu2c307c3cd5rmh3kj3gdcqehfd0chq53arpq48,207,normal,0
3oFNKNsnkz3FwSeZuctcKmsEgDqrGDyB,207,normal,0
3biF89vsJqJ6Bye4VrNqfSMxgfg948AG,208,normal,0
bc1qtw5g7yrgt9vkynatjs7a2v8wg20ckn9k4ec75q,208,normal,0
3xNP1M7JEor97eh7LGjv4awVYeWh9HWf,208,normal,0
bc1q4cpxlvk4pqecnvy9td2kty9crmfnr6tccddq07,209,normal,0
1PosjhSBqyLVCcTDeqHyCi16wBsBGJ6K,209,normal,0
1XvKi32nFg54pq6dFGQqDbgC9BLvW66e,210,normal,0
1w1m3T2aAWYj3MSJS8kpTvv4XUx9SKEn,210,normal,0
18ExyDsT81isgHKn6UL9Dn7RPJzuK8pD,211,normal,0
1WXjzRaQXTzq3UwmEsHfKCg3uJyUt5XM,211,normal,0
bc1qcgkqvpesjw0cqlrgs9u3kxdevk500pgpnykd6t,211,normal,0
1HkU4LYwihTp7KFWZaHJEW4SoR6bqVvi,212,normal,0
bc1q34awyc80mp3xs2lhruv3p3ghwkvhf2tywf2ty8,212,normal,0
19CpCTTywXdiJr6g2rZVZiZUNEZqNkft,212,normal,0
bc1q0yed6cz8aunfgx6x0vmjctlc2fh6hnm28lquw2,213,normal,0
3t4mAsxmkup5Wob8TXZx1RhRiJjFk8Ny,214,normal,0
3exqqz47RiwHyreojAzwiZ6N1DVr38X4,214,normal,0
bc1qlmn22xapdxk65u0v8s8cytt90392h8x4duejkk,214,normal,0
1tfRhiCiHNakuyYz16C1ppKtjjALBjyQ,214,normal,0
1CcJdVSuun4GgRiqV19qKGRM9wqzmL3P,215,normal,0
1mqUHZq6mbuVsQrJk2GxSumJvyzZbA8P,215,normal,0
3aTKe59QeLduYwyjzC9p4HCfaRCBTdg9,216,normal,0
1TS5WdeTCDzPRgeyfjuAepfsocGEMqcp,216,normal,0
1ScZWnYVgCQrU1L8GHaC4axtHzfuG7MD,216,normal,0
3pDqf6A9S121z5KL4ijmWSAvgop5sLpi,216,normal,0
1tdYMAzhvbX93egbUiMvjRLBpsjm9K1N,217,normal,0
3niA4aCFNvF2dYUUft7gHczgS9durbu3,217,normal,0
31VgTT7aUdNXAqqioirKww1LGsLYH8nB,218,normal,0
15jDXjgMwS714YYYDiB5YP4FT6qdqjC3,218,normal,0
1Nvgpvefo5eDaXDEW3DLoCtKwLJwVKcf,218,normal,0
15y1mvXTM5rqf5sXh3mcwrP6XmGjBxbe,219,normal,0
3opt7MzvVHJntgSjQGfj8S4iYuX14K1e,220,normal,0
1vt1nLMzL8bJ2qGfsnbAC6tb2kEeRSrB,220,normal,0
3po3GZQubcSkJhmp2jVbb1ASMBfmN6zR,220,normal,0
bc1q6lg66eass77pkp4pcthd88t3lxca2ngy0yykrk,221,normal,0
1oms4xbkzkr9hzD6Vq5KRp5ugdNoGdJT,221,normal,0
bc1qw0fst4p4th3tthv0r396vk080f38c4h2ar92jp,221,normal,0
bc1qsqqfllpttccra8zz4nus0hu7u9mv2w0lwaut29,222,normal,0
1t5QZQ25QDk15VFkoh6UYt7MU4PaVd4Q,222,normal,0
3Ayf1tkXNuMx6NvJmN9zR4VMUdmfg5Dc,223,ransomware,1
bc1q3ttmy2w0fr4hs3pncm9l63ym49zk2vyrcvxu9r,223,ransomware,1
31vUvB1v3GnSDtZjPhwstSysHTo5KdVJ,223,ransomware,1
1YieE7aEemrdkYpdvbnJvfs5HfnZU3ep,223,ransomware,1
3MuM1xKfmtjEAuTrxUKE99pFeHzR797B,223,ransomware,1
3yB9DueanLYLCuyhBNSnWpZmY5wZrZaA,224,normal,0
1dfbxJS2qkMZUkVgJdrsRDykbG1wgwVA,225,normal,0
1t84vb4dyAT6RS917TMPzMoVkZTJNYja,225,normal,0
19Kk4P5TRPHM7ACzHxLH5rZegXK1Atwv,226,normal,0
1aTbU2ZrFvMuXx3o5V2GTD3ygLtJAEZi,226,normal,0
1C3tmNo4bgpbF2frxJp5EJje1erUh5uf,226,normal,0
1YxwuzdyY9vJNAcJ8EQRgJa1LM3WEPqr,226,normal,0
3FdHk2yNevhqc39jU1BngHJAixtw3tF6,227,normal,0
1afq9NaJgvx2WDwLA3F7dpVjWXKbUWQg,227,normal,0
18jL5ZzUpJkaoBD1Zaqo9vfMsiaxSmZt,227,normal,0
bc1qwe0stdf6r66xalasrpmu2uah9xagy8w2acgy43,227,normal,0
1uyxbbgk3vVpEWZ5Pe5MYf4ceLQZfqnh,228,normal,0
1SucEZHcZVTEa2xA2kXS6AGeSk7C8hsj,228,normal,0
3hwNp6cytb7AdisbaiRwisq7Zr9ut2iu,228,normal,0
1SRnqwf3x84We9FXrAecARcfzFFJznZj,228,normal,0
1WZgTxasoxFDNPmV1tYVGp7rBvtjzyE7,229,normal,0
1Nh3kwrMVkz3P9i6aXgfkypFaJnuJH3L,229,normal,0
1ZbE75L5LyX4im7qAFisMw4DSbV8MhqS,229,normal,0
bc1quyl2gvvm25vf9nyfzf8qzrwcawg7tf396prmcg,229,normal,0
1pHbGeUtR2WELKsRwXnHRCo8PphdPbKi,230,normal,0
1hYJpg8U5V1N1BzB5Zj7Sdc5ivKz7Fsq,230,normal,0
3GDr2tAUwhPp2doieRnuC8czDTRVW8fp,231,normal,0
1TTU519MpSGJCt39swv99kmFJgeb35zE,231,normal,0
3UcFzTYPgp27XxVg5MAhLJuS8JK2gBEG,231,normal,0
3KGVYiUU7ZD4matQZ447ombXG6LEe6M6,232,darknet_market,1
bc1q4u0aveh5rjde0t34de4dvpp2n9cl77la2tuy37,232,darknet_market,1
1HMpedA27xSUzGEwpaA99w9J33MFxe9C,232,darknet_market,1
34QR9i27jpgq3w58qEHbLEFd7DFiCQCa,232,darknet_market,1
18sEBGofHNvxTkKN9ELCZSLrtLgVUs1C,232,darknet_market,1
1ZUUDJCp4otePGUqWhjXhzxuGJjdchhQ,232,darknet_market,1
1XvFPSvr6NmCRSQuNdw5JYqzRBQsGxhZ,232,darknet_market,1
1TTL7JXsQFGSwemQBKyVrJqSUoMjFNEc,232,darknet_market,1
3mmT9qhyrdcyNpGAKDynqRYeAL7NX6Bi,232,darknet_market,1
1imTDphcFMJEjKTcNZpUGjd2Ts7SobAK,232,darknet_market,1
3ehGgfqyqbsj5T7PxFkZ67SzsZiDmW62,232,darknet_market,1
1YtEX9R4XmBrvr17JbgUuXczn2cz9RoJ,232,darknet_market,1
3898KSsDerLsrVSCMiJvApevhBRvmKPq,232,darknet_market,1
1uDf7W9pextehzL1ESudHZwj6j8CiTmR,232,darknet_market,1
3dW6gTVk2TkycFENFf837R7BPsrd28Sr,232,darknet_market,1
3dfJoe3qq6DFFJJEXjTvXjtEkJbs7K3u,232,darknet_market,1
15Hb67S1Keinejj6r24wLizBz3AacvyT,233,normal,0
bc1q5v4y7z7fs46ny76z8f97m29mx0c6l689xmn9z5,233,normal,0
3fEUXwZQYRKxUDf5Gcs63hYLg8jR8sdK,233,normal,0
bc1qlz5xkqvslg42r7pvwqtfrrladw6xast9rtr2js,234,normal,0
bc1q0uu4k7z9a0yuce88qc9gaaddal0kynaeqm30k6,234,normal,0
1GPj2uwrMDMrVABriae9u1sUK8hmjQYc,235,normal,0
bc1q93d6g2sgqz2gx8a7gwjht0npnqzrm2kd0uv4mq,236,normal,0
1WGFVqJQVz36SMAVT6FTjc5Lezc49PFh,237,normal,0
1JDXoSggBhgwSKJLWrvYxCMtyt1bKkCG,237,normal,0
bc1qaplqdg6n9sg3k29vtd6wc7zlc992m6uxd8qhdt,238,normal,0
1EXwv1SF9uPq3E8vFeBZ3LbruP1CA3T7,238,normal,0
1f414i2CneiNU7RACvNRnnkJmY5ZpQPf,239,normal,0
3r5KNRKVoKvGV1sp8gKqPDkgm76jVYUT,240,normal,0
3N4PCjXizqT592sdBc6umiMXc4Tj5tog,240,normal,0
19G5k8SXhckV2RhuXhUENG9ADkY8bPeA,240,normal,0
12pGWvNrGdqbdmAxGmm5EAHUPfjhZwRR,241,normal,0
1a9377rJjx2uRtPBmUSKCUVxsyFxyQ5t,242,normal,0
1CJMPFtGYvQkSMqRgXTHaVZKeUBBJutd,242,normal,0
bc1q8mvr0daelzx0lqzx9r8l4x2fg96lwahewa4kn5,243,normal,0
3SYSroV1SDThFj9wxstaUD1859ysuA2u,243,normal,0
bc1qtz6fs0pjlv92ruk48eajr6fr4057plt8yq44f3,243,normal,0
1SRzZN5kEvNDahi7JZiEXLWMPZ4D3gh1,244,normal,0
1SaMRKV8YvuVcH36f3AyWsj7Szfamcin,244,normal,0
1m7U67QaRUtaU86ddXuvRVPepnaDjDBT,244,normal,0
1ib5ePUMVnAbQGQGGeierqZBKBRSjA7W,245,normal,0
1cYfxE1uxrD1AsZNEBzuWCXqRUectiFH,246,normal,0
1hQtpn4BM9xaQLU7G1tbWuD1bdX9yov1,246,normal,0
3qvFcxnwBXsXXWpq88yqZK9M9moXiZRD,246,normal,0
1f41V6A54uAnwJADKkKYEyk4PpjXwumj,246,normal,0
bc1q5jh0x2rlyhu48pz86p3735tau0239tqfjxpxfg,247,normal,0
1ZZnEPYz6fC7KdSXd6uHRGznZThRwKkv,247,normal,0
1A2yE6Ym9ujTUQAraALSbNHwyezBoYj9,247,normal,0
13t3mypkjA2bSj46LjpRs2M6e2crNJEu,247,normal,0
3ERfnqvzDt1644o3e4aufeG5cVa8o1tL,248,normal,0
bc1qhutc2699v5qmxjx0qg563qfh0vzewl978m9vgy,248,normal,0
37ZYXSxz9jabtETGUbazjjP26oiSyrsh,249,normal,0
1SCeBCUUUVZvmZ1dmmDViS6SuMBCcifk,249,normal,0
bc1qer2n25l8w7spye59qtq6w68mv34r30djkdwzqx,249,normal,0
bc1qqadcgeuf82sc30ze29jdsv9jwrhyl2nz6kmtru,249,normal,0
bc1qnha2xyry0lhcufjmhvp3q2mn4r3dktxc04xekd,250,normal,0
bc1qq8q390mp2d7mfpg59xjggzpe678ahq2kctqdxj,250,normal,0
1UvkRzCtjP8m4aQYFaDcnkPPKN6HhqU3,250,normal,0
3uh6eFM76XjzLPvPMqkFmWm3qT9XCbw7,250,normal,0
bc1qp5vz4mp3pa9uwg7dfkg3mq6la4arhtmr3adh7h,251,normal,0
1XQrQVRWCfg58nNKe2pKhHDz6awnDiLG,251,normal,0
1gQFs6y3kiwBjeXX8ki7M2TAke8kWf9R,251,normal,0
bc1q5nwfxvy82q9wz0wlq6re4jkn40d09shz3fmq4c,251,normal,0
3osEJTkmWkPLh5bnoAGsUbZ735yGvcj9,252,normal,0
154xqM7GGJR47bLBA17GbjcBQsGC3rcp,252,normal,0
1o5yqkRa8orhTFTv1Gbdkjk6imXGpRf1,252,normal,0
1GJcQxs2sijbvfM7CEW1aQ6q8yreq6gH,253,normal,0
3LQHQTfXAgSPNRu8fCWUY6GVVokt8mqk,253,normal,0
1TqAwUGePS79pSqvRrVbF2QQYEW7Dbww,253,normal,0
1pKu3Bo9EkinqKjR5LLsSyRCYUEoE1Kk,253,normal,0
bc1qgtg6qda8cy4spgk53j4sa76wc9cky8e268wt4y,254,normal,0
1JbwTsNTPap7cgbj7z1U5YEhtkwxnMTx,255,normal,0
1TDv7BfWQvPVuCpxqT7TfLfTEYcZ56dv,255,normal,0
bc1q8sgeu8h5ypk33m4hycqlrpgpuh8aykfaanp7wk,255,normal,0
1Cz7unCnDSt38mbSFdfHPH7uEorcHMF7,256,normal,0
3mjLQysebW9hJo3cpgfxCm7WXhrzDNiq,257,normal,0
bc1qck7g4uhdhvnm077mlkclka2ckhr0mwuq68v5pu,257,normal,0
bc1q4ds552ensnkdd3dhyssvvdcqggs6j65e2gm9ka,257,normal,0
bc1qfp2qcrky0hvvlnfn7ytp3jx8e03pk9xfkltsvv,258,normal,0
1bgeHW2Tm7Wmwwi2xxxwUe46wHgV662q,258,normal,0
1aHsnV7NSXvPTUoM1iN5boZU2k7RYjKH,258,normal,0
1TTwndsFYNL39unpzHzCscU5XvmbeBzN,259,normal,0
bc1qhlhu4senqg2626awsp6f0lrazxqsy4fsnua4ev,259,normal,0
1VkT6Xnvpz4VyFv8yVLJxPWWyUCkTy9R,260,normal,0
1SVbMm3ZgzcyfYuYHsYrwQgJkKiGKvZn,260,normal,0
1cXK2HxA2xXTWP6LfVPDL65MqXrEirE4,261,normal,0
34s3in3dwJp3sTQSPoZAGpKoHNGatNij,261,normal,0
1GNCDxk9TU3hkjq1x3HW2wdp654pGuLe,261,normal,0
1VU6ZiqiTZYj1JoWoeTSjiwsvRcyAng2,262,normal,0
3n9QSNfeQ2aig5JnBmFmF1oCdnCYUKw2,262,normal,0
1vXkGgbUCA5H4P5Ey6bRR3LYLVxGEcev,262,normal,0
1zpxkBoFsZXiFvP6bpkmqxTTLxxYXL7E,263,normal,0
1QDJzTrMbu6PEgarbQhBm8YcfMNygtg4,264,normal,0
bc1q47d5nayel66lt6eh6pqre45ng3e4ml0ww674ur,265,normal,0
3LjrMMWTpvnUGptLMyL8scpCfe7ATgwz,265,normal,0
3NA4TLk6got72T7mpRiRmg624zqyvwmo,265,normal,0
bc1qqz99x4eca23xkpz9jex8aq6lpd3p2at2s3l2dd,266,normal,0
1TsPwLyXHVtSmfN3ne2Hx6hZoeZNUSmH,266,normal,0
14Ti9y9ve2y67toxDcR1JXveJjqVzy6q,267,normal,0
31EZ2EN8qooHwaetqMoGcBndKL5enq8H,267,normal,0
3XEh4udNoF9joSY1tcHxZqaSuhaprTvt,268,normal,0
1mjAezBQrjjbjCxyBazBnbz1qq8aEAGQ,268,normal,0
1UzZZNUboLkvUYThYZ2gSJMtcFXJoJdM,268,normal,0
bc1q5lscvwn88zvjpgkuqn5qvm8twvh04fqd48te36,268,normal,0
3BXRTc4dharHUim46thxZ3J1sEDLc15v,269,normal,0
bc1qzkt9z94pftm57aquwar3c6qnfh2zxpn96csduj,269,normal,0
1fQSXiZJKpS1Vcgrv2vXvN6jszdmd7fZ,269,normal,0
1bCaqkqGariNjdXJVVUPRrMez3X2QMLo,270,normal,0
3Ao1veJrgwz4YSmGLx8PEQeWW84j488N,271,normal,0
3WWwFrKgHGj5uzjHmbX9CPQWZNSH7FNJ,271,normal,0
3ohYL7SbNyiQWEgjMAGxAbQQPc2vrkpe,271,normal,0
3rDTBGEppishLV1L2W7HSteVhn7HoYje,272,normal,0
1ttumGK8cPnMdN3anEYKQnrS38W2DfuR,272,normal,0
15WPgk2jw3q7Vp3RWdsiJd3YbUmfCaMM,272,normal,0
1seUVSkGPDsUYGQyksPnafT3Y4W99bbE,273,normal,0
1fWwLBYhLgFUSwkFMXnrodTVruy5mJa2,274,normal,0
1rwzj1j4WkoFtQrhUvQcuARu2ZCwNCjT,274,normal,0
1oXteHnrt5AyZxqaRUe76t9k9DstB5Hh,274,normal,0
1gxLSqqMVHhhJRQmECQkuMJK58a7trmb,275,normal,0
3qzmN6ERVDZ2kNA4Ecuiib7meEVvoUZL,275,normal,0
178CVBbER1D1ZXyrSKWX3od1TjjXU7bG,276,normal,0
1awaSc4jL7ZRudF3FyujBRwLiNsSHgUW,277,normal,0
1eg6S3MnzkqFfk2RsHstd3donqYi1FL9,277,normal,0
1j8nfVk48c5pxQcd7DSbAeSW1WJC8NG5,277,normal,0
3hzSo9rxNBSs19C8Udpq2cnZWQsJZ1Ax,277,normal,0
1GytMw6XLNHRdErmnP82yBp6L4tq6AbG,278,normal,0
1dNQZhenXde1FNtqxfW7YY6wYm2D3PTZ,278,normal,0
bc1qnxg6yh3ggdjuwpzjp80mk3mwf86qs2plcy4xrm,279,normal,0
bc1qflpk2f0jsqu0vsdu5f9uy3wwxwrx3fuasgzxdw,279,normal,0
1s64VqGP89cfTCCjs3TbziBKDBFDkrG4,279,normal,0
3EgeFHJR2sSuny2vwRdHnFk1SgPi9DNV,279,normal,0
bc1qum9rp2yvwt2d3g9c8h5y36ntuf9yycze5jcmru,280,normal,0
1u8XjdSLL8U1GDqCbcZ1X12M6m3CaYLN,280,normal,0
3A2AkBoniq16oyYQLQJ5SJaYg9jxm54x,280,normal,0
bc1qplee0rzahft0v46jpwag9tz5kp7x07r37vzy92,280,normal,0
1AdVv1vJdiwDqXeNZBe7NbhQMt85UvEt,281,normal,0
3V6KfB2zsWNvWLmw8sLCLctWuGeTBR9P,281,normal,0
1qHLDhLDhyNxLgzWaYBfxRQX8NzSqnwL,282,normal,0
1exT4h2o4dK1f5TmPXFXT9KyBSRmrmv9,283,normal,0
1HfA3FTsfF4fq6nJvh47kNAWG7n8qWCu,283,normal,0
3FENgapJVtLBBdbhGvsqiqMgTkTmXsXt,284,normal,0
bc1q4vmxu5mmawzhnnj4ldh8tza4vwrkgemgt2knfd,284,normal,0
1zvkE4CFUL7wCAKqXH2hdbQDnuWB4GFP,285,normal,0
15S49Gu9M7u2Yn6QPMbwY4teJhm4JAAz,285,normal,0
3kkLNSL56egBQuQw69MFZtu3Yra5e6wG,285,normal,0
1YwqMPY8zSUtFCZhi9JTG2vsU8pT9ww5,286,normal,0
3xbjQznUGM91xr1WU5M3KA4MfcjRZtPj,286,normal,0
3fVWy5LDkEmU2Z3pqe3736KqqTo7w4oE,286,normal,0
3zSj8RGca8TZXnboP6aukPTf3Ph3jeRN,287,normal,0
bc1qfqul2xg2g4twr7jqlfux6jsyj3vsuwr5pz76vm,287,normal,0
bc1qcu7rlya07aj49rlpn24pl33fztxhy9ms7tf0el,288,normal,0
1Frj422e6KFMBgLgF2YmnJ7VddiTMJTq,288,normal,0
1ZgYmDP7aftRBANAVrMhS41B9G39FzK3,288,normal,0
1U3nbt8wCEe9YacKrJYhg3ecRtDT6M9X,289,normal,0
1MvcttwwKLLA1ABtHmcAHbbvSDo5GxWG,289,normal,0
1LQ3F5vvx8b3mARkRhet8Hs8fqGjdT1R,289,normal,0
13FH6J6Dq5a78wwch7L1N6mnFBMh8Vxe,290,normal,0
3Js4tzRW7KjuZWaE52D7HttPqRJMX9qA,291,normal,0
3egaV1fFGf7nFSpgK6CuhSL51vR2FBUq,292,normal,0
bc1qsl24kwltxmskj5x0ht724xx05wzgynmee3w785,292,normal,0
1dnqUv43Jg2B6JKK6tPNweUVJFFFjjaL,292,normal,0
3oTmNQBFd7Xrk2uEoFQG1yq4LgmteeCR,292,normal,0
1WEdxLqUmAJZYnoADsptcuPwaRwNjGvg,293,normal,0
1XjtRcWj6Hm6GJdDs8zqXfRV3U1QQci7,293,normal,0
1FuMWf98yn8R9N2SmtecgDyQqHSLSEue,293,normal,0
1fV17KjhiMQY1wxFfnGHj9Xmv7obSSpe,293,normal,0
bc1q696g049ems4ty9ef54jj8zxhurnu5995992uf6,294,normal,0
1SuK8XR5hhhnFv2ADTHq8mhUfGUZDMhg,294,normal,0
bc1qjjmkhvv885mgg3vj22nzy6pnq4scyy4cq7a2ks,295,normal,0
1UyCEm41ET1V99GM3ApiaF1nzDjJkAyu,296,scam,1
3DWNtEd8UrdAwc2xf8xTnSF8UvzsUgRv,296,scam,1
3okL1GEw1HQJH52R7USHeW12kbKKspNc,296,scam,1
1Noi7YTLAeTvmBa1e9K78P1Mu2igtTgd,296,scam,1
bc1qmhqk4mztdper3768pcnnvdxwdt3g6wk2h2jq0y,296,scam,1
1bU5tywvLuz9CfzFQmNmrKjoQfyC3Mps,296,scam,1
1rxk76R1cdzwPadW3tq7yPjBC8rEDRna,297,normal,0
3R41ZDJWUkp59jZhdyaegoF1kYJRz7p8,297,normal,0
3ovdfqhXdyxwf9W7hNmS4swwFEakYpby,297,normal,0
1nzd1i1XGYeKgegwsoiuLsJMWkzijHxt,298,normal,0
18w3VSezvBpU9RhrNKiFLrVvPd7mS2to,298,normal,0
1NeiZEgaNhhnxdp4WtfnsdUQZwMVZqFk,298,normal,0
1Lk3YvmE4Vij7tkvWWR7ykhxDMj2ih1Y,299,normal,0
1EReBADDnnZMK1GzDTeefN9cNkr3oCF6,299,normal,0
39uktSMDBWGMmjnNt8KgVAHfm4D99GJX,299,normal,0
1KUsgNy3eGnPMQPmV3A33T8XH5DTLHsQ,299,normal,0
3s1vTM2VpS7zABxAbiGinh2QRKKTcmPG,300,normal,0
3HQQMtNeN49TEnNU1YYYrbftkLsEFi9Y,300,normal,0
1Ddof4HkuT32aCmpuGSdRojuvAUyd2Ck,300,normal,0
134EewEHLg3WUfXzB8RCo5ciDkGqkuFe,301,normal,0
3wv5pfBdRsigA81wNF2X6BCT3x4zc9yA,301,normal,0
1yVsBzcA4SDABmjavmpp26BTdc4zKHTn,302,normal,0
1ZeM9pyJYT1wdTumu2iUyvHVAmhHuNCQ,302,normal,0
bc1qj8w20pez5v3pst0e5tsmyr5axe8dj9rhrk6t26,303,normal,0
36gckHc2aV1m8X1mZrokSYxz7QB3XWi7,303,normal,0
34XuK4KFFUceQoVfRVmAiKT6j4M563vd,303,normal,0
bc1q360dyrykxpgvnwmjcqasjc4l6tl8qfwl3r6ehx,303,normal,0
1oSaZ6JJeg3Z4EutNZSBKp3kPVHHN2dg,304,normal,0
3UECHQqGMAVpe77z86m4maQtmx5bHTkU,304,normal,0
3omDiJmwb1yq3yAAjwTHAPgYj91NwNKb,305,normal,0
bc1qhx7yjyd6jv6xdzp4kqadvwvxxyplkpjwl5hk08,305,normal,0
bc1qkllyhvqu85rut99h4x2upj2ng7s399wmhh4fwd,305,normal,0
3YbwCczYbqt4zST5MmyLPgxZNZSRFPUM,306,normal,0
3K6a2BhwckaCN95BjanbRUe3MvgJRenf,306,normal,0
1LCbZyBmvbKVy3NA3G6jFvkBugbcxzW6,306,normal,0
3qxBEpB2ExURaUK9sVxpXbR9UbmjrNCX,306,normal,0
bc1qwz34jpfpqyf49xg9cqw2mcj3appplugwx3l77u,307,normal,0
1cbw5QseThsxKSxiWFaSvsxNRf1LJZjz,307,normal,0
1NPbWmV21jwUzBGkgHMevekvJBTJ3YT2,308,normal,0
3fME469n4FxGdZ2m8GoZY6xqRAbFGPUc,308,normal,0
3Mzycr53bk28QuEEWJvtDMSW29hiVYBZ,308,normal,0
bc1qra4xc5tn75d6mrzllna4f39ysjxe2am4erhd6c,309,normal,0
3KyK1pmCeDrUFKivss2dH6Ctn6ucz3Qn,309,normal,0
bc1q8fmgjry5efvdxvu6dzhl988a2c6f6g36lm3c45,309,normal,0
3kTLtQBD8ud7kdxe3ZA5jEDMScoumE7V,309,normal,0
1x28GoEsB2qyGJtHeQU2Y5HzaXrSP4un,310,normal,0
1PqnAPnxiWAF5uRqpE8S2vDjYiZo56iw,310,normal,0
1xW21PffJSfxvSSkfGxn9rGEmW42Y7pk,311,normal,0
bc1qarpkqn8f8u2fmchvzfzeteah23jhujwrmuukvy,312,normal,0
bc1qkj6rwd8mfs55us87ms2es56ct2pppksqjdthsj,312,normal,0
bc1q66u9azagsyk97wfsgr4nw2ej26ur385euj2hkj,312,normal,0
1PHKgpRUdNK9v6pqmXvmmPwU9XNBZ118,313,normal,0
1pyynx5iVEJLWejsKmqMeCFMk8uTnEcF,313,normal,0
bc1qh3kml6ldhnqaefycyqtz8f49unskxy76p95x3k,313,normal,0
1SHHRni67ewZG4qdWQtLCorLxYEourja,314,normal,0
3orcv2cBqBSXde4gTjSTo2AbUQovEcEv,315,normal,0
3QW5TLSquja97rn1v1DkpX1vqpev2V3t,315,normal,0
1ar4ahZqoTnnqUqteFB3Ytvsqn3dyyZG,315,normal,0
19UXSQkJ6rfZBZ7VeJYXdP1wt3DLNq9q,316,normal,0
1CUCSgF4E9wpRjzHPBQVFG1gnq3WqruH,316,normal,0
33oRFN6UZNAiAJWSpXQ89NncDXqhde24,316,normal,0
1svwuFYkCCNqeE73FtFnXuromny41bme,317,normal,0
1iEHz3EpV1JDDFyqDk8hhbytZEbJQShr,317,normal,0
bc1qslrqmma7rzgxcvl2nfawevrfj9f3gxxff6r2hc,317,normal,0
3FLYTX6xLvddkbUGAcePog6yo1FaNCLA,318,normal,0
1qGodukSmMPcsTnZnm5hdzh33svL8Maf,319,mixer,0
1EQ9wbTnnjS17uFZMMp1rx2BeNswXDsa,319,mixer,0
1yy25CwKtPwW7b6Qc4Rpit6fKfdre8DS,319,mixer,0
3oQ3yPN8d7jupteFvdTbV6ZUsjY5X1b1,319,mixer,0
3gAfwEnBqvwcnswQ2Ym7fU6AeFEu95qD,319,mixer,0
1PB93dxxrtH3j4uEXxk5XYQacPRAnVHb,319,mixer,0
1S75mzCzTsp9o3iF4RevQ5UMYk6B88cU,319,mixer,0
1i5b6z8jo9xjnirFxkgwfFD4CMPexpZr,319,mixer,0
1o94UsAF8sKujNfUcjmZmfwu7w2yenRh,319,mixer,0
1qSxc4KP2PB65Aq4vEsU1a8SsJr7mycr,319,mixer,0
1HpstTv3ybm5mgY7H3trcvGJUdMHJdyP,319,mixer,0
1S1ektwpNvZ3Tu9mWHNSUfcFkghbvPdi,319,mixer,0
1HAfJ6LAjgj2KgPWxiVUCMwDkqhbKWSq,319,mixer,0
16yftPD37SwKY9ahS8XKknRyaMe19skR,319,mixer,0
1tVR68qRR9robSU1rDLfa9JtSycfhskT,319,mixer,0
138SQRBvYpYukK3B5zQuY9E6nAMAJCDN,319,mixer,0
1upRv31aMpvavgLfRy5VC7Qw4NrA1hQo,319,mixer,0
bc1qakjg7k5k2zgjexyam3a78vag6fz6703samcuqx,319,mixer,0
1gqtUtEkNQZXVKrxPx9TErmLZabADpqY,319,mixer,0
bc1qdyc0jwtyvss39zmnw694ynf5fsre7r9t973yl6,319,mixer,0
1HF1hu81tR6JKPAesxfRLPnWLJEE5fsg,319,mixer,0
bc1qglmzrqu56yt498razjfxvg9zl3ff8ccdgnj3w0,319,mixer,0
1Ek8LoypyzaEtScWLWXowYH1W2FSRTxq,319,mixer,0
111kVRn9BwcwA8xCskib98evEwwZTxbB,319,mixer,0
1sHqV9UHnsEfEDw1LorQievUdBjq3zSS,319,mixer,0
3S3yJbPF7CDHiHENatoJeyc68ajLxtUP,319,mixer,0
1HC82xRpGWck6Xqn2LcnoFsRHha76mTo,319,mixer,0
1PQpucthnQdHB5gGYdqD7EqwTDmSNdYC,319,mixer,0
1WUaYXYQdEQscU5EvrL6YHf5ePFruc2c,319,mixer,0
3tLCUsYw9DDff1ktYwS8Qx23756Fg7NL,319,mixer,0
11LKCpDTHYgBq5Hef161xoaS7tRruuHu,319,mixer,0
1f2Lvhtjfd6NzXFaj2RWgdRWjFRVC3ek,319,mixer,0
13tCqDWCULFkC4QZtRddVBzJQgX7jwqi,319,mixer,0
1kVgDBryYW188kNLkg7vWkYEhtCovwT1,319,mixer,0
bc1qlfeukkz4cseaztzvqtjpwssjjw6qqhkwjn39j2,319,mixer,0
3GVYBfi1coJkvpagSMyFigHNy2GVtuPJ,319,mixer,0
33rXa1QFbEDobQSeDCof8GTfRLpa3mJt,319,mixer,0
3XFWE4tyJ6P1oyRECtnHv2M73tpyATQa,319,mixer,0
1bVheUEDzKSWJiUJmszSxUp3GEww9zYD,319,mixer,0
bc1qn8tmjxyyeeh2v6jjfnwrkyfp2qdu3dx2typvy4,319,mixer,0
1hwmbk8BfCGyoS7xEd89DYWHQfieaLk7,319,mixer,0
3EGYTZV1NmZr1Ye5q3htqSwiQ8y2uUJ3,319,mixer,0
1WaEqbkiLVaoJZDt1FHavrPWEUxNjKmk,319,mixer,0
1KyHg9XCZ4g1D8xVcxuZGsjsRtHGp6UY,319,mixer,0
bc1qchqtqj0h2w8qk4dxfc28aqf6n02l9e693s94m8,320,normal,0
33dG4PLaKnVEaPVquYfVyEetapAJvnNh,320,normal,0
3Gav7Qw6bBYAxkDqZx9UJw9ePx7ZNCxQ,320,normal,0
1Z8dUoowvgNwLHpZWR7ktN1unqKZcKep,321,normal,0
1nwMp2Zd9iHKTnK3GN2VwTfQPsPfmtrE,321,normal,0
1NZZ5w4Zqn9jAVVrNLVrvVhYYJQdxCQK,321,normal,0
3TWzHowz7UU9DkdNsTjwY8ANQeFNz2Br,322,normal,0
1rAYAkXSQDt5KuQ8mhDJ7Yhu44NKQNcG,323,normal,0
3PPgNyvQUtC8UcjEEQsjXmxqTTZ4cusg,323,normal,0
11Ltpe62ZTqn4KD6X6QNkXcMrB6hneWe,323,normal,0
1ScRy3rgkGx5jkT3adyaZbPik263QQsq,323,normal,0
1dUGYe3C1jjyGbchVaBi5cbgEaLKVa7q,324,normal,0
3rVUSGpyJyvt9p1bFLZm6CKCprSUKXJA,324,normal,0
3XVuwLJgdBLRaVj6LHRugEsdgnNG6tMN,325,normal,0
bc1q8d9ah9ksz9d4gxfgzk4s5fuzmnzh4jpnsnwtrx,325,normal,0
1ck14yPN5wp9ShpXiUHhHfHETFBW3QT7,325,normal,0
1UPDyHtHC34KA6kZUVHWn7xQ94GM6hd6,325,normal,0
1nECwYjemn4rJ9EEc71S3ptZg5puY33Q,326,normal,0
1f6aJPWzvirvKevrTQgf2Nw9X2nCPggU,326,normal,0
18tKEMzZuD3Lx1hXXozpoQ8F3U51fqAz,326,normal,0
1t6CTUTPSw3CFDS6zTPNZ2TqAHWMNNAT,327,normal,0
19z4kGShzXp4AWoM811yPzpwvkUcY3Ue,327,normal,0
1xmfDtCGQtsDdtFqmF2hxQJaKoemM6xx,328,normal,0
1NhkNp8d2Ao3L5wriz5MnLbZ3rM74fFD,329,normal,0
1rQoGFTDqG1MXnrQmLDWmx41dubzK8Sr,329,normal,0
bc1qfy6wrs7xswr3q7zhh254qr6seh5zfslz2jm3sq,329,normal,0
3thKxPuApNdDvQW2jYwRxQ1dHSCx1Xby,329,normal,0
358cUZxx2p82fysFUv1ei5eJwd1uc5iW,330,normal,0
1xD9YmSjBa2PwtjjmaWWuYwYs46JjeW9,330,normal,0
3Z9y77dNUiirpfSLU2YVDhMfQRmtdk8e,330,normal,0
1P7UWpJytoaThXDQb8c9o8YoYHZVKYVf,331,normal,0
1xggjkNicLEbGQRfeeXq8CPAr3v6gD4m,331,normal,0
3dTedDEQGk3Eh5GqcXcE3MiSa9ZtposX,332,normal,0
1GNvNCUmB49fkJrcYHXZ88CcBSewjeDK,332,normal,0
38VFdBt99eF6ViWZUNz1sGdiJkotwVQv,332,normal,0
3i4MMXmjYoXrwd6WLE59jLELiMEPGZm5,332,normal,0
1JZ3osDRemwQViPTCygHDDd7TbRyusW1,333,normal,0
3XHgDPJveA817wat5ZbyhgTgzgi8EAqw,334,normal,0
bc1qlcsdmpnluc0d8gpjscahl0z6whlgkss4pjy44u,334,normal,0
1sGdaw54VdrP7SDN95Hhqp6pC1BBKh7Y,334,normal,0
36aoNJ8DEkDUSQot19aNft5NzUmqyMc8,335,normal,0
1g7jQoXcBd4nNCptLeCB6uex8ik7iKBd,335,normal,0
3fJZ8K8K1q6EuZQmnSzdeDe8KwBTMA1z,335,normal,0
14gzZiLmLUgZZaSSQgLb5mbAWCtf8GjR,336,normal,0
17PSvybrByGKCbHn1o9AyoypHSCSXv6h,337,normal,0
1rB19MGvqyHBGbUVt3uVXR2Lr9goDihj,337,normal,0
3qbYhnzUnSXL4bmyzxYYx953ViNCsKvm,337,normal,0
1GvEm3ysQw52mkutqfnxYAKtWt9PJCUP,337,normal,0
1cj7tcBsZdDRiDjhBrvWciUa2Xyp3JCi,338,normal,0
bc1q4q0y0zyr0mlteqxsuu95h0nq5jkqkccrpp7ee3,338,normal,0
3g5PK7eTEjmP8pn72fTYLN7kFxtUFSqP,338,normal,0
1tWx3nDyukCEhub89a6V5ysxaugiodqF,339,normal,0
bc1q2h72humr63395am5j26w39jv5vywed5ly0f92k,340,normal,0
1LjYHEoELL973TQ5x3t2KvS151hK8D8G,340,normal,0
1NpWdL94oXqAkk9kFfPUqxmW9j6YRsr5,340,normal,0
bc1qc9733x90k2mz58dlt7wrz0k72mvuy6ujkav9lm,341,ransomware,1
bc1q2xh9msvyj4f4jg7xwajtclx2l87e46vlh9h6jq,341,ransomware,1
3uQ7Zs8BWQf6zuX42GJGzqWJDovAPyRt,341,ransomware,1
3K2ussmNER9M6yijAE85uNH7h58evz2h,341,ransomware,1
1R1Y7GpSieE4s3Qx9C5kLHBixUsViGpq,341,ransomware,1
1DcHj9MrU88vT7kMjqgdngLJpATsm6bJ,341,ransomware,1
bc1qe9eqrgq4fpc2p2zn3z6wfrjl9qdkyzzyjlksjh,341,ransomware,1
1UKt44U1RdbxZ9RLbU9pjWQtQtEYWeFs,341,ransomware,1
bc1q6v4gajx2wat9r7yle8t4f9r4gmhjkaxqahv6zj,341,ransomware,1
3oHNtLfmpzPngPvWoZy8CVoDo7YnxKko,341,ransomware,1
bc1q82q099c3ylpqc9wuzykdffnjfgxe9wfud6q830,342,normal,0
11YVqB5HDzhhHmaRydjsRsvNExY5QzPX,342,normal,0
3vFWVwvzF79gXDyJ6pLaN4zrBkmWjQfh,343,normal,0
bc1qhnu39hf5nxq8xrw2ece04v0l5xp0ck8g24wvzq,343,normal,0
1TgKkS9VCZUN7b8Krm93LsFicJqjM3km,344,normal,0
1SA7YyRHjDKfxDwdzK7UsynqyRVH3Vcz,344,normal,0
3kymTdZpvxmzvQbMVJg5q64SitUWiAUK,344,normal,0
bc1qajhw0kw0l3yesq5wrtdv94gcyfpz8arsyd5ah0,344,normal,0
1bsow1yxNYtbETif3mE2DzJ5uGuhSNiD,345,normal,0
1ofZZXCTEnHkdC6hB9EnFdxevtazvuB8,346,mixer,1
1s21Wmu8Ex9jm1KnJZHrPTWsX5QvujJ8,346,mixer,1
3WimRR1KMTcevFd6z7SkupLQViSYsujV,346,mixer,1
3SQuXoURSxHXS3cP91ZjpNwi9eULNyMC,346,mixer,1
1Q4KdgbaYa9ecZYAWQLpJAB1U5kmcQm3,346,mixer,1
1fBfubWskFiaUskJ34RtX9LTxUDe3GBt,346,mixer,1
bc1qpznr9lqat7p5keuxjqxfn5wex6hpqtvvhfqvj5,346,mixer,1
1bAMkRz3m8fgpe8rupU9HxUfLhXTnBeD,346,mixer,1
1ykbK9UaxQv8YeWDUXdovfy46uy19iuw,346,mixer,1
15fq4ksgMwopkx9v1DbjWB798rxtQh5d,346,mixer,1
1JzPosRBuLuoJTmCA37SNUTEhsGfEkP3,346,mixer,1
1KDo9R9MGkb6J1G4iYMMwfqavK5kJzB4,346,mixer,1
1KaLDqP4YJQ1qpfEpxGCZ4wehydfsW29,346,mixer,1
11LsD62g1WX7jcCGkNmmG9qxYXhiFYUP,346,mixer,1
1VS5V9VPXFNMLc7KW7CRTU7NzkGeEtrd,346,mixer,1
39fJCWn4v95P4i7EyHvwFhGd4UBXgwpb,346,mixer,1
bc1qwqhrnx6ld66udd3tn630kjetjftkljfcu6jac0,346,mixer,1
3WhAByVSnZGMBWZ4whZzyVbMjX74fEDb,346,mixer,1
3E313e3z4jUEh9NZoxUiXVyNKSQcT8XB,346,mixer,1
3LWi2GKJtThEFCnKuRPisqjTwxaKur5N,346,mixer,1
1TpDN8WMYEMq5uZQ7sovYSdkRPnudQeT,346,mixer,1
1T13shrFnFVpMACdvSpJaHh961dBCy9M,346,mixer,1
1HNPXehQvoDWi9FYST3J5KAULE4CgwX3,346,mixer,1
1FsYACecA82grDQhqALzjDfABfhQ36nk,346,mixer,1
3LdSz9cH2WtUkijetNDf4bWbEjjKqYSW,346,mixer,1
324VZALLSUSRfLmcFUku1kdhLEaTZByk,346,mixer,1
3zo2aMNeCNshUBdXsCRRdqwAEtrAMVpu,346,mixer,1
1GhLnuyTbunfnBX4okJWCDrkkGHhHyyU,346,mixer,1
173P7LfopR6b4RxZSBZucRqppamaXgBJ,346,mixer,1
bc1qgh7h28tekyu59fzzh06cc25sf7rd20ah7raf5e,346,mixer,1
1uShqkEk5Kr1ecC6BY3CG8cfUXC3v8Cg,346,mixer,1
12zwG7jrWYhMSzdmm11m1m7iehqp6WRx,346,mixer,1
1yEuqCKwLaGHEsxZrX8Q5MKoYLUg88Wh,346,mixer,1
1nmcV19XAbCz3wH43gGjooa1xxboDKhn,346,mixer,1
38CvEB8Rjk12QxfxnECHm5bF9kpqPCnV,346,mixer,1
1QAix3yB6F87UWdPoKBazpEByRYk27pq,346,mixer,1
1VZ88tUWsvpbTp9f1CM7NDZSxHqBUVFr,346,mixer,1
1B3gdL6XktNEiw2Kk1QsD5faJr54jN2V,346,mixer,1
1M1aHZMBcKTYV4FsYZHUVgY4o1cioF2i,346,mixer,1
1JjKv3NZFMMnz16YzBVBWifVGo9cCd28,346,mixer,1
bc1qtn55yky56x4tkqwvte6cj4w2mm6h8487kpuztx,346,mixer,1
1z5exN9JdSp27X3dAs7VULN5zXxWqt39,346,mixer,1
bc1qkyhrzdxcefpy2cj2htvemsllk9xhgntq9h5uxt,346,mixer,1
1AXGNxFvGwLz1RhB4w7TUDGJr48Hmy96,346,mixer,1
1mDHymNCxTESBtxacTCyEDQW3KJJQQtn,346,mixer,1
1yiLEJxKA657WNHydHKdNXiKBqu6hcbn,346,mixer,1
1whrLRGZ8zQ5Bg88TJqYigCzHjRKCefy,346,mixer,1
1VCHVoEMEiggayYQqidt8QGw14WMt8HQ,346,mixer,1
bc1qjtmhyscmf45ku0vus82suhwm7a5z3sp0v5kw6q,346,mixer,1
377zBM19oD6T31Hq4CXBctgbTsxZFh98,346,mixer,1
bc1q45l6kk9jt0ygzchv5qrcnkxnyvfzcg2pnzyyfs,346,mixer,1
12XLoh73QeEfJokb7M1rJuwFd4GNtUp2,346,mixer,1
1ZK9RBj9RLviK7a2ys9wJPeK4ZPsfhFM,347,normal,0
1GNBtJiGXrWqoeN3uVozTkQrrMWzFYyx,347,normal,0
1MrBwBwXeqhCgJdkqwUMyBEsgSYHkxed,348,normal,0
3A4uFjaNJ3V14cHq6Ndn69KATdpMXyMF,348,normal,0
bc1qthfju55zzewadsqef3l75y6s4heg4rll6mhuv4,348,normal,0
bc1q8pjeq8749sfnrfh49ehe6fr5mnp2x2asj2v9v0,349,normal,0
1Kn7Mh8puLLuZXUB7zTKcGpHj9Wmyvze,349,normal,0
1Bj3BFptrQZgEWWr8BQbCbHarcfz6ejy,350,normal,0
bc1q02j5rcmaszrpjz05yzq38msw3gvzap3924m5xy,350,normal,0
bc1qqyndzqlde9tzp6q4vt5qqx8nruu6uum3huhsju,350,normal,0
3NdyQM8mT8x5FEeNTDC9HQ5ZAQSfS5e9,350,normal,0
1PBYh4HnERdyvCCqPudo6UH9G189XKSe,351,normal,0
1ACD1TDPTXEipPYWQSgoKBrfaLt51tLy,352,normal,0
3sNvT68cZmqA1Gvb1kvUwuknoeNZjT9j,353,normal,0
1f2tEhSURSFSiogLXCZ5iGBTwMeZJN1D,354,normal,0
1mDjp7jDAnHpN9wmVmNTVv7ehN4utvso,355,normal,0
1QSZWc4Ws59mwrSNAKwwgKsbf5ZPBtof,355,normal,0
1YTJd6GSo6TwPVTvP9ZzB9ntqR7vdiMj,356,normal,0
1dju2yw9dLcwHerKDjwpuHpwMWXvtTxS,356,normal,0
1mipsqQqeqDRt18erK6AhW2TR7crMjFT,357,normal,0
1zwzFhnEcc75B1qdgUSwXUFVB2DiVFKr,358,normal,0
1MHSuVDfG5SHof1epNJUzcibYpGnj4qP,359,normal,0
1ZUb84wBNE79etCUvyT9MJYrZz4k3dMa,359,normal,0
11w6rKR8vMfsWro1325ej4y3VEaZMHSV,359,normal,0
1daMdRY5aFA7D1PK9jbhHisnCPh576ze,360,normal,0
3DqPfLxp1dKBjdK5uCMdVggpue3okFqr,360,normal,0
bc1qw0dsshc0y8qm6n8gg75yu4pwwtwz5993g4awnw,361,normal,0
1PZgqCGkv1ET1RVYaX8fxiBJqfXjCRMN,361,normal,0
1LtLktuabAwM9oTivfd4n8uaQ7q7u8Mp,362,normal,0
1zGsFbxP5MWUKpTY3iQ4jTqxwb1fbDZp,362,normal,0
15xeFHUMm4CqYMZU4GhLppzPRDmGwErb,362,normal,0
3GLgyQ9JrMV4N5MxyxNoXwah9SDbb1uh,362,normal,0
bc1qu7e8adk6dg90tdqhj7rkprk5cnh6j04gqtg2ec,363,normal,0
1UXDMjLxg1LVeuqbRQV7UvsZenUi96DA,363,normal,0
1afsihKSWyjESE5SDG2wcKR37XBpSzAZ,364,normal,0
3GEmySLf4ZutKsyjYKd6h6UtGHwinFwk,364,normal,0
174nm7RTGrRUCqAaJQvML5Kq1bhNWgwR,364,normal,0
34CxRz1KTe2h7VHgjNDZvhg7uoRzu9zL,365,normal,0
12TRhYbbKMXxFwuA5UP4xCkJAzEradDP,365,normal,0
1BgaQ2BGjj2Php2vUUV7HbNFFjDr8Yq6,366,normal,0
1dqMPHpt5BdtxcmBKqqeCB1usCZjzc5P,366,normal,0
3C4ZexkP98wVxSc18uBTfUBN3wMq4XpF,366,normal,0
1mqBQ3pqBYHfSuAsGcFZKK4qkvFXiSPH,367,normal,0
1eeJAvocqPpa2DF2aThHu7KcTiGv9ei3,367,normal,0
1e2vM8c9EWYB74g4XHKHXdmFd7m5X8YH,368,normal,0
bc1qgts4lyj7a070evfaq9l0mfhr8t29tpywr9vul4,368,normal,0
1p7UDSXa5WMAHvic5GNGYRyJBgvyZFqg,368,normal,0
3cvWyGKnx266HgtfYvoLWNJoYDkxiVwW,369,normal,0
1qeg3dTWb5fLQusRxNdXVFgR7r3jDrkH,369,normal,0
1nBt7zkZjsZWjWt5koUde7RMZWCFTGLq,370,normal,0
bc1qt2l7qprexg4kfxuf8nrtz2z8vjj7km004k3wru,371,normal,0
3VrfYBeTapBCocZjzNpsLAWEpJHenYdu,372,normal,0
14vmMDepmAPine4sUmtYW8cMDnS1rh7X,373,normal,0
1Fm2H4BPRs43K8Dz7TkSwYWPAXr1V8Ay,373,normal,0
bc1q4lsxc3fv2t7nq3dt5hj2yg69a4vswvtnl0ngdk,374,normal,0
1i8mxTdJFNFmBZpU5Wcj1Qcy5Ga3NVFC,374,normal,0
1RrtVwcqicRKPNvQ9T8M82V1pPjQY1QB,374,normal,0
3Q3cSbYytJK69rDNkeevwmbeUiCMcSfA,374,normal,0
bc1q8eku6tks5navphaa9jw3707k7cw5k3jhwm89t8,375,normal,0
1fG1o1aw2MZbtefx1NwiZ3b8J2DEKnv2,375,normal,0
13cvp8moz4NRnFNiaoujUttee3hC7rG5,375,normal,0
1mTdLT2y9h5ByKzUVvUrHAZ8AnkooPda,375,normal,0
1ovHpUQTkPYnzx8qTSPYwxZh7E2KdgPw,376,normal,0
1GZdkqSKi7SJP3aRAyondyMDsy9r9wF2,376,normal,0
11mMwZDdGLy3aFQJhuJvAkhXZaPdbZ8e,377,normal,0
1UgRQRgDCQjfTtAWUmB9GTbG6tCXNFzH,377,normal,0
1EgpfnqPNhXvcupr3Bzsuww9zZ26xWY6,377,normal,0
32T9dKQx29pRjqdKJWFrQjEJ7yviKmGg,377,normal,0
1dh4yUUhYpHXXih9q4n76jx4K1cFZHGp,378,normal,0
1gqPiFDxpKA9MEeFg99H9QyqYXVrCWWH,379,normal,0
1kN4B7jtaayPC67KaLU3FnRDaFeuSnrb,379,normal,0
1vZxLCts2qpsjKWNzmhmyercGQjZsfLV,379,normal,0
34yRdmovGkeCaNG9ih4AMLT6wTnjniXe,379,normal,0
bc1qqlzx6ya9238227jduu4tdn6nznp7j3tw7000jq,380,normal,0
1XzCJBjCXwkziKyomeSUPnj9gLuaDw3P,380,normal,0
18eWApN5CiExHEqGMFUWQkVkXYVEHzos,380,normal,0
3khCxZ2sT6jdf3XvHSSynTfqYvjJXAsw,381,normal,0
bc1qrnwszfn0y64zdgmxsku5ds6jfth7tdwptmjg3n,381,normal,0
1ZWxptnwi4xLvZ76EpiQqxzqDxmoXphj,382,normal,0
bc1qeyju2c5hvl5rzy695kdr5qu6yvrpcagrr9nz2v,383,normal,0
1sjArAcrxnCfFtGPAbwVagY7QozDPtzf,383,normal,0
18cPok4ab4bXMSpLuPq2pkNb8i1Ma171,384,normal,0
3icykuTYfYtHHYU6eEVbtrocURDvRshK,384,normal,0
1NGFFLuVVJpdTFDXdzxAAsxmUzBZ8g5P,384,normal,0
1EYKEcyhYGKM4MB8fK1Mh1HX9qT2gXxi,384,normal,0
1exjbwF9oCuf3hr24Me1MKPp8VFRMcQK,385,scam,1
1od5dFJLCKT9xjpxX79DgFGy4rqTNGDQ,385,scam,1
bc1qyayexvh4yxghvsu2zznp04lkr3w9tc262wgdat,385,scam,1
1VaBPKRG2NgLj6pPUY85WVMEecvrosVB,385,scam,1
1hMc6nyeswwcWj3ZjZL1YNnMqDmct1QD,385,scam,1
3NghXAUaExgQ3rWpm2P6tDw3TfTVC5r9,385,scam,1
1MRcGcVs2uCXxaNFVdyucrA8KodBL6FX,385,scam,1
1G1xyUmDd3vaQaE3TcHkZExUrqa8UVBD,385,scam,1
1UNjT3SXXQPdPVsGpqsMK7t1MpqhjyVX,385,scam,1
bc1qlrya32al82l6r4xmh8ts08v86prsv6gl2kwq33,385,scam,1
1vLNcL3ice99hX2Sxzdgk3iRLfsLgGNU,385,scam,1
3pmwziuZ3kFsiSEcESKY9xBLQMrZp7Y3,385,scam,1
1hxsghvnTSmGjf3r3o3HPEenc2Jmxzoc,386,normal,0
bc1qtu7g2gls7d7r47sjnjusarwg8aqgu79wtwtdcq,386,normal,0
3Ds5DTYPhyYBxvoqySTZHnufy1kNFSiU,387,mixer,0
bc1qe7n727ttk0chv948gre58qkhy7rzhj6n62sv0u,387,mixer,0
bc1qv7hp3u954l35nyz2t953yqdvtur4fu6tc8l3wg,387,mixer,0
1D4akW6JqDe2Dg1fzA24NwspjSCSs3X1,387,mixer,0
3iKYKZuMziVganbvagB5FBWFb8yNCAfs,387,mixer,0
bc1qtmrkx44ydkvftuhyqrr2kphzr30zx34e8wa75g,387,mixer,0
3enZ1KDEG8tqQkTeTH2846LS26ygkDEM,387,mixer,0
1wUBCtR4kdE5RpJ9qRSvFF8R7K4zcAD7,387,mixer,0
1X6mV8fseKMWpH3Nq8fjhdQ2c5fzn11v,387,mixer,0
bc1qdsy74tunv2clcerwwwl6m3ry6zpea9zzqct8nx,387,mixer,0
bc1qmrmuwf5fw5yj60utnmn4qy0ej086zt6x2s7f38,387,mixer,0
19VEbFw6jahvi6WB2GMXeRPvUH125d5j,387,mixer,0
3ipMKw9rSo4nzxVcuAwK58TxJEJqmCLj,387,mixer,0
3v5v8HyXMyKjSUAJqaA9Fv4iUzyK9p5s,387,mixer,0
1ZHS4FatftP7hmNgAGJmUSMA5wqYKUHM,387,mixer,0
1F7UqxJesM1U3rMiuK77myEXi7FikKiU,387,mixer,0
3sGh7qk1Ybfwk3hXbUdvkpMVpR48ctra,387,mixer,0
11J7mkMhwJhKYLvYGGJmFQiviwfXGUqf,387,mixer,0
17jUZrQAvQvG5jtvmXtxM4H1sdEX26p8,387,mixer,0
1gScdmVJi2pgPBd2MosjP3fPXdAZ5aJV,387,mixer,0
3RSZ4SEpyffhzCK5Uh76fPxJ3tmoozhv,387,mixer,0
bc1q9acfh6dpszz9q0fqv8vdx8j6ekdzzeaenzgzjd,387,mixer,0
bc1qp9pg0rqzzgtldzfxqxag7v59a6hn775hf472yp,387,mixer,0
1qk3CxHSdJavruKnoy7BE9uo9CFwB3cX,387,mixer,0
3aqMynxtX4rqqodLEevv7GX1aPcyVaEX,387,mixer,0
38F8UupcC9Ri4a1gtfEV5Q7gF5VvbLJn,387,mixer,0
3csrtGb1DVhJiVyptFb87FsEV4jHdJSB,387,mixer,0
1QML2VwYy11MFPMiZa9wEHco7j8rZ2jc,387,mixer,0
bc1qnhf3w2suuz4tfg675v67ppg2hzf8ej4gzz5x0f,387,mixer,0
1hiE2T7tbe9y4z1KQa93XAt7SCvJVmL9,387,mixer,0
1cJXGAQysM4rUNv9djf2NnzFRtVgh892,387,mixer,0
bc1qjknvnw6wjld3nj4r6rnuyk0d48tznh325gj6m3,387,mixer,0
1hb4RhX2d5vHssJUPLaH1413yK32KnTH,387,mixer,0
bc1q46e3yp668c7sqdr48rp2mh7p2w5zj5vkyyse73,387,mixer,0
3zFruBmG8eWSX4BQLR7TZHKJReTKQqiZ,387,mixer,0
3qCHkL6jbFCZzr5x6wtsGxVh9JpkkJrY,387,mixer,0
bc1qjthalz2yhytyujyfw3nhkaq87x8v9wmwvxvvt4,387,mixer,0
36e8fDzQBRvH9NdjigE8VUxeYww1asPT,387,mixer,0
3VMd82hQwiUosEszoeijuTY3jLwJsVXX,387,mixer,0
bc1qnxn9rsfzjkkqppysufhpkd0p2pf0wcyy9aysnz,387,mixer,0
1nceJvxBpyiUuS2GTUtgb2shCrWUkyLH,387,mixer,0
1izrfutKDmQ34XfvSt7UPFXYxrWkaH9J,387,mixer,0
1TKd5e8RDkUeN2wvkXtCNfCP37Rf5PUg,387,mixer,0
14XgZAE4Xj32a5DEqwpLupe2AErXLFCv,387,mixer,0
bc1qj3h57ax7jvqq76a2eg4rsvvjaflefyqlcmshyy,387,mixer,0
1hchrM4pG1uoCxVXs9ks6WdEu5SBP3vN,387,mixer,0
1BUVgfAJxvihLkrmZGmWAScnWqnYeyGo,387,mixer,0
1jadvJxf6tBwaUVBZYXHYsbRg64K2VRn,387,mixer,0
bc1qx759khhx4dvrw7ltgqn26frf5628nmrtwg6gy4,387,mixer,0
3omn5jmWJdD6zVQT2tYF1C7nmwVEWEGv,387,mixer,0
3thj36vyx17jyKdBTB5utcgwBxBokzH1,387,mixer,0
bc1q23mp46nh58nu4aytekzzvu4njpsanyq0kcdmtj,387,mixer,0
3ReyHjpmZTq8roqYNwHy7paBYrY7s8Lc,387,mixer,0
3s7R4Qc25dYjsxNPY3cBSYpcRwMy3HJo,387,mixer,0
1zLzJp9gHrApSYsh2ab4mPw35Nu8FVjZ,387,mixer,0
3ryCTZHygV3KAH5TodjZ8KAx1VRjb6Vi,387,mixer,0
1Ub5zHFUQdXAjFfpisWSTp7k4MH8xWs6,387,mixer,0
12sYU16mvxWPq8npby11zVXcHCZKQQWU,387,mixer,0
1hUXXt3UUY9m6foBtuCcqFLex8HE1hes,387,mixer,0
1QBVCpQgYbFDUvWJsm4zakd7Bkr3Peet,387,mixer,0
1KmWhyrSepwbxb26CjrBNqSt94bET7p1,387,mixer,0
bc1q7n8tws5vuatqtes49rhszea4adnkr32sk2wxfz,387,mixer,0
bc1q0kv4gnu0z3skhyr0llx4nh4jy09z2cxvjr8e04,387,mixer,0
1hs4zw8zgbMYNLXEzbZr1bKCYL2RBZBZ,387,mixer,0
11VBPMFC1Qm9bQ5MvQz48DNBHW66tVcZ,387,mixer,0
1qrP1oQ8Exgpm8yahJ6Z2Pp6uK792nu1,387,mixer,0
1h3JpQ5NUefvEEtrAXTmgAsrRcdzeHVF,387,mixer,0
1vgD3dAkQCwEf4R4QTDTt3V6ALvuw8EX,387,mixer,0
1wLg69iMbu5dFzUReKxDULEUPkmD6jLz,387,mixer,0
3MmfsJQTcq8Q3qbeM7KRmFsi7bVgceXy,387,mixer,0
1uEGuFmaahqG7jdR1rAM2gonjAY2H12r,388,normal,0
1rvbURUZLW3tYiAR3pBWMXoZfTUDTZ2P,388,normal,0
1YDa4vcraADDyw3dW26ftebBKWY4hkWQ,388,normal,0
1mS971dZjhysivzTvDSWakCZii5yUbdR,388,normal,0
12Ubr5kVf9BhK7jggsWfV1E83c4aEHco,389,normal,0
1mWph9R4C7E5jZm2UnUpoTL4MhfydXhk,390,normal,0
3VaCirNnvGV79TpyxaaY2Kz6NsMYbh7G,391,normal,0
3VDn5KuB8vXjNR9JXffJoHGDv8YbBVFo,391,normal,0
bc1qznvp9npmajpvtxdd4xc9uyk3v27nj7gcwgufh9,391,normal,0
1YJic4cLDYi6nLvreBTAXFhQ1iS34o5A,392,normal,0
bc1qmpmh347ykt9zmc0nd9pxe4zec7utrt73w4t58z,392,normal,0
3GLvdiLqjTN9UkkP4wMDKYyYkwH66T1B,393,normal,0
1tx7SJoF2jGh9fYWnJKirKFFrnAemLPk,394,normal,0
1UYmioKyn4KwzXW9HhhqSoJgXAsxsptZ,394,normal,0
1rK7ds1TVhzsjx523fdVcKKCgZBedG5R,394,normal,0
3xrCKae51NiQXddd6QrwvapHFHkPzRP8,395,normal,0
3rFKEHJ4nxWm2Zr2TwiE5oGeNgiKGMVb,395,normal,0
3iJwMg2pXEmov8AaB5h7s5CSLhA7jZ6M,395,normal,0
12gQio2hS9RjECVSCHnjxqyD9UNVA1rY,396,normal,0
34HpY3XZgspwiGVfaYYjNBmiDgegUvvD,396,normal,0
1t7taLQJJ7xktebkFZQVnydAaBStApf2,396,normal,0
1E5iVdrF5sjEiLuYNzRy5gvUp7wWRQh4,397,normal,0
1LjgrdPyuuajqxyW4r1P8h9MFZzi4xis,398,normal,0
17gm1NzEyYvzRfEBocWhdukBnxYKkvsR,398,normal,0
1Do7LxiLHifJtst8endRjJMkdqqiRChH,399,normal,0
3cJ1dnvArYVj5wPVwFjhTaN1iV4Mk8zb,399,normal,0
3UV92XPe7JJvpQTU5gTtSoWkRs16oN4n,400,normal,0
1J1r61CSiQNWRmLWQTwiwrvSQpWyDo9e,400,normal,0
12sqtoAGG4gsLzxUqmC8LmYh2xTv7vRv,401,normal,0
1wvzWFvvs1MEryxKBbf1Yna5hzvTAeD4,401,normal,0
bc1qywve7luw3s4xku5aag2zmywajfxqttvdwjdg03,401,normal,0
3V5zMHYuNeP28tDwqtERVwAoj65vMRVq,401,normal,0
3vvstu8iGV6TsM4dJjhBjtsEj7QdThGX,402,normal,0
1tet22JzVf4LUoLKfH4rPktb5N7fqFgH,403,normal,0
16QDw9hVp2rEvLr7vzxKVXNqRwmbZmkT,404,launderer,1
1Y6GVeebX1a2xtmwNGZCbecp5tCnAisr,404,launderer,1
1jxgRtuNVmpQwDqiYsqRJtKN8BhMRABA,404,launderer,1
1yjEsJrTvHkJt9edkoR8Ea4V5ckyR3oU,404,launderer,1
3tiDffHN53RjwaDaoAgA5RAeaoR1LmCY,404,launderer,1
1mYst7q4GTiDh1QRfNiiqTCMh3keRgL5,404,launderer,1
1MBcabgeksu1kcyZqqaRq2a56yz1W7Kf,404,launderer,1
1DCUwsnnYYwTExcsFr5ne5kZ4tLFZzLm,405,normal,0
1reXdYNrRZnsHC8c8cq35tawpXJWBf6n,405,normal,0
1E795Ya8Vsq2LCnGx9YwMabc6x6bMgtB,406,normal,0
1E2wH8RP9xWByS6cyd71dPF732zu5Wfj,406,normal,0
1qJRgR6xnGuS3WYAzYB3hpKQ4mndc1Up,407,normal,0
bc1qr5p7fg92twe4al0ym6epuuphh4gsgrykeg7n20,407,normal,0
1i8JSQ1vs2FdHrhzQxvQZnkonKRxpKiB,408,normal,0
32daBHM4ia8HnUjLV3AvDT1VK8Y4sU1B,409,launderer,1
1BNMDjj6DHp6VTCCb2dPL5YQJk37RGVg,409,launderer,1
1rcJcBc8VDgEEqwgpSghz72qqybBteUi,409,launderer,1
3PU79t4svRKRJoTvXRHWcuPRBNz4cHP4,409,launderer,1
35ixyLGsvdedAPWy1yeeyBZU81AaPhNq,409,launderer,1
bc1q0g4gl27vyxta582p0z7x3qzlmqk2v8mhxvyfmh,410,normal,0
1FYq3Dkxhg6dj3MTSqMkt7H5kFLD2zVS,411,normal,0
3VHojEWGb35E5aHDK5DPxkXn8tUpcAT8,412,normal,0
1pKWRzB2VEHWbXysqFoPL8JuMPsTxLVz,412,normal,0
1SFXho21bxiayfJFcD38LcjQXZpy7SQz,413,normal,0
1aa4yksHz5Zkg3qj9KKStnCcasBU5WEH,413,normal,0
31LN1iF1rziaspFJd8i6SKYTHeCoXDcm,414,normal,0
bc1qh3d6etz5u4hhm5yxt0azm0ycuj50p2h6uy5dhw,414,normal,0
3FfibNzhdFq4rczAsCsVia7JUdPGeMGu,414,normal,0
3eaoAGrC3VBhLuZT7xk6NUtykvsrqBF4,414,normal,0
16Jn5wAcy1HKV7yxB3cDqT9KcVLZNSCE,415,normal,0
bc1q4vryl5ujguthhyru6kqgpywyzr9kpgu5ewlmce,415,normal,0
3yR3K9JJM1CPvwRYh4A8XtaCgNsecb5S,415,normal,0
3o1FVoTEqBeK1FvsZuo2LEYH6hBUgzuc,415,normal,0
3k6G9gL3BkXsQeKCPz35ySQVQQMXLaRE,416,normal,0
bc1q6wst2cllrsx66lfgswpxprjt2sekdu2rehcmvt,417,normal,0
14bnswouk8ZWqMac3K7Kh2DTFLaVHN79,417,normal,0
1imKKE5kB6sDJwnMNvVfgf23XCNSRsww,418,normal,0
3Y9G4RiETPVxaDVm5ikQ7s4K7GSYWXRY,418,normal,0
3tejmiDp9o9JxfRXEW6eTXMNrVe8t92v,418,normal,0
3NHj2BbngymJzLEcpa9RveVSdJ8GkRRY,418,normal,0
1KsKHWJCW4V9QLJNoAXcT54fNHWuiBcX,419,normal,0
14WM6xgGg8HRt1GVbBcy2FMTaffm8kz2,419,normal,0
3iQbYXW1zoXP27DdikgEvtfhCMSVvgXm,419,normal,0
3Esb8G1DAptT9LkugaTL2gHSSQtuJdYV,420,normal,0
1MFSLJtGuHdiNK797iWRB4zbi3w5mCxa,420,normal,0
3zHZBb12skeBu2PGwRM2KhPSaUgTf336,420,normal,0
1Jz8MhWMZmJmtAWUaTw6itCXVuovdpwD,421,normal,0
bc1qr4ul50f5m5zhdur9fjvrrlv594gkuxdvjm45d8,421,normal,0
3Z6vqGsZKnWsNw5GpqHr3WkJg6ZxpM2Q,422,normal,0
3by9jH4qPjMrJTnP594Sg2jhiU77gsoP,422,normal,0
3WEhVANGs1F8MbJRLFqfsHJzvq9c2mMH,422,normal,0
11ywNkDe2w3GqJhoqhECpgByRA2zNkQr,423,normal,0
1erKE52ekP6bZZPqVcVaCsyaw1kwdNXC,424,normal,0
3vZGfVaD1kw5cfcUuQhiewrkaKSqshmo,424,normal,0
1VqKNxTBjMkpRhW1zEBV7bthZVPaVuN4,424,normal,0
1HbHXYDgB3ALhsHuzrJ1kXGh7dX6bigp,425,normal,0
bc1q7e005s6gd6pc34zl5sskf3s2lah7tz9f9msjky,426,normal,0
1iGYWabygB5H8b834WBtf2ZjHXgtvbo3,427,normal,0
1e2yFtoFShWxoMheqoJrYf6v2ueqgnge,428,normal,0
bc1q9p67yae4eqc6ydsgh24j0v67cr2mmg4tnxy967,429,normal,0
17mSa71daz7wjxWTzUFQ96NATXDuiV85,429,normal,0
3DhWKCNCMWVRbevdhmYnXtqFkvdQ6Rhz,430,normal,0
32ygPni4kVsit5Pir7ggRojhpFAF4iLY,431,normal,0
bc1q2vd6nut4e24q6fjekfuhnv4zwhlzalj7vxsa7z,431,normal,0
3G2gTKYL9fhD9SaGoLaX2fohCewN7TkB,431,normal,0
3e3cLPHasAR9VXzEF7xCNa79jrvcWSSF,431,normal,0
bc1qamnjx2n02qwjp3zuumxm8gh8dxv3zheqld9jr9,432,normal,0
1tqbb8Rx1jDyQtGL7YUmvPLT7tH77ire,432,normal,0
33i7KkrWxFdijky6hBvdZuiGtMaHKczn,432,normal,0
1JYdH1a1jD2styqbfoBBdh3xSHu7fgqR,433,normal,0
1McV9a1BGcyRMTCT31c1Qeb2jx8xarcZ,434,normal,0
1mG11NDWbAbSxapXhBsoiwhA4qD1W54w,434,normal,0
1zqUdpBBExneWRiSB8QJ5Pwm5ec4V1vr,434,normal,0
1wGLeBnyRDcerzhubYiiJgMPf64gArrp,435,normal,0
1GQQwaZPWwAzZiFHSiEiauf7yU6jf2PM,435,normal,0
1dMhjBi3CWfrZgkom7JNwHb6t5cg8XhB,436,normal,0
1NsaLbpXJeH3v3dxCTCcraSPpbv2yYjC,436,normal,0
bc1qru2kv007p89fsakdlly309q83tw9mkv4ryzcly,436,normal,0
1WRGz4kbENV9jbf2g7wsk43nmvTGJiWL,436,normal,0
1rxdXyPWGEruUcriqCZwXRPVQoPP9NZT,437,normal,0
bc1q9jllx0l8mr3psfey3vp757t8ewrqnkcd7ehal5,438,normal,0
3gWwyWo66a1x7nmRVmsWKuDR4vHbg1xe,438,normal,0
1fAV7HFkTdrJXHfEhLrXRmabeEnZT6Sh,438,normal,0
33hs2xMDj59T2QMmwYL49htbqLNgQbqV,439,normal,0
13YaGVxE7sammGPeL7BpGqpHMenCDCtQ,440,normal,0
34pCKPMvY57rRCtmWJrEN7sKf9ZuTD9Y,440,normal,0
3AE7WHhz39ap53R1rhwYRFvKJEEJkT1C,440,normal,0
3ypREGoQSJ5nShCetcjY3tBNA7Qooy6J,440,normal,0
3sjLbQBR4hyqAuoGNKiXAyBH3zMoQtuz,441,normal,0
1qSz58Fg21JQiaf9XQwhBDJ4ZY3qQTcs,441,normal,0
1Rec33xPnQYnEuxvDa1Wgp9ShR1dkK1L,442,normal,0
1yQ27WtM1NTkvSPsMafqghp3iSMbSxeY,442,normal,0
15d7x3uUwdXvw7pwGRqGNe6qjtt6wLnA,443,normal,0
bc1qclh2ag94027e9wccjhp4z7gpgcns8zudkkuzsl,443,normal,0
1GzGR49YD8oNUXvoBT5YprDUCeAKMtfj,444,normal,0
1fBBCBawFDaos6DZMCoBENf2RAYk2rex,445,normal,0
3uw3yok7JL5BLNBCeAHtQRVk2ajuidFd,445,normal,0
3zxmiP3JTBmgmDDiWJ8PDwNcutoyxFEn,445,normal,0
1ZieQsg6oztg2NGq3ehpJNcXQdP4ZmCP,445,normal,0
32siduH4pMdSLX3GDUuJBvKvrMqDnA2U,446,scam,1
1wooF9Th5KFLx4mjzzvrvEX5PAyvnJDs,446,scam,1
1f5NkvTbGi2gzpQGo5pCBQBpxrSJeVKV,446,scam,1
14UVihjRKKBZThxF3Wjp2Wa6p3o5o379,446,scam,1
1vKar1QSfhL978pZXLnei22JHe5u4jro,446,scam,1
1BmDm5ovtKdC2KdfE2nTK4yH6954W3jw,446,scam,1
1E52tPQs1E6QoaZWcM3RT1rUVtPi8J8H,446,scam,1
1P5NS2dP8Jo9WX4kA5NrFbR87N886nUC,446,scam,1
bc1q3zez5da0wan3mndm2v3v9nghu370h57k428cw8,446,scam,1
bc1qp3atvjdyhvtvk563p5c9xake2vzyzgsxx50z09,446,scam,1
3PWdC4cCjGsUR6vnRiB26VuAetMo8k9R,447,normal,0
3xS4ykcxTeUr86w2cJ1kGg2pdCjijXSz,447,normal,0
1qT2raTFytEEuefiP3SSmSiYU1snNP2a,447,normal,0
3CQ4mneqZv3PQzUKLt5edpKr5w9HET5S,448,normal,0
1hZ8pzzLgybETYaHg1G9v6VVJdvm68rX,449,normal,0
bc1qvzlvwrtyrfn5nhjzle9z07c4x32fz6080ha0ah,450,normal,0
17urS1fkg2dWPYnabtsP8ySS6d2YySHL,450,normal,0
1f4JFseKpjnzySn5UiA9mBWmvyV9U72N,450,normal,0
1isw3BoR2pwCaiLwsTPoNeAz6naeMRbZ,450,normal,0
35b3CFbKcVT6shLLHFonwFjkrVzFRrii,451,normal,0
1w4ZNVNFrpWfLVSqE7anEiHCnd21BKeB,451,normal,0
3bsNBwDKSoj6M5szB8quUYSp1uafT362,451,normal,0
1zUxMZygVZkBnL9pQwTQc9qdEcuNHmh3,451,normal,0
1zDpHRRfq2a8HKfaS39fnSsNFCkcnzFx,452,normal,0
1jD2X2Wzft7g3sKnamYaU25P4ZnqhtFG,452,normal,0
bc1qaq2xmg93eq44wvwwpp03nenys4gtwffs5kdjyk,452,normal,0
bc1q26zj6sm244anuepv9whyyyspj09gmy8lq8ewk0,453,normal,0
1HNkuH1FrLehZqdGfVQgPNGSjLhBCk4w,454,normal,0
3V3NHyHYxSPZynmDgjrnw15coiWRrmxf,454,normal,0
bc1qaj0mvs3wtejdzcmwx78qwxey6pu8tc5zfsy6hz,455,normal,0
1K2mhEz5dmv8SUTxrn8UBLpkjSgobaod,455,normal,0
32J9xeKAggx9q56gvCJVHEiqshN4UfjX,456,scam,1
1B4depEZX9x8792EZAoegZDequfyv37Q,456,scam,1
bc1qku26e8kfhu0qzjed778qkp96y7s45hsl5zun92,456,scam,1
bc1qslfmrekzf940u38repe2qgdqvdm2mz3jukpnq7,456,scam,1
3doEBnK3vNzqhzVqsksK76hdEQDd7h1G,456,scam,1
1re5mSurSYVk2gxkQA5ZvNkZwRayn3Hm,456,scam,1
bc1q2fwyf6a4rumqf4xjx5ej2q8k0n457hs5z303kq,456,scam,1
1j7owrp9kDjHZ71xoeKkMBMMyGmdRAMv,456,scam,1
16JJ7AjnqmrodbV45v4gDj98NAeH7YtU,456,scam,1
18RusTndLa6mwh4155BnEFm28TWeuRNQ,457,normal,0
1SzBCtZ2pYHjfi4MDZkxodri1NogQ1gq,458,normal,0
bc1qx6rpp6mqrcvjhn997ye9majyc4c2a5xdsn7hja,458,normal,0
1hNvYaq8G7KQqxR9oQF4E4y9Jw5F2188,458,normal,0
1KULvLC6KGWiXZkxk2wQNjg9p9zXX2j9,458,normal,0
3irL55EP1wVmUsKggRVBmVnSDEdTZ23V,459,normal,0
17gxKYM4jrPhC9375AyvsvXut1oKA9mQ,459,normal,0
bc1qz3z88p588rzx9h4ez8nrt0dtm9ftdmplsfw5kx,459,normal,0
3YPx2aj2PimWh55yuwYaHhLJ44AoYuHr,459,normal,0
1a5T5aBpYnViFKuVWKeTVapKQm9WzGmG,460,normal,0
3h7havtza7MTYMwK8uEsNJhrxhPNjVfW,460,normal,0
32oWfso4XzVi4vLhhQNE225YD7rH7AXC,460,normal,0
bc1q50ult3xcspc47kxu4uwgwcr34hc8psed4r0vq3,461,normal,0
1dRh8korNbaHJjP9ESHeH57zp2t3sykB,461,normal,0
1dRYSp3L4sTAGC7vQ8mvWM8fRXesCydT,461,normal,0
1w8nBT7SopQMhL9WeGDjedX498yyLjR5,462,mixer,1
3gvpq3LXjR54AgwUjqiiQHK6ep3qsHDY,462,mixer,1
13BgjTWy3N1EMTruvBGVuCqJSjJrMtS1,462,mixer,1
1qzyPx66ee3SMqSoGCxCkSYf5q85uYZN,462,mixer,1
1PfnBkWCse5SfK9qA9ywfAPGbH5cVNsx,462,mixer,1
1R6YSQkYBBjHxQvazuaxyGUU1YecEGjK,462,mixer,1
1DoutDXZESwh8PvhdCwRTaSRia2b2XeQ,462,mixer,1
1G424CtAYQ1gDmTju2JXx1gAc3GzFVt6,462,mixer,1
1k8EtXKVuCYudFeChAkTonZgJxdMHBYu,462,mixer,1
1y9gGooqGSodxZEAqL2kXCtZ6sgvPgZ7,462,mixer,1
3jT5jZ2etZuq2fbco4H2gEFSoCVAJrLN,462,mixer,1
bc1qedwjr76tp5v0tdln7gevv0pxnattmy566f90xa,462,mixer,1
1d8en6bHSNQx4rTEUemjwZNzs5RWypxT,462,mixer,1
3QPggqe5fRuTeVS4pC9DRJLdndstPk7w,462,mixer,1
1Vj1pJDykHAKf7wTAUD8YWXqJnzJACA7,462,mixer,1
bc1qdrhn0fhcy72mnfn6fnvelg5w55sgeqjw6qjfhc,462,mixer,1
17YtTbdAmkA3Sb9diezoHNrcm3CZLPW8,462,mixer,1
3Tdk7qdjiZ6UpCQKffD7LMGoTN7DEaU8,462,mixer,1
3TWmKwR6U7Uu1MJGFVk2XqjsmvGRX69Y,462,mixer,1
3X1TfqwQGt5C7WsaurfLw1jkRgrV9fUV,462,mixer,1
bc1q8arqh8wpn0jt7v8lgk4gx9syplqwu4l6j9q4qt,462,mixer,1
1ko4EZNiMBZqaCD8EAggUYZEzuxLDPbm,462,mixer,1
3Qge7xfWyrWTGZQZSntjdAANnimJFYmT,462,mixer,1
1SCZY75Wt8tUQxEhNfqNPDfJQt4Ujdag,462,mixer,1
1rj9fHbTGst4fdoWnAaNMmhJ8VeEmvrg,462,mixer,1
1F6Lzdn8HB5PHLoxx3eSWvRALAcQYH3L,462,mixer,1
1rQBpjmYhmWs2DQHWURutuF4VsjyVdtf,462,mixer,1
15ji1e2SniPru7gwK2YButFJtT7Qo3J8,462,mixer,1
35Y4ZAdA94eAuM6qmEg21CemP35sp6LV,462,mixer,1
1kvwVCgd4nPQM9GXZDmg2HgYPXmrKMRb,462,mixer,1
19uRFDEuGrzwhcbzLyoxTN5d3EnKcDs4,462,mixer,1
3K6E38Us4SjrsHjwpHte3DQhpdGxK8Yk,462,mixer,1
1yhDEKnkiFqnh3qnvW8couAv7hwbB6tR,462,mixer,1
3yUjDdBF5aRWhja8k6jtu2bt4AxGbcGy,462,mixer,1
1dkX1rk9tvjsPVfyMGsPULJj5z5fikDP,462,mixer,1
1rVmCaSGedmSBLt2jBFZmHgA4F5XhPg5,462,mixer,1
11f3fi2iDgkQrX9azRgGgNGdhsyv62Rw,462,mixer,1
3FFEaCVRMuEqKbj4wCmLdRSagdnBGcQc,462,mixer,1
1NpC251k8hmzmtkQkLLrLcwLYfA1VJ4Q,462,mixer,1
1oumcwW1Dk9B7oiVWNgg49PrHpzhfaGd,462,mixer,1
1EC1mJ7o4FhY9Zq54AqyfWCfNuvVMPy8,462,mixer,1
1EW4i4YqfUripEEm2sCBP7WRUUvbggC8,462,mixer,1
bc1q3mm5mzrfwvewdqulqvmzvuqnzz0n8ur4txukp5,462,mixer,1
1ei1Mg9xvNTZW1LxBUHRgYgP3wob4srL,462,mixer,1
3Tv1mhRFZnsuvCZQ3nK7TAqWN1wthhB2,462,mixer,1
3BCNC8CrruFc1CeukoKHmuRyv9zYRGMo,462,mixer,1
1xKZWHewXh6Mj79kfNJQqtcfGobMFzhx,462,mixer,1
1ZxjKdfhvfkgvq5UePFPqiifnNA9cnXi,462,mixer,1
3691dm35c6YjLqdWGr586KzfUGEUw2db,462,mixer,1
37x4Mj1KkqMfqRhw7giVziJ42wnQgYQr,462,mixer,1
1HkKPfpJB62nLB2kZzKu6yZCbhTMJd3v,462,mixer,1
1VCMN3nQL8Ny8f4dEWQvVqW1vwVvseRj,462,mixer,1
bc1qrczx4u99u8rsj2v2dzv820cgq592jrs8pyfjje,462,mixer,1
1XynaYx18ca6hsjmwnk68oFFsXgMyjBE,463,normal,0
1JGBJ6hzV1jWyqq7AYZYrfTGGpZYqugi,463,normal,0
1Zo5DkCCp4vZACy4LKaKjunGxM8fYZry,463,normal,0
3hCZKB9Jq7Y3n8btrivFwhs7GYYkJEH3,464,normal,0
1B46hyNwAgmYgTcQKSC66RV1h4TB3Z97,465,normal,0
bc1q77hkjsn296ljqkkwaqlxa4lzjm97wrugj0jsn7,465,normal,0
12ycgFz2HG6XcKA5Gf7FrUmfgYNHaFgE,466,normal,0
1Xz9prVp8QHvABH8BMqs1nEwakEJq7CK,466,normal,0
1CFxwWA3VL5fXPEuX4k4wUGBGffcjhcz,466,normal,0
16afJtrrQy7o4caPqZdnmeanj6a87tfg,467,exchange,0
1c8YuyncGK9ri1THDDjepizMNDtLDDKd,467,exchange,0
3n7rfV9h1J4vxdkECKAJrDuhrvw3x2gi,467,exchange,0
1pqWF8RDF9KiF1jaisjYqBLHXZGvdp2Y,467,exchange,0
196zBQYgtbeUf54ALw8dZvujCXqBJKig,467,exchange,0
13VRdehu5PAuzbE66rdWYZdP7USPw47y,467,exchange,0
14QJK2qAWVR48jx9F7R9NvXQ6232ERxT,467,exchange,0
3PXxLGerXiGcJwtVhus6pmbJtQZ5xRFx,467,exchange,0
1C7Cet5bBDTDwX9Nu869fja3pxEqo64A,467,exchange,0
1FV2Q3RsWkKcoCkPBxAdBMKwytSNuqnk,467,exchange,0
1RFt5Uf6LQPzfv4ERNFPpwyKBvEVBHUU,467,exchange,0
1Rpw9BTmXR5YLiVe1JtPqNBqAKoqBm3Q,467,exchange,0
3UHAQKfVb4RJFX6gviS3miDKwqtZgYF5,467,exchange,0
138PRwNGyydfQC67rphokMJtCH16P2kp,467,exchange,0
1vhWgs4naTvc2atZGNanpQzPZiFUHMHh,467,exchange,0
3QqgVddrqnXH9PoKBhei4orwLERaBtXM,467,exchange,0
1HeYykaM4tmyVaxixUtXCqMF4qZ7Na1b,467,exchange,0
bc1qxpcfw720arsen5zqw4rfd3hs5g25lmuk7ycl54,467,exchange,0
1YMa1RdroFAnorroazeJ356W5vDy3qGn,467,exchange,0
1gW7aHTvWe4cWXtmFXEh7TtdsAVPgBYL,467,exchange,0
14632ShfiuVXK41fmW45ZE9QhkmsSRpx,467,exchange,0
11R71aNsGtW31Y4v271Aq99o8BmScvEx,467,exchange,0
bc1qy538lm66vgdaar8sj9ps8vwa75z2anjmsnn3ck,467,exchange,0
bc1q9ufhrdg8xnlwz8ea0a2t6f90h7uwvxkmcdz0ze,467,exchange,0
33vzLgUF3meRTSxVqvUCdR3hBsnfwUiL,467,exchange,0
bc1qw8qejcxfdxfadxsvnjl9zmlvmpk4e22a7mgsun,467,exchange,0
3zdKPzDccCE9GLsNoGEPRTZtB9rqafoq,467,exchange,0
1QrXjQLfzhAj1sFvmgc18DFthWhS5sg5,467,exchange,0
bc1qxtp35sewr2rw98r53642jlg039xzg90sptlawu,467,exchange,0
3c1vhaCRxDBxStVTpFmi76LG6p4WNFxf,467,exchange,0
1wyxX6J7JwCUozK9eF2sRjtHoRy8KDZo,467,exchange,0
1zoZxp5TYLno9mbofvMLx4PbKjXHGcse,467,exchange,0
1yN9sZeXtuBiLNufWdcebCCtKNPmK2oi,467,exchange,0
bc1qss9vdfhph039qqepdrtfxzf7dqcmrz38g785wq,467,exchange,0
1GjEQcDTAzKvdhC8N6NUeLLFcYycX5W5,467,exchange,0
1kyfEPzmjZke64PsuJbzrrCNUBoXEgUs,467,exchange,0
1krDw8U6rA1ifgAcTjbjonXcKAjmXXN7,467,exchange,0
1SjVs94meVxpP3uRRge7ki9obMwpSaNd,467,exchange,0
bc1q0huhcgr8nca6vqt6e4whw6llnkme20xlpwzyl8,467,exchange,0
3KzTuvpusPx7ZE7SGDqCyQFwsyGnUD3N,467,exchange,0
1PWmZuRSx4W4CuxN2WoRUU3RdikP2ZQn,467,exchange,0
164TZgTQPxwpE9RqHYJx7inH5CkJ1kqv,467,exchange,0
1dUaKZwEMesrR411y5cjkA1zZY7RhEay,467,exchange,0
3eEnkehiAX6d7ZedtFcvw7gbXyf97TN1,467,exchange,0
1a5WpQWTp17Z3aUnVkvMp99T9Lfs6N9k,467,exchange,0
1FBZ7svSxUNsp6YYD5E6wgrtWzKdG8GM,467,exchange,0
1spYkUtCstPNgGYUjQ56xay9MUqyUhrN,467,exchange,0
1Ef8WBX7rNHbmDTCb6xpDK8FsN2DDKS1,467,exchange,0
3LeTwhZVMVLipKUmMLnHbA8ZwywYEgcj,467,exchange,0
1q9zNzMZbYXJu3zrP4Er5N5ELqjRQ4bn,467,exchange,0
3MmTgdUmpFbYsJKXyY6FL6BNpGitavmz,467,exchange,0
3GHxv62UQrWuz9googVTvRQTqBnr3yTu,467,exchange,0
14xGzfFERVwkYWHLw73xpzkcHDeXz8pr,467,exchange,0
3aCn4z1EjJ3gpGNpqZCXpk8yYDko9u4E,467,exchange,0
11USSKzUmQ7vZJXZsZYnzigWacZLPwZh,467,exchange,0
3YgoyPWmeX67Kxf6WfvKT5ixg4RenCtF,467,exchange,0
3dtP72bxiworpE9qYjaSSawUbjfdaLA2,467,exchange,0
1CRtN4iF4yM9H77JqB3oVTQw7tFENCvd,467,exchange,0
1QXU4GnhqdTxm52bJshkdBqneX4LrMEa,467,exchange,0
bc1qeemrh5d43p3m42dk7w3ftjdhzhf5fmam5lw8yt,467,exchange,0
15qXsyXfwjuooKoAigC73u7Y9YzJbr96,467,exchange,0
3z6zXrN2oYkdTG6FAJk4jxoJeRu6gzTm,467,exchange,0
3hM6gSSBX6JPX4UMmbzmUrZUBvrwEVZQ,467,exchange,0
3VW7kyW8C5dedDwmixfs6YRopX1jxqYh,467,exchange,0
19BiVdxUrBpJLNCVZwKD1m1FfbYZhq3T,467,exchange,0
bc1qd0facsty2fyrrzrlnysnf0ajulf28g9adqxr2j,467,exchange,0
1BTSLqGmtQoq1dJvzMQpiiVF7KrdAjUU,467,exchange,0
1tjHYVU1DcAtkZ4X544AHMarwnakqUJ8,467,exchange,0
3ieGffvRgXfGjxqsshFqsgrDGZDoDaVu,467,exchange,0
1ZEcosSaesaAPZ8VEcxoUb7RPCpAGN3Y,467,exchange,0
bc1qq4txaauvd64wtwxwuwgy553qwjvgf3rfzk3vcj,467,exchange,0
184nGGAJcmXYDRP7abJrf8gbuTqS6EAe,467,exchange,0
1SGQXCHWSwEfcPXqAtSjmaM31W9cknLv,467,exchange,0
1inmParxs12egteZUUzkmdBsmJityMm2,467,exchange,0
bc1q4zzwxaacavms6nhh30az09xr4yuyvh3n7jqhs0,467,exchange,0
1Uazx5Aqy3YNx142Sgwrzgk6PQayPdFx,467,exchange,0
3jBxAxHHMPUNCEC97LpbgLJr6DgtrddQ,467,exchange,0
3VSdfDE4Gc6MUeMe3X1PpjkqUfQn51vU,467,exchange,0
bc1qa5kn9wt9h0dl4ra5q4ns4e77au4jqunj5kk0hv,467,exchange,0
1LW5grCzYiw4kQHZWLaX3NSRAF2wso4v,467,exchange,0
11eiLJhSx7Q1w79vyrkroFN4TShQxRUv,467,exchange,0
1vQ2Pg2vZwQiQmWUNYbzdEutXdmGe7fL,467,exchange,0
1FWAydve3nDMxA6msrrdoRtw2e829WUs,467,exchange,0
15qrxLCHkiFB675uhe49UiTqk9GYVDhc,467,exchange,0
1FwsG1gzbG7HQBGYbrs1ELREtDpyCZVH,467,exchange,0
3tQTMSzcSTqb3pjNc334nQcdjPymqEb8,467,exchange,0
1vQxz46wMJFkbmptNWb7ch4XWgntJgo7,467,exchange,0
3yaaxt8Pjqvhsv8KJUT6yfjfNH8W631x,467,exchange,0
bc1qq3cgkl9g7vddsvkm7t7mscgtfp4rfe6r6e5eqv,467,exchange,0
17Vz1BYZKXDLLWvdsDVBpCFrgytp8XqR,467,exchange,0
1mxTcByBPabNjauJjD8EhnqMmkkYL1aV,467,exchange,0
1J2xVDgXAdhT7pYPTNVYedtw4R8ZzGpK,467,exchange,0
1N86Z3fMHNM5ezj9K7Q9ZUGLcH15Uwr6,467,exchange,0
34zvijRHf8LLMEGYmPvC27uQRg7JUk7R,467,exchange,0
3L5PyXFDXUzaJ1og6DJ5hYZ51g1Y8dQX,467,exchange,0
3jLzP7LeP7JewmiPMbrDbYwERc3xWCfS,467,exchange,0
15wxa4bHGzaay5RubLa9wWnBDiy2uff3,467,exchange,0
12sLoRJHN1G2j1Rj1HPno8kgg4Z6vZXF,467,exchange,0
12CYhuRGn9tWCBEsYFvUgwM4HvEAiRy3,467,exchange,0
14HWFPEMvABTqujQHeE4suqPxEdWyDrL,467,exchange,0
bc1q6jh8sl656evrum4crldv33u9dcejfrxenmrcan,467,exchange,0
1XJxYMCfJgVWPSQM7BZwrtZkygjNUDbD,467,exchange,0
1TUPrW4E6p16B9h5GFiqmaYPsEirksHC,467,exchange,0
1KpZEusNKkrqNqsWKdZanhFgUyaDcm9Q,467,exchange,0
1xKE3gwDNmGqNC5P5YDkKsRTw2sUbodh,467,exchange,0
3npApHX7PXrMTz72b3j53tEu2BCy7n9E,467,exchange,0
3Q7C7xuTfZF9DAcPH7H9BTuFh9Tpp98K,467,exchange,0
1DX7Ni3JM8vgSYbxVYcZt3rv6k8hPqf7,467,exchange,0
1UbLCDCnkSDNPsJTgk3EDnRupdnD63yy,467,exchange,0
bc1qvl2g0v6r0yvztf78lxks8dh603al6rp8zntfwf,467,exchange,0
1DByX39ZruefSTUZUtybQubvpJE56RB5,467,exchange,0
1jmSPxwq6LmgHvWEsgSoQksKpD62NPVY,467,exchange,0
13Ek4jrAWNdT3chbeqNcRgVfDNxaLEHz,467,exchange,0
17HdJrNBp7BPnxcU3U9iq1qgzZ7c3kJ4,467,exchange,0
3xxooovge8M8tLp7K1Ps4cP1j6nGkJXh,467,exchange,0
1BfmSFsTH5yCBtTLV9MmJmFmdpxCKNEf,467,exchange,0
bc1qdwvd277camss8jc3z0c0x0vhq7n55ypfh8w49q,467,exchange,0
bc1qhg20edpsukwj5eh57q6uglmcauve6rmf22fm8h,467,exchange,0
1uRhNDwunRUY6ESLTynDN6pLMBCZqh9E,467,exchange,0
1MkEvLZjMoCunfVqgdEnHfwTPVWMcGiF,467,exchange,0
18jfY1kRK1UK6ADmspi5MJ3ALHWZE1yV,467,exchange,0
bc1q5dtjnleszuyvymsydsue06gfg9z97w0cuy8s5l,467,exchange,0
bc1qcxnt5m60ss5rcecpw3p3v0e4gly56d49yf29gr,467,exchange,0
3vNmxu7mk9ehA3WAAD3sEGQpcAFFdbgk,467,exchange,0
17m8GhqgeYqpXsGbujWfBVcWRVbuBGS1,467,exchange,0
3nKC9erRtxqwvTN7LHkHsZRNWJD2zSAu,467,exchange,0
1a5LkkwchLtdgh8eZmVA4CveZ65E1q1a,467,exchange,0
1iEe8Kz6enc8q5mhVeTGzD2hN1WqJdN4,467,exchange,0
bc1qfudk4p8vg9h7ez0nyl53hyucdupk8n9rfq6vgn,467,exchange,0
15t8TKsrJnUTuZJtX7uDBkg4sz7r4yCv,467,exchange,0
37NarwwkxNk8v7cQa68u47KR39DrpQGy,467,exchange,0
1seSZBZe17sJ4b8w9mGNUFt6SYuRS4AV,467,exchange,0
1ceCWazhccJxWZrksW6b5wgDwbFLYjzV,467,exchange,0
3P61iuqpnHXF1hc2CaB7E8n6mLvZCLhy,467,exchange,0
bc1qwughkr04j7r66e3f2wss5y0s7stkum92z9m57s,467,exchange,0
3f9FrJHzH4MQVAwLYqWB6sFrdTwDiSA2,467,exchange,0
3e5T1jJekK8XpmBxD5zg25V4mtRUuaRG,467,exchange,0
bc1qcunsqsk7vntsux7px86893z272pervzdudrp9q,467,exchange,0
16P2nnwyGDPxufthZiHb4vaT5ZUkqjmh,467,exchange,0
1Dq1uHEJABefxjvYbQE9ux8mm15nGFze,467,exchange,0
1uE1d1J14GYuxTPcLvpzjdjv27zL3yNU,467,exchange,0
11AvPVcY3kputf3gMg4AkWpfd1JSDSfw,467,exchange,0
1fqd8aqDraTyJaqbDR9TeT6TmDRVjXy5,467,exchange,0
1nWMCfTnkdnLksCmRg7PwJnbhgWbbo6j,467,exchange,0
37m9HMvBsVquX3Q3sbtXNN3MUBHKvub6,467,exchange,0
1txpxobbjuRVaenQx27Fyd8dDaW4VJvn,467,exchange,0
1yB27GJvgujsbwLEcypCbjq5zL2KRCLX,467,exchange,0
1koDsPvVqCETjBXFF4Zjd1GLMrKLSiZK,467,exchange,0
bc1qktwu5x2r863fqtcnyt9543a2qxpr224jmk5qvs,467,exchange,0
33QoVzBYQUAtyzxC2B8VMbdCucEdm2MD,467,exchange,0
18pFiXnSmp2jWC1jvEAzoJafDvrAFiWz,467,exchange,0
bc1qwqylvqpwrtmr6dk9whjs9r6tqadzfn76xythj5,467,exchange,0
1czXjYVLVTrDeVjo52D5abVwruCYYxdT,467,exchange,0
bc1q5tfjup6tn8qg695l5g9y4vvn7jvu47z0qhux37,467,exchange,0
bc1q8sh90dcx86f644a6k43jwnprwzhlfadg5e95hu,467,exchange,0
1toHgaGPeZi1aJRfauqYE9dsWzMZJqNU,467,exchange,0
17ziDW4hAHLSwgaJPdbgo2f4RSu2dLWa,467,exchange,0
14uTAwUKSoNZzbdecYCJJqLRG6AoakJs,467,exchange,0
13eCWLeGkdu3ea6k6A93Cq5Ni79ikZP6,467,exchange,0
1ZJ3MKv7nRjNBFY11rbxzVYXQ5g4q3EC,467,exchange,0
1oU2XGKqxWZpKGBUWHybLUJhF5r4utE9,467,exchange,0
1FbjtPtHGVnUyXG4pPcNbC5gUypJqNfg,467,exchange,0
1A9JE69kjy6APQZZgaDpgBmE2Xb8J89r,467,exchange,0
3W2jTVz4WYvgnkooiuiCvvLHznuNLpuX,467,exchange,0
1fV57Fv8QtqmTtavYE8k39LBRtKMfotU,467,exchange,0
bc1qyq3dz5asmd80dhwc2zhvumz3sn08tkghquaep2,467,exchange,0
1y5x8yZX1k313bx9C94PG9pB3beGdnPR,467,exchange,0
bc1q78ze3tun4trxv3dxe8v2hq4amp0te9x4qak6vj,467,exchange,0
3hpMUzLRbTRWSrhjonHTgw8JBnZL121z,467,exchange,0
bc1qggyvcafhkp38pk8yztrxuv63432q68sckzhffm,467,exchange,0
1d6K49SeikRzF6MmPhPka4i2ZXQYrNWN,467,exchange,0
1mE8ZqFpoc9DY4jpbJJHRbhM27jDhb6G,467,exchange,0
1nzkLw7cLCgFBSpJMW35XxtVGFvxYj35,467,exchange,0
1QDS3PKsoudY6CXdF6h3bAyRBiiXWMTw,467,exchange,0
3offngp1Um2L8ZUguR1gQRSxv76upxcC,467,exchange,0
39x6n2XMZULFQctG2eYMFDmRD8Hex9Zh,467,exchange,0
3e7akS8jXMiSbUEHzMjJteRJjkBC2Ttu,467,exchange,0
3zqdjANrNarG41DtvPb4jmncrWQShGHp,467,exchange,0
17owx3ZaPvFKcbG6zfvqzCVoBVwtVZsE,467,exchange,0
1YevkhtD9Z6c6RjX6zYVj781FK3C4YxF,467,exchange,0
1YLMWqH7Xhg5ZJha12s42q1yu6FG4vvk,467,exchange,0
3o8Juce2H166ouzGvsridB7Pjhcxoy5e,467,exchange,0
1rYAJKGiVnTKMR5aopyLUcdy7Qzmhbpv,467,exchange,0
1SNgqVLYy3he7KZWpm8fCmkfq1xZsFFa,467,exchange,0
bc1qcxw2vsqxlvrwwnxzvyf23xn3u9ehyhghkxl6dv,467,exchange,0
1ZSuNV4VGiubzQHvS1ppqQA6WyE95GE1,467,exchange,0
3ZtVkceBthZay1BnrkBejuPNrqxuYSgq,467,exchange,0
1ZabEYuk3Vfoeo5vmkfso1T9Dkji6PpK,467,exchange,0
1LKg6duYLzwW1hbyKbpSY88nVqrBKgah,467,exchange,0
1eRGHDUQvsow4gH7TAhmrmrSWCJ1ZfRB,467,exchange,0
3Y46ynGAw7QxwSUV45kxg5ZW8W81JsNn,467,exchange,0
3tfBny3Xt6axfcj2AC6G7ceiS3M3DLR7,467,exchange,0
bc1qm6qute2esegumtp24wljfndn056urgtjx2tvvy,467,exchange,0
1h7uwEH5LsNAJwJcUJre5kuMEP2d2jHD,467,exchange,0
bc1q7dvkhjy27c2r47sfhaht9ng9vrz88cl79f02vd,467,exchange,0
bc1qahgn8hfrf6rhqvcx9mq2k2j7kwz6vcd59llsc7,467,exchange,0
1R9fY1EaUwiKixmzjhiVyFAnBEz99HBw,467,exchange,0
1VxcoESZp6BNH7KN9arYubJXPg1JHWKm,467,exchange,0
1ULEJJ51PWeLjo3RmMCqPECeGh9JLvJj,467,exchange,0
1FJoQ8deQM1qcimfVXMtHY9nbs8pMjV2,467,exchange,0
bc1qv8qdh0nv944d2y0dc39qd80kaeqjz6f4cz90cn,467,exchange,0
11skBBXfct9wQvWdsdvZzaGNsgmtpjHE,467,exchange,0
1s3FCvBL4c1wiWXi31FXrb7Y7sP4zRbM,467,exchange,0
1R1ZZzcseQudBk4bM8P6rC9ixZTR32de,467,exchange,0
3WmKdJ87rV8Qez4GSKvZoYGX9mPgktjr,467,exchange,0
bc1qwz43x664gregtgqa8ydek0p6rnvuh8kgx4s85p,468,normal,0
38gAonRMjeN8XEFSiRULc8JF6EsVzH2q,469,normal,0
3m6db4y8u71zTGcBCJvJGBRPrHduoM6j,469,normal,0
1hjZ8ieYZijNwM5Vf8PKxGSeczs3zizE,469,normal,0
bc1qwq0p2vk284sw847wsr72nc2spfzlkqqee6rvsp,470,normal,0
1dGHWZ7sArTacZo81XhthpcxRnhjGC46,470,normal,0
33huE2Yhra8WpU9GnCMNab86ipnvgi8B,470,normal,0
3s24Hxj9tPfVyTMY6CNHLxPbLtVdjtP6,471,normal,0
35Hdwzg2w5vjnH2mye2NLiLLwdUBipQA,471,normal,0
bc1qmd0h7nyz0tq579kr4ywgvgn3u479ax8uucfgqd,471,normal,0
bc1q9fe944cng3ktym2x7rgg85ptlgnudxpe7jhhsl,471,normal,0
1igEn4E9B7UqcnsZ3W17ZAx6vmuzyvNN,472,normal,0
1tuk6z9tqQ7C7bbDymDK1wi5Xdn5ezLJ,472,normal,0
bc1qeq6wc555n9cw0f4uyvj9486zh535382jt34pd3,473,normal,0
1NuRzTbtSnP62DcvfPEXkhC9WrnraFud,473,normal,0
bc1qqc7jvh5clphjxj55t3jx8cacfkklkxmmqtmmp6,473,normal,0
3JFzb9VSsKjS8r9EofPMHQphAzNodr8v,474,normal,0
1Cv1uTsWVhxjE4gkWc2GwggoEHScSB4n,474,normal,0
1Ed8uf6qjsheDcBakdu6ZvoEyoM1VGgZ,474,normal,0
17k6HT9WZNSrhTB5XnqSBkWynCLFuZv8,475,normal,0
bc1qlp069a95m7f694qh4g2ada3cm5zvuw3teccsuw,475,normal,0
1k2j1fjXYFMmwKejTCQjvfPe2o8A6EQN,475,normal,0
1FW4UXhNULK2Eh6JZCC85goHtNqmYC2y,476,normal,0
bc1qft4xcaleaus072tpdqlme3ndfv7j7vgw2xczj9,476,normal,0
3Zw64HZQe7Prf2pPxHByuKcqVaKh3L7r,477,normal,0
3Pws5MmSgevB9e8iDWhre3h5ScaKk1Lm,478,normal,0
1SmGF1rgmeLXrif7L7zMitdCryZL9WyR,478,normal,0
1vWJ7UNGrVJTpRqVcNuTEkV7RKGS5in8,478,normal,0
3JopECM618w62BjtcaDm8sJdjr5J5466,479,normal,0
34Cp5CHMtmbAHwrXp1Z2pY3eCWaisQVJ,480,normal,0
3TmKBNJCkLkW4CRgy7hMusjKSSUfh9x1,480,normal,0
bc1q39mk0aweu9skl7lx4jlxn6qhzct2v29ha020dy,481,normal,0
1ThXosc9hJUMhMD1gAACB89Zc7Sg2EsM,481,normal,0
bc1qjkccfe9dmvt8w637tea8hgwnd6jqqmjw9ay24j,481,normal,0
bc1qwkga44t0h0xzhvsyrqwz6nxgggpgfz3dhl4nvl,481,normal,0
3AJb3ydtgPBBHj9qWMU8xVnGzVA46Xwo,482,normal,0
3258VMhNNmSWWxKXGQ83yTWnLxLHmfsf,482,normal,0
3d3snY8mSYhYazvpnZ4G2tBKqdw9Fkko,482,normal,0
11cEFL8zbXt8rMnMsk2tDghD4rvFZw1D,482,normal,0
3czZhwob7rgbYmQdwdWF9mCie9xvXa3g,483,normal,0
3aGytmjdwbSExd7h3TC2JUvWcTD3rFb5,483,normal,0
bc1q7pjcwdnpxg073z9pmdg29cydzrc8qczah58kgl,483,normal,0
18idZmJT2PDmLSoNhVKzqq4gRsbFHmib,484,normal,0
19d6qYXqDRr2MGquf1b56s123XwmXbGy,485,normal,0
1vavBoTEXhH5ebYkp4ECCM4oZ6gDFgkA,485,normal,0
1xHiKxQHjmPoKrKXBVaYnfvCKKtVukok,485,normal,0
1u5WL2TScRVdrdpH9x1krR8EXUfbxBDV,485,normal,0
1Z5C6BzSEMtnsc8QUX53CzRBBnMqvp7f,486,normal,0
1MT9trZxKKFYkCtbCyZH2oz7xBPym943,486,normal,0
1C3d5bBZqi8AKXgSjTUtjWZE2D7YBfpJ,486,normal,0
1gEyXP6EYTyykbtHa8Lpi7nfpRYdgw7c,486,normal,0
33QSbKqkPhtewEmH4y74vWQxCcVnufgX,487,normal,0
1xyNXsojnM49CNgGznt8jByqCXBQJyKk,487,normal,0
3tQMh1Gk1VdMb9NHsUXVAGgRVjYaDd1V,487,normal,0
bc1q2d6rsp2nkm5kd9gnt399gq56zmteuh3qjt3y0j,488,normal,0
1jm7YQfD6VBUx5y3bkuHMSDi5qyHVkeS,488,normal,0
1CTN4abnffYQNZuMDyXefjXbZv6UnTZh,488,normal,0
1XDsC6XhVZqMKMWKzXkW2S3arhsNpNco,489,normal,0
bc1qvku3ttmechzppfegg6jhaqlncd0tvvnfjzw632,490,normal,0
1wb6132EzBpTSTw6Wc1ZnZuSsHLmgnez,490,normal,0
1DWMezBX5eWxSpS8RBK9fqsDEa28uj4q,491,normal,0
1qwD79EF8wMwkFJfYRC7vYK5h2vqhFVP,492,normal,0
17RJcopTmRakdcCDgnWkxyDi9VaS3Bta,492,normal,0
1gvrTEyQQPij25A5jfjtdt6HkeneP9MD,492,normal,0
bc1q5093fy0w5hv2l95a703luzyqa634lvnmdqpvsa,492,normal,0
bc1qahpep6xr94mxy23me0wt9xhcrpfcxmfgatc9p4,493,normal,0
1sELaEWGzpkp9zFw15HzTHUXQr2Ga4sf,493,normal,0
3EE3Qq3eb4ueeztGuH3jevTm24oaXySZ,494,normal,0
1aSQMajLABPCwWVRaPWNQmUvryKLAeCY,494,normal,0
126fEAtQ9nTuVLgJ9wCqwC6UR4gzPCDZ,494,normal,0
3aRnERAqF5YNhPEEoWDhLXWiUE4xrnUM,495,normal,0
1Ma7JjrkmyiLhx9dawnDTbWT8g2WM2MS,496,normal,0
1nPrPQt73YLtfhb8caSsqfxRy76Qcaf2,496,normal,0
15oZVv9eWz1u6oCyTZEi8PqSBixHC4R4,496,normal,0
31m9jGCYn73umXsG9NVQgv98CGt3tDxL,497,normal,0
1dquh4MTnHtEy6V9r6p4iiJvSEru5s5a,497,normal,0
3qyoWx2i5dbYbwEP2kMLKQgD7c7F7APK,497,normal,0
bc1q92wjqkpm4d9cwys0974vvz9pdweljkq83twzma,498,normal,0
1v1wqcD1TEoJKDvoY72kjaHBNVyoPJCt,498,normal,0
1GNEmHdwW9LaTagZviipzDBBzNwwxrFN,498,normal,0
1CVVHiShe1DFaHYx8FXy1NayYyknYoN9,498,normal,0
3J94DFkubXhEcLQrvEPv3s497MjoTGbD,499,normal,0
1TdJhqDTxNZRogLg5fdXbmyMwm8vFniz,499,normal,0
1LxyAbE6ZibajS7STSFGuLCsZt3f67NH,500,normal,0
3RZCKfsWW1qPkHjd85kkHy3xUQiJYSP7,500,normal,0
bc1qnvp7paaf4mzt3pvwurv6ckfgmj7mszsfarc7lg,500,normal,0
3TVmHyuHruVaUvaVD91W5b67SgHHv8jc,501,normal,0
bc1qmn88ylcs6m9awm2lq6ccpfx284hqwkg6832mdj,501,normal,0
1vq8yxAbhPHjiddothWzCSrxF7iN4Z51,501,normal,0
3UVv4Jkr9pePukVf2EMJj3vvRJApiaBF,501,normal,0
3iEqY3nSAWAFN9SJnsER68GwasybX4nM,502,normal,0
1zwUBvgZJYoQLZY3pt4dUHT8JRdgJZGt,502,normal,0
3xzhPSo38UtUZNcqTWsVafNFo9LgVrNt,502,normal,0
1vpDxSbDVpa1kEV6W5cUMbyb2WKSs8mA,503,normal,0
1vTNLMRMURFmRpqESDncjq8EgAsjt9yC,503,normal,0
3VdnpEYo3q6CFDNrVvmdtpEpYhXnpPf1,504,normal,0
1f9evkg9gAy25FEV1pKMyXyJn1jcyM4o,504,normal,0
bc1qet5m4lzu5lru6n7850tladch5zpfa35350ycga,505,normal,0
3AizywkuYLpVaGt36gyqLJ81ZbELqJHA,505,normal,0
1YK9JfqL6tYZNcHXpY3AEe9ZjhD64f5Q,505,normal,0
15fx61KiGpeVrdntCGLz62jpxAwLAP3M,505,normal,0
3Kz5cWssWsUvkbgT6mXUhbVmCdT9ox2L,506,normal,0
1eYQsnbh646mzL54o2aoAPehCE4RP78X,506,normal,0
1BwvMz8MyAzsvZZ23LfT2uQJTd2Qv3ZL,506,normal,0
3epNj6Xp1H9t4qKXEv2yavVcbuVN9RFB,506,normal,0
34xCk54EXpX12AGuEMb9DNtwx2UCWLj6,507,normal,0
3vsQXz4zZwxuaDBZSw3H7R7LFNvJFtnL,507,normal,0
1KoFDF4Ju2Ezy3jjvmNcr6Z8QjZPGN1w,508,normal,0
bc1q2remzawr5fdktn5er7jv8c38j3xgk20ww5u472,509,normal,0
3toFr8wVtGLvfodUDC7QQFiqGwgsWxMD,509,normal,0
1M9uubR7sCjBH2zzij439MdDYvnNwb6b,509,normal,0
13h3CAcXpJ1jaeYQiYnaoHx9FP6hck3n,509,normal,0
1ZL5RoFznJyKYWieCYigTgsvupwDgjwu,510,normal,0
1PQv6vtQpiW1sHuPxnDppF1KFHgJc8Qz,510,normal,0
bc1qlg4pfmjypq2aga7t6gx6n2zgaz8msgqplamvuf,511,normal,0
3hnrubVC4ExBDaFqAq9X4LgHGyy9XmK2,511,normal,0
1ZPiJobo2uMpks6HGjaanCXFYhrvJze3,512,normal,0
3HjJY6bxirzx5oDuxAKq3TAy5oKT7FEP,512,normal,0
18c4pVHd9AqjiyDgvUTQ9bhQm7hH7e1Z,513,normal,0
3CrVJMjVJQTPwyeiqfAQ2YUxDFXvmtFT,513,normal,0
1rDQqFY8C7KSG4Y4ix4fNaEt2HBrqyby,513,normal,0
1kKfDSSYFMA7S2aGL3BvZeWtJr1gEqvk,514,normal,0
3JgmymSJXtsfDQFgntxNxRBt7pMKAntT,514,normal,0
1TWw6abfuizBTpX46EU5e6TRVFCsA8mp,514,normal,0
3irVPeJt5LHYXpC2rJNFzFVosResWf7m,514,normal,0
1EjhQxTFgC57ZWczq7pRARixdaXVFNpk,515,normal,0
14PwksthgWELLrzTaNt13gKVgkHWqjqx,515,normal,0
3eFwiSrwi7RwTxAomg3bVdyy9dSbyRFi,515,normal,0
bc1q8eg475xna90y0zyt8dru5uvj3c092acdmlsv6u,515,normal,0
1taDDqdCDkoaH2gdn8CrSyf5WSrHdcQV,516,normal,0
1yKBVEvMdcH4kkkyyW2ouMLWA4qg9UJw,516,normal,0
bc1q6wyyts34dc02hvm9fc9hpnda2m7cjptd7a2crj,516,normal,0
1VrRMTngcFTLwfM2vfiyCTAZgtXQkYA4,517,normal,0
bc1qm4z77gvjv4sxn2e7axy3pezp5pfjdw4gxzeg02,518,normal,0
16HjuDBizrmTokigyLhL8s1uHr9EuA13,518,normal,0
1wBz65zKViKSWMwzYFBmM6nhH7NyT5WD,519,normal,0
bc1qk8wazfk4tzpj8gdse07n499e3aa5gfx2jn3fu2,519,normal,0
1gLD3T9ZWDrJN89dQu8gVkkAboNNbRYg,519,normal,0
38Rzx3iAXZUDonKbVuTryQoSp79av4Tf,519,normal,0
18NRtSXnckNgVq7EJ58v9fAhbkva51JB,520,normal,0
bc1q3s4mhylmk0t3as3rm4q972d0zxze46pg2cgfes,520,normal,0
3WV4PAdYe9PFbL7nrAvmVeh7sFAQFG9m,520,normal,0
1C979ju86pvqvMLiJLiZqP1AkLqTm52k,521,normal,0
3Rvb6y1Y7GyXYkewpYF1ghhN7nLhsS1V,521,normal,0
1YC4L3GhCksL1KL27B5VcNUnhyxEziqL,521,normal,0
bc1q60y35ms8y4cyg9ksxg6mskcp2dhajeuvmwzfah,522,normal,0
1HxyennBfBi6GF9L1S5aSkgiKS2PSeuA,522,normal,0
1Fhqakq5AqNc4CMxSB6fVJXU4LoL4LAJ,523,normal,0
1AmkTMRAU5xS4HSLG2yo2VBLWzSzRm1P,523,normal,0
3E5vEgnXqaEWKXRRsofsFYXoXsCLrpCz,523,normal,0
1XZLsm5CwbjYhTrs79qpZAU7BJvnegxv,523,normal,0
1S6o1K3cUXvDAMsaSZJa52RwBJW5RPSg,524,normal,0
1wqmssbpTzM5C2NH8Ps9Z2oXZTyqLWrX,524,normal,0
1TeR92ypAjGDR9Y2SQrGkc5EtXbeNRm9,524,normal,0
bc1q34kn62tsu0r3ncjf6phcarz4c87ust3cd6jtqv,524,normal,0
1qhwrLKeDKWmKF4FKiAUWcprJtNtSUox,525,normal,0
1Fmc2jSyaJ7uLQWzdPPptxotsWDcx5Nh,526,ransomware,1
1VdfXi9a6PU6Di29shFwBsXxSEfz6Snh,526,ransomware,1
3KrfYErudVSaWkmRQeTKwY7bsv6kXPFJ,526,ransomware,1
1U7hdzhgVrhvP86tYMTEutKuJ4T4A83e,526,ransomware,1
1Xk3xmNj5o8gFwabEk4f2JNhZ6SjzXvC,527,launderer,1
36fG1J9r36cQe4rPBXF86qcVySPxTYCC,527,launderer,1
1BZRNo2mGwaL847kdPtyefhnCBCHeCmy,527,launderer,1
1swH2npSUzz6wPdhCm994yeYuRmkJubR,527,launderer,1
1DpcBPtyNme8KFCt5s8nXBJPRp4rP5ZC,527,launderer,1
1h3cT8tVZ1aY8DNFanLVxDAHAz4yzmPW,527,launderer,1
1Updpgbqyt5zyyv5oVA6iFX4CmUo5RY6,528,normal,0
1BTB72bE1cEvC2qse6LnFh8vdGbtvzHv,529,normal,0
1NtvG6k5nyafBF4XuF6FeWAdbaXuCaVW,529,normal,0
1p3LAwFZXjSZz2pe11pXukpWgUKBnWyW,529,normal,0
3fyWasQAQGvreg5DaMwL5F8xnWhiHHbk,529,normal,0
1aafAhu7V71zajVJbMG6NfvhssxpfUKk,530,normal,0
bc1qy6808va8yjlue6u6q5sl82z4kkp8sldh2sv508,530,normal,0
1JsaxKBMBJwTvW8fE4RnitKuYDme2raX,530,normal,0
15znTpfQJD9GCJTdFPP8TgYcasDjYtuX,531,normal,0
1Bq4LFdYw8ZZckJAWw8pRogUMTKPQoEs,531,normal,0
3BaH2xEJYUfSLpQmJvL1TSafeoLANEBZ,531,normal,0
3vbYC8iDdboDo2B3m2tPUhiNVyuBjDbU,532,normal,0
3To45buU5e7ywGurowqwUkJ4mTeNb3sQ,532,normal,0
1PTwFuFUTuwyj1uyCFNAxzos6Yhdj9y7,533,normal,0
1W6g2Pzia6HWxhdTj4nNR9GzE3eHWdpn,534,normal,0
1ExwXEGF13Fo1JW7RjStyAGKiCQGpiv3,535,normal,0
bc1qsquuhw3z3jhyexr6jhrhnqjvc9amxts34zm06a,535,normal,0
1fFQc7Q7L7bsxQguL44LZftSNU1cHRdQ,535,normal,0
1JfwMzRpmzduWWQQUyq5BGK236qmM9Cg,535,normal,0
1ntJB27Ap7W9rC3eLFHCC2a9Lx6kfciQ,536,normal,0
1p5ZVWHdYZweQEpxxkQBMbMxGtMMhpgd,537,normal,0
1MJ7KGT4KGcY9yKG1bZKcqSo3UwHi8LL,537,normal,0
3Qptym4dxkReDGrYNmYdk47MP2ab1xUD,537,normal,0
3aKNJP1hMznjiCfRPGX3wxHXToZy4fcP,537,normal,0
1JCyeN2GhDUdGRbFL3Ay782JPLqda3hh,538,normal,0
bc1qe3jqpleudge6f5a53883fzye23wz7tw0usvmee,538,normal,0
bc1qjyhlhnfzdr06pgrlua23fdg3c089st48zgqnrr,538,normal,0
1P7hb6unzWwkRx6LBRsT9KLFTYXqn1uH,538,normal,0
17DMjeXHwaePSJ9QAYNpE6VYqe51QrFV,539,normal,0
3Pbb5BDUtocaTR3ZjcCFAGQ75GjeNnBC,540,scam,1
1HdksKQV2E6XSbj74uvu6qiEvBJX4wXD,540,scam,1
17K6JCFVPVJnNkJvqQxi8VqFqiD15TNm,540,scam,1
bc1qfv48y6mycd9lpe7tn6sll70pk02ng0kc2xt73x,540,scam,1
3seUNpdm6F77cyY2wjaWap5NVHmek8Uw,540,scam,1
1C2DcvQAiaQWgLt45xxNKm6jQ2SZsecN,541,normal,0
1bci66RksrwYwbYDJZ4crM8mHgzSxTVQ,541,normal,0
17mRdMK29D7sDqoKCkRcDgirjRegPW7F,541,normal,0
bc1qe3e8lxt4k0tdvacaqqewvc80redw9w93vtxrk0,541,normal,0
3mz4ZrnaE1nScu9dHa8wVy4JemTYAeL9,542,normal,0
1gq6e5UxEVmgar23JqVA1BmoabcnBEeV,542,normal,0
3xsY1rcyVX3x5MjBzpLkCJKG639gdEtA,542,normal,0
1QuubbztL4TUs6AJP265Uj3t7BthJnw8,543,launderer,1
bc1qse5m539kjfdqm0qvslat8zdkx9zf5z3v4mksa2,543,launderer,1
1KKoPX5dg5jUkXDKmAwh5HA67J2Wicr5,543,launderer,1
bc1qum999nw7ul42krcj8kgkrvmutfy63693sfhqzq,543,launderer,1
3gnXgJfWMzSWPTJRjUYRSVtHdn6FLmZ7,543,launderer,1
1eqsoJ1EBLrAB8UmHpPDm9xkKoKmh98L,543,launderer,1
3v4NvZ7qgcDUQ5qKSe4Mfj6bFXTPEgWd,544,normal,0
33MWbEqH62b4YP3zeN4jEMJzQ8EUJ39o,544,normal,0
3yLCoAmu3jkcNeM1Ds7Asqmv7QNdPdgw,544,normal,0
bc1qhaqeet5lk8ya5up5m857luzds88zhy0d8rfjq3,544,normal,0
39vf8DmtRC6NFeJxH1qR15vKTo8m91Nn,545,normal,0
bc1qwq820wqsrapnjhvs6aepz0p0yf34y9jnshsvtw,545,normal,0
1nPfutpDzgFdHBzVBZuprAsbyZ8rPyTQ,546,normal,0
3qtR1K4CcjWKLWW2RJb6EGNYaBgwesAJ,546,normal,0
bc1qru0e8usrdym8dulnl9xz8q68j8gtmmwyc78lm3,547,normal,0
38tHVrm1cCD6kesR8XiAPZwb9kjaHmHo,547,normal,0
1V8htZw2HQMg6CbxfdQ8B7hukXzLqhLt,547,normal,0
3Q2RsZC8o91FwQZ8rGrghjVgjN6gswzk,548,normal,0
bc1qcawy3drlqnnl9c3nlwd8dtwhhrhx2vfaf405w6,548,normal,0
3xpPPyvXsUD9fyQiv8SwT95yPmUhwvXJ,548,normal,0
3pREYKuY4Gi2ETSGwaUjn49RhZWu8kWN,548,normal,0
1hXRo8VBWJyT41GyK61qQxcscCtaV2vG,549,normal,0
1X6eeJjpmdVHN1w2fX4UJjH4tmXj5hCk,549,normal,0
1tKT77MwwNhNCvyHh2s9VctkoC48Qc58,549,normal,0
3t8Pt9AyqxEHMsr4vucdU2ktXs5zpwEY,550,normal,0
bc1qk27lk3x2keeng7xealv7qqcal65hj6l79u9srg,550,normal,0
3ZhwJV4fwEy6gQYdjeUNd7ChGfpHxHut,551,normal,0
bc1qy8msp3av055hwu5357gy4883lx0kkjjng9qty9,551,normal,0
1um5dksN5y61dJQokks9SPzqah95TNP6,551,normal,0
bc1qkgql53zeaxu53hwywh670cnexngfpn8q5lk32z,552,normal,0
1uUxwX9FeWrguvab67aZA7qpq4VRwrqk,552,normal,0
1jrdQzMbjhkkWr3HAQFmVWTenTXnG9vQ,552,normal,0
1A8SwvpuzuUCfRkzRahrmCXFHBadx4it,553,normal,0
1SbMpkKKSu1hihnjSZadNZffsxGA5g5j,553,normal,0
bc1qml7tf6vsl7z444ggw2jwk9893vt2r2nu097z40,553,normal,0
1vfUrSVFJgMyxamsU46pMn33aQscMqJd,554,normal,0
1KmRP5UzYsweB8AV5ofwMAS6X8ZTX4je,554,normal,0
1GwmnptX9y25rUHbiyMHW6GF9jMc6men,554,normal,0
1Hcy6F2v3LkGyRyAQiSd8jNGpiofxkG1,554,normal,0
15sR6agDnAdmbUMDURr8LP2j5c5cXcQx,555,normal,0
1FuWLqnDRi5CN5KBqjjunRy7afk69L5M,555,normal,0
bc1qqxgxxrvl72mr93y9pk0ezsjm6eh2jnra9rnlj9,555,normal,0
1MarUw7GEpDiE1PU7tzhzF758jimGY9E,556,normal,0
3xvTXnmg4ZCp8EpxQohCpA5u857ae2dc,556,normal,0
3zZAcdTjjoZh8b8JGEqMitaTCbGyQZnc,557,normal,0
1barVYjueUZ3WTcYd4CJKTHJBDiPdaoh,557,normal,0
bc1q7ptqsu7k4hkjpknhuxeduefjqw455yqsu6lmvs,558,normal,0
1jJe4amftnPX84X3R87Hx1CBjEuhNzve,558,normal,0
1RPaNwPCCyqestQ2fjLKEU2tpJbZtKbj,558,normal,0
3kSoq5b7YKMVpMVSa9UiEsUfmk1h3Zej,558,normal,0
3xq3WWJUVtHEDL1dnkW4MNNs28mkuDED,559,normal,0
bc1q848pnasfcf63wpyylua3rl9266utdyctgm366l,559,normal,0
3tnVoH7c5uZmx9W6iPzspy7rDq8eJaBp,559,normal,0
1q9WTmFJEsfHUFQVo7btmtaShbqDMJXF,559,normal,0
1kpWfD8ymiufb2V59GDUVZ7kAo7NPJtq,560,normal,0
1FVGekeVVjm2Jk7HvmNbbzT6ESJDAGQd,560,normal,0
33SG9yZWVMqNHoZK3v1KA5t1skfdYema,560,normal,0
1WTn15kdSnTjRkVdEuedpCYbkDRhn3xr,560,normal,0
11ZpD6gNskAnnRHrSXKxHMTmyDoovCAi,561,normal,0
bc1q029agmgw7ldle48hxdkcl3tunzgpgxn7da0z96,561,normal,0
bc1q24sm0ukagrnr3wed0399mk8g3s70rnz4k8euj0,561,normal,0
bc1qc8f9n8ldzgn3d97k6t646pga60pymd6lhn8m8x,561,normal,0
1tEo8uUmV46jK81Lkzuca9u2THjPRAih,562,normal,0
3dEgW9Qhom94phMRPTmoWgn7yqUVv5zA,563,normal,0
39MtDGipBLrheWt3WjD2ScUxcZXcvUu8,564,normal,0
3u4nky9umAbmPK3J1ASq6UxRsajHMk47,564,normal,0
1Upi9BNtbHa8gq2T1KNvipgbCnVc5KzX,564,normal,0
bc1qf29uxef84d4pa3rtjp0ejj4pqvqr6yjhq3jlm9,564,normal,0
bc1qnp2mwsl5vec50pcq7c78lsch76vsrrsgvg04le,565,normal,0
1zhQvqNnSdKw6HRoVENgAmZDokvgRtAQ,566,normal,0
3xWHm7jS8tuyUuQTkSqMzWSL1SEGRPNZ,566,normal,0
bc1qlwwl5zfghu484yvys3rflp3fp7vrm4t7msmzs0,567,normal,0
bc1qa6xguspvuxg4s3zczzceurwu5jxvuqy8uj2cct,567,normal,0
1njp9uDHxenHuNoVCJmHf6WUJbnCU7Lt,567,normal,0
152efzNiXZt5cGEahq2Y1FhGp8PSqTX1,567,normal,0
1bkR4SdSmCLgcfQTpd653vD1bveVxPaR,568,normal,0
1miq2H4tKrJ7R5SShik7Dt1SDMKaPDdT,568,normal,0
1tqsv1KsZs2Zc1MwiXzHxkeannYQanHs,568,normal,0
3NjKqxvHkJNsbzpyrg2NxpVtDi48epfM,569,normal,0
19a6TDvVgeUFy6WGDqDxcvPSchGSdqhN,570,normal,0
1oohz4s8Nk3vnGJE8wUAgCDoMSC8wGHu,570,normal,0
1agVr9sjjZV3AHQSLtmMyqFz8kv4XShe,571,normal,0
3X21rkdR3cdUWLHFiMterFJQiY5Tmk8x,571,normal,0
1BE5CD2FySYBUZKVF3b6Tf3DN2EopJ93,572,normal,0
1ZogNoap1J9KzcNu7h5jUaocpFeB5u5y,572,normal,0
1GhRYcPaVFDtpkHRRXUpSa9gE42pYEX1,572,normal,0
bc1qjg08v42xrggrswv02jdy3huplmef0rfugjw6sz,573,normal,0
1HrurVijtc4PhktmLHPs9eBQZCHe7Kb1,573,normal,0
bc1q82ntue9udkvf3dpzupgpysutxfv2ga78cknv6q,574,normal,0
bc1q4agz82ru0ceg2kwhazd9kezn77v9qsw5r58kww,574,normal,0
18RD8mMgDa4fsSAipzWZqSyr86apd5dB,574,normal,0
3knJrrnkJ3v9Uinu3jZyzFNjczobpdWK,574,normal,0
bc1q9m6eezfedtm47mml4a2l9xgq796nyvjkcv6c0n,575,normal,0
1yZV238d4RBKUqQAz5hjs9xAPSAHKFWT,575,normal,0
bc1qqt75y6zp6r8v9hfxk4x5ry6qtd7042jz5l3vpv,576,normal,0
1te3t4DzV1ybTy5LUwEe64AsxWhKCEXs,576,normal,0
3pQyTznmBg9SReBzFR947FKAx7HnZuYU,577,normal,0
1AneZS9Z86c2D8eSmabNDQe5DpPZCkUG,577,normal,0
1d8sYADq9caBiqFgCnmvWML6rEyaX4QM,578,normal,0
1K2tNmLYMPDCK8DTvg3tX3swBoiLeg8J,578,normal,0
31mXx7XucWZdTYqPpEmR11JvrMqLNYfK,578,normal,0
1xQFWEWEBzSwmdxPDVAHLJdXo8BBReM5,578,normal,0
bc1q9vgzs9jt50ph82lmzl2n3n7pk0u4hpucx0s52r,579,normal,0
1rf7Yt7ghQGVAcy7WXpH1cgcaLXdVQjE,579,normal,0
1ko8QpwKMp5TLEpGmiea9abGRwsvW13e,579,normal,0
1mPvXvcTui7RMxcH7ptDv13owgEBB2TK,580,normal,0
12TiUYCgZGTr6ehLn6ox2CwZmjmCfSDo,580,normal,0
3k1CULqfxipAvyrc4F5P7hyBBpUMisa6,580,normal,0
3VWCeiiCPWaDUFTa79F2MmFAvM9U435h,580,normal,0
169HhDprqksuTP9u7453VthJNCx4oPn4,581,normal,0
bc1q7lhz763kr8m8js8znu53qglhp5cxpgudmy4qdg,582,normal,0
1hhjQaNZc57bQPVX6X2VvVQXUzU9W54w,583,normal,0
bc1qxs8v04nhjxnn4wm7jmmhjkucttdufq77ggekm6,583,normal,0
1fuiT8tS246E78GuskhYZV5tbXjfsWjn,584,normal,0
1weBdwG4d4rVXAuMcL4us4fi1wTChN2e,584,normal,0
bc1qexj2w0j82dk8u7zw9ezwg30pge48cp8vlw2jrn,584,normal,0
1Y8wPRP4EuX7Mpn21XHcZFzZAUbAu46A,585,normal,0
bc1qxhvpwjaf8q7806ze6gpx54euv8yur6hxs2u5w5,586,normal,0
3LEJ4CyaaNmwMef64ZWV7YMvURokGMYe,587,normal,0
1DvpZ5bUqaDB41WoEcokSNyKFV1789St,587,normal,0
1XikR37F72ngbU9HQD68MqY7b9rRN9Cx,588,normal,0
1m1SaHTUvxyUPwTQbH3KChnve6i4EuVJ,588,normal,0
3L5MPXvxypuj98kG5mg6GeRaGtexmy4B,589,normal,0
3ZBdVUYoCCr2Yt6ri5EQ2uinFDTTaqwe,589,normal,0
1fKfAYcEUXXJKYDBKNV8dNwQJdqUbHXB,589,normal,0
bc1qdkz30mcrnky8c43wg6s33sdkahywtyne9g7yp4,589,normal,0
1V3m2U7qUfEbsHYGZ52qmSGYw1kVB5cQ,590,normal,0
199S5SGL3NKRKgZMg2q8XPBuL4m15WQQ,590,normal,0
1ejGMVc8K6AXY25vsoQGDyaYf9jbGveB,590,normal,0
bc1qkkalyd9cvlyahhgmhcs3fd9awps7zqfmk5xg26,591,normal,0
1ZmZFA2qgFeYrHgc3u2usfCgFTVVbQv6,592,normal,0
3EtHbEDYkPQmVhhwuxFYbN6FfDz57xRN,593,normal,0
1AxTHPRmpgRVPvV3PX7uxX6Qgi6ibFFs,593,normal,0
bc1qe929936xgd9v3ttuug0y2ulugwnv7cp6629mfe,593,normal,0
1SDxkj94m6wGoq1wSvMrDDBGfmSvf5u7,594,normal,0
3RRLykq85N6pRKvmrjuHTtNfxADgTrQf,594,normal,0
1AUe24a11KW1DCBT3p1uaZrxbLwjDd6D,594,normal,0
3gn1LxypJBZyvuAGpT8U3q62jgYApvcg,595,normal,0
3EnbB59wpuh737Qq71T4wpfYtZLdXk2K,595,normal,0
bc1qk99fsnhcy6jydq0ysaeg9xr3kmjg6zlfu05t6v,595,normal,0
1yjMXQbHaGSEf8Vu37uEsZgcb71AdMuV,596,normal,0
39CkEFkwxwNaU9EJxAj9FuKq9ATL528H,596,normal,0
3tADz1QRuRsNqVVT1oqS7hhAP8YHGLC8,596,normal,0
1LGgbvZdyDmd2Gn7UfTHRUa1rAuvSjxo,596,normal,0
3cMsmeWRULsUdBUQfkzh3CcBXvWmLTgq,597,normal,0
1nbCNnKtMWRGKKtVjcB347DYjRZGQzxB,597,normal,0
bc1q9szxe34a4e3kee4zx22696redhm4prp0vcz884,597,normal,0
15fbQKJpb4URVzoRJnU9hgsk3jxrnTM5,597,normal,0
39MNNVyLyr7gHoPhw3ahg3UR2FTFJ1ei,598,scam,1
1qRy6TdE8GzxDGRDKMssCb2JjFDCpqRH,598,scam,1
1uQsZ7SLeJT7sNyBhZTc8Mg7QTWLiq2h,598,scam,1
1ueHd7Vimygm2U2job79PVw4S2AmgaoB,598,scam,1
bc1qwwumw0mu26tpt5amvu9puq5ar5v92ds7kdalzl,598,scam,1
1YaPy8EUa5fJzrb2iJJoRFNkc3u3phi9,598,scam,1
bc1qf6gmjv2x5cp97hpc9cf85mdg66rmyw0jg6d2s3,598,scam,1
1FeNxsLGqnBzZJPvi59vfjqdEbWmaZJD,598,scam,1
1VKdz6HaVTvJCVE1y1eB4vq7bcyY4yrT,598,scam,1
126rTbs3yWGBa7udWyQhiio3WYA5Zvcg,599,normal,0
bc1qngpjf6v75u8kd8rdh42lkackuxt7uu88rx3462,599,normal,0
1NXBd3DH5iFbTtM5WRYkxjimiiFiXAtY,600,normal,0
1vetn2SDPgmF8Br8mQ5j32fff7CgxeaC,600,normal,0
1a2WWxm64ze6B4kHnNvkeFZXfQfRFajL,601,normal,0
1MoJxSb8gTRCuDzuok41DxVFSDWrxkvP,601,normal,0
1qu3a5N5mbvn1osWYyybFErUaCT5Kmvn,601,normal,0
bc1qpuulcwcrjpceak29e359clew7n374ahm8m944m,602,normal,0
1VuXuoHgh7dCZD9KdQu781enUymvnV2k,602,normal,0
bc1qxa8zd59y24tjtldzhmrwserxe766frldnsyknu,602,normal,0
1FyGjoAgn3nKU1waKRkjVL3X9Kuraxu3,603,normal,0
37ZXggfX7sYf2btHc6MmBYVm75PpBYMm,603,normal,0
1hoEqU6wuGC3L4txvSvGrBvBDRCiZ7iv,603,normal,0
1kgkJGK3W5mpzpSAroYSUHXanxmLaU2i,604,ransomware,1
1H8F6n2SSSr3oAgmxYAgLN8DoPxT1fe4,604,ransomware,1
1Hsa1Sc54yUhNxevpQk1EiSvEksAUBFX,604,ransomware,1
1NpvhKEACoT1BXcJzRmCKw4RzmaEVuNf,604,ransomware,1
3HnPaXwm4tAEq2Xhs53pNRL3p2TVL7Qa,604,ransomware,1
1gMk9Ko2hbYmJv7MqwiviQz2WNYTHLdR,604,ransomware,1
3xrdC7Lct8dSLBwJnz4wKrDSQKpM6e5n,604,ransomware,1
bc1qx5m3srs7mua85gsxryk6cdyvz0jkmy5sl5g4j3,604,ransomware,1
1ZT9noaqtnFMomMhX7KCW3eE6f6oCn5A,604,ransomware,1
1ieuNFNEh9oK8BxUTSmCj3UczMSTsqq3,604,ransomware,1
1sRy6xwNQxsHoAWmVjy6iJ5z4LP9xabX,605,normal,0
3MAR2Nny7ppZQvKopRJ7xDYAurc779BE,606,normal,0
1HcbSFTUZ3CfMQJbNqdnyprhfVNutCwT,606,normal,0
1tqY3u4PT9amKKxDystAgi3nzb6n6U3n,606,normal,0
bc1qa8a0us34zxnw6rrps9elzumu5lpxr0p82n4qs2,606,normal,0
1BJTXXTjgpTcicwVo1UK64Z4gj51XiAz,607,normal,0
3oUYBCKraNP8NwhV3DHDKsd6Vty5j44F,607,normal,0
1UESzcNEdgxzmCZSoEReikFHk65tQ9PT,608,normal,0
17iSP4UvKEnFv2PK4qoSdUQ7JZARwxcC,608,normal,0
1NTqvGgG34ethAzkAJxr56XX8QPnDUYG,608,normal,0
3swehBuUpfyGT1deY3XDxggQQ7F62tGh,609,normal,0
1WoY3fSHA9QTEZrQ5U2D8A5rg6LH9pDb,610,normal,0
bc1qmk67lscze9lne8c8vv4k02gvw35ya5r6jxlj34,610,normal,0
1HkGi6jB9BnuTLeCFAVBLhLrkhjPx3yF,610,normal,0
1zELXUiJgeMCnzDAwMDoXXiKrCBhTqV5,610,normal,0
1MNFZQzPPbZNde7ozwhadq4FJXWkHJpg,611,normal,0
3sxcNEnfqru78qxsv5Fy4tbuEApv6zC7,611,normal,0
bc1qhf7avna704wly50qjl3kh44suup5nfhsaahhfs,611,normal,0
1UdPJdkLUQmzdzwA1QLacaQ4WzEAQWf6,611,normal,0
3xT4jCXaX4DxG9ys8viNxZrEhSE3Dnxg,612,darknet_market,1
1uPapxUWJFhR2KZkgaaGGS9pcki8VoM1,612,darknet_market,1
1w3meKnW5btZa1kjRkgimP5wF6e8yrJB,612,darknet_market,1
3VDr1VHSttcoRpEbRKRv54zpWcmq7BVW,612,darknet_market,1
bc1qru9hhfh8tzd43hw9mz4j8q6e4zmnra30eqc2ry,612,darknet_market,1
3x3wcDek9ujATGto1E4YZwqFhY5viTsH,612,darknet_market,1
1fJroS7AhPitYgybjj8wmBDDsu8kT2uD,612,darknet_market,1
1ngfCkqkQSGzk66Kz2wBo7PE4Zt1tK4B,612,darknet_market,1
1T5WzYb7BumZeGG9FJQH9jAqoEjj6pXk,612,darknet_market,1
18RCt8oJBXTQiUNVv2XUA5mHy8TExM4k,612,darknet_market,1
1KC62Ri88wHy53pRKMNZC12kdHq5m9sJ,612,darknet_market,1
18R7fLuTNGsW1gAEpZjXftauGtChFBqp,612,darknet_market,1
bc1qc8rrq9jh0y8f07t62m57d59s840v849sykuyw2,612,darknet_market,1
1dsD7UtFofEmvLbGQQVLd2bNVLyY6YV7,612,darknet_market,1
1TKadmRHGAAnHrSeRF7tbh7MbfgT1egD,612,darknet_market,1
3ihBRDHD4fAUB2uKZ9H28tPA5VrEb845,612,darknet_market,1
3ugVGpEmhCKsX7NjBNcxegfmnSrXyuFg,612,darknet_market,1
17qRdVrCva7brrZQixbH3WGswKF6d2sk,612,darknet_market,1
1DM7dN4gT9DvGLJ2kQwpodqppojGxcog,613,scam,1
1GDEVkaYEjjFMpa4MvzcBghvteafmNdp,613,scam,1
1Kab1MgN5PNTYJSL9wyCWD43TGSKW3Jt,613,scam,1
14Kv9ah3Jjbzg7fAgKzhJVUEDhjWYrfd,613,scam,1
bc1qwf724dz5gvcdnrzl50ha9958gv5tv2y0m6nzcj,613,scam,1
1TcNpZjhHPmsEoRdZj5h3PDoxL1QFKYv,613,scam,1
1CzuhutE3kb5r4XogezswFJPSP5xFej2,613,scam,1
bc1qdy7nd9whyc9uev8x8s5eep7z72qamn0enxfrmd,613,scam,1
18nxDyirhNXgsS6LHK24NWedYfcLF6yN,613,scam,1
1Yng681kWLUPN3SQquG1Cix12UbpSsPi,613,scam,1
1B4L9v2iKBAyJWzu1HBaKZM45DSX9KN2,613,scam,1
3ckuyVMA5ydFBRfLJjRLF729e8py92dY,614,normal,0
1NaEhPY8imyXyaqU91apfCWedYgDHcEC,614,normal,0
1JVwP3Fi5TyhtmwqZ8PWDUULo1jfpTc1,615,normal,0
122Ed2xai8mfWo4jLVSNgNKxKz3cbcZN,615,normal,0
bc1qzgmg9c7rtglezuaq9h7plymfcqnwqnhgr2vqj5,615,normal,0
3GkpVzj1jFAhuim9aZbfoXs4kCkpU24h,616,normal,0
14Uwq82qvaK7y2ttRqejmYXkiWNDz9Gc,616,normal,0
3nmFSf6VpKvCpEc4qibUfy6e6a4dyb7X,617,normal,0
1Nm9nVrMhDYx1y2H83CpDFwRrBcRK65S,617,normal,0
bc1qzag52536qqk0rzjlz2g6z7ykyl2ydharehyhta,617,normal,0
1mNqVSAtm4mwWBRTufG8ybnQtZrNCni7,617,normal,0
1HEoKe4evxDtHARqrerBTFyLHLcE1H82,618,normal,0
bc1qmpx82x7x2uqn3dvmy99e5jula3a0wtqzvtxq6f,618,normal,0
1rKmJWwVvpRpBFSnmdRTkGVczU8C1vHP,618,normal,0
bc1qrvpdax8etaj0kvyygehp4axscse7j6gn3ewn6m,618,normal,0
bc1q0854qa6cj2yvuys7sslqehexgf83wmwt2e63yw,619,normal,0
bc1q40lyqx3792x3ek78teu5360e47rep9w23nu3ue,620,normal,0
3jtK6fR9xbLt7tfHHVKRg2oQYeBGBjo5,620,normal,0
3DdMXTnbyzPDafFDMR9mJ8fP6WzqcSG7,620,normal,0
1eCWaRgrciQTZXowdRymWmDWmfovgQRb,620,normal,0
18i6ZKt9jptRL8p1BAty4QbGMevMhXrc,621,normal,0
bc1qw22h7hmtmlg06pggpge9vr308d5mgsmp4h44sx,622,scam,1
bc1qdfm3vwzaypeusz4wfm972f7t9ezrhm92put2xg,622,scam,1
bc1qv2p7027p03yctkuaw7uxq90rhpj6rzchzjdjxl,622,scam,1
1Mbe7gwenMgyyYqLUM6dbKUkuQREp8sS,622,scam,1
1ECicjcZezHjbdXcvgL7mxY9UqFmnP9a,622,scam,1
3yZ1kkaBxE7LDjxn3jAPA31i9rdqmwag,622,scam,1
1BjTdmc3bXbCyMGHRYj1eeVyjZpNi3qU,622,scam,1
15G8iA8Wabjoubnaknh6UiCSUSgZXJqy,622,scam,1
1yGywFatKLLS56WdoqMLfoQpWu5ku6Vr,622,scam,1
1gHimLih5QDR8HNw5kjizxbyqE5vFA7v,622,scam,1
38mRtXt3Lue7QSv714Y9U4WRZkyP5TyK,622,scam,1
1t9ZyBXs9gHsBzbgb58wUUtqKtxfXBjJ,623,normal,0
1dSqbWCQL3VYrpHbwaoqw5yzyTxZA1JE,624,scam,1
1a69WYE8qWqWKkyutxBkXbfirHDXbkcX,624,scam,1
19WPZs6J2mRMv4oNb1uodhQE7UyLV4Qg,624,scam,1
bc1q5y63da8k4fejyxqhfswgqlpk3uz7fag77uztkw,624,scam,1
1apwGyGPRRGaajzyqBzZBCV1SkyhezXY,624,scam,1
1G3buLCesZM4VvV3h9EUb6k4ojHxUsFR,624,scam,1
3Ap26yPuLR595Hoewwx6oChCbihTkVD7,624,scam,1
3Ho8vhidxHudAiTokMk78bNmZ4vC1CiE,624,scam,1
1hriB7jmpib1dT5ALgA48couzLpFMoof,624,scam,1
1F1rga4TMXAXyDa47TmNcLwQTDCkHvPK,624,scam,1
3pQFU1SMUZ7qMHh1vfarQkB7VnXChwdU,624,scam,1
1VD9VLG2jVSojhjnRVwiHh117haonLWt,625,normal,0
3iURefupQDPdR2V6AJzw4cHjXRPmAy2r,625,normal,0
1zKnyMiaCR4eSp3y2oWM4WmrdWNrxABu,626,normal,0
1Z1TTYVuLwZ5ZeD1nh5SDmjstwUZJ9xw,626,normal,0
bc1qj8mxsdh3ctz4lu5vxy6uk58ju4j6agveaa2cw0,626,normal,0
12GxgxoCXLgf6LFbGgVkMu1NyF1chDEu,627,normal,0
3BKoZg5GR3LyDVJPQViSUroGdxL2b6d9,628,normal,0
1ZswJnaBYVQeLzvVfCwBWjyt46eAHiRW,628,normal,0
1MXvghREGX8m5fDM8xW2cW8TM4at8W4E,628,normal,0
bc1qkkwqew936laceydrsun0su286tqptq76q2hnrr,628,normal,0
3oowEb32zoUGoffzFYa9rwGUem81fkgo,629,normal,0
3mjqgy8UN6Tb32JuXC7MDNXyj32gENZV,630,normal,0
bc1qag9qqjeejcfd6dme0apeh2ft5h99zv0jyjmzg0,630,normal,0
3oZ78v2vpVhoc1tovcYTuRXaLNEDKhiD,630,normal,0
3PkrWZLFW3r5k5Zqk3DDpSx6ESEXnM2T,630,normal,0
3ojrXcqzvKxPkVhGTtxBPywG1GJji9tU,631,normal,0
3W29CfLp12enYN6wz51rCdGfhwmH1drs,632,normal,0
bc1q4lcps0e29e0pzd2c2wqa42dnqtf6v0vcg8khyl,633,normal,0
1YwG1PFPgT9YTG13peYRqFrhCM9WjGfV,633,normal,0
bc1qymcrhex7jdl0rug0dpa5a44l6tkr6rqtjy3e98,633,normal,0
11GgQo3ojcsxccaJBsFjwQgH19ot5Tdb,633,normal,0
1KUrCUNQT8QjYjV9utzFNjPw6X9WJmcK,634,normal,0
1FMFS4TnZKKYok1UomYL1fp5kBR2AhZW,635,normal,0
bc1q7lmmspj55dkdau4v6hd8ycna5uvwafuynvxurl,635,normal,0
3cSFVcXuijaPNeoV8zu6ragzXm9Knaz8,635,normal,0
1V2UDEXhbvWHVAnTrrVoEBvRpa8FT5Nj,635,normal,0
3J6iGrAJNfo7o9Gku5Kjk6JB6tPaANww,636,normal,0
1rNprkt8HFLEbAP44aoRkfzre93P54DH,636,normal,0
bc1q9mddgl5xxa67x43rclnt027cy8yc3l2cw3ke6q,637,normal,0
bc1q5y55eugqle8gh86az4vlnmyf2ky62h3fgy8t5p,638,normal,0
3BgWSV4rUHKw1fEq2mqMXVUvni6K1Rep,638,normal,0
1LK5Gqabv9MbiCoGrjPNASFWEGbr4wRq,639,normal,0
1XgfZd3KwqEbm641SE71MfhpurP2WsS8,639,normal,0
174fC43g78Jfoaf98kRcPy2dzZvfJWgD,640,normal,0
3viFjRHzSf1hTh81gU3FzFaoArqAkwEc,640,normal,0
3BCGQEWMMkY9Wm3Ng9qhM2i5bwhvbVA3,640,normal,0
13SnUE9gNUZdbRPVLZreqrGSWwuh2Up5,641,normal,0
3wpYP11Ea5toyLi4HEycb16PwE5P11qQ,641,normal,0
3EQjDLmbMizcKsCNNS5J5pVaLEyxtVR2,641,normal,0
1apDCrPXkdZ8mRfPmjqFiuQAHkoTqueD,641,normal,0
bc1qnq5catpagc74vasq9733xgp35edqx2ml6jaakf,642,normal,0
32CyNgMZacQyuMzVEfwFfYJBhS1bPP39,642,normal,0
bc1qxc0y4hvzfyesg47qdyyexl68mkz2qa7ll424cp,642,normal,0
bc1qj07ukxr4u3gez5sqn5295ltnj7fdc2t5qcn266,642,normal,0
1YNg5WkKtbie3fCDwdsuFTy2mLiJY2Wo,643,normal,0
32TU4oPYgRzM9XEdwssxxcG5o7BowMeZ,643,normal,0
bc1qlyng8n39xlhh87sqknk2u94n9zpt4wcq4eeg2a,643,normal,0
1TrcCtA1MEstZKNsBc8EHdWZMuuVMxAv,643,normal,0
3M5G4ydqhegSuCfLCssjTKigYqY2X2EK,644,normal,0
1C5PPN9YzHAw8Sd7eyPqYPudsxL8jdo1,644,normal,0
bc1q00u63a3e8rrvxxnd8uercjkmq2wvnmx7nrhxzr,645,normal,0
bc1qndhdh97l93j7zfngle0y5muv02hp8k4ffg7hes,645,normal,0
3tPmXAoq4kVD65QvkqnTYxTkCGZwUPb9,645,normal,0
13sjEaVteqqJBSEkK1oPKqYPQ5NvqjSg,646,normal,0
1BCfue5mtcz5BZyh1f5td6WXm26dvmaC,646,normal,0
bc1qqsrwlfypdl5fa807drqkknwencsj3w7m6e73jv,646,normal,0
bc1qd9tgew33q85f6daawv7qjaq66yldch8pf6fcyq,646,normal,0
bc1qsn8at5zqtawlc44g8t8396777z3m2lzygym4r9,647,normal,0
1kWo193YGdwXr4h6TkF8U9eMZ54vzVX8,647,normal,0
3jYUYxpH5kSRv4SJcNxckupqabiKshtL,647,normal,0
19KN4zJogpZZSKwPFZUcpKM7CTNyCYzT,647,normal,0
1Rb7cTaQ2wSELMakNTpmeYY51KQiRZvp,648,normal,0
bc1qnt8d75j0kxjau8qmx8c5s9yrxehd32u78gvqay,648,normal,0
3trb1BxnDFhvPBGMxahHkQfUGtcEjiaL,648,normal,0
1VKe5Spgaw8MMMU7DsfUqm4sjLXiMq8w,648,normal,0
3NX6VUcsnQDZuyxJegsJ2apxJpVWAXgV,649,normal,0
1ZaNVpNAJyQB8RKzBi3m68pa4aBrkvif,650,normal,0
1hciM96o6i98tmQdyLsUGDGc7qpXdjbH,650,normal,0
bc1qfujvds4qmpd53cty8dnk0lzu4h2whpku40zxj4,651,normal,0
3XsuUaPqRJHvqfmAMsNdFGHbyZRdMLTb,651,normal,0
3YzjQmygNdT9kjhXH9uEFLj8zvAbmGKu,652,normal,0
1csfFG9XSSu6REgZJa7s8WArrAN8CtMX,653,normal,0
18xPsECLUh4hRwFfZ7ha1aNPJC3rS1gh,653,normal,0
3ENr1S7yYWCEzZ93WP58GLcrUNVeTnc8,654,normal,0
1C49BH17YFkBc6MgmxhMqmLE5AHhTYH1,654,normal,0
bc1qcgg8uz8u9u5xpm6ll9hgqa7nt4afcmzmty9z6q,655,normal,0
bc1qpzd294fnc84m78ju6hgh5fvel9fn9kez83k7xt,656,normal,0
1cNvmz7x1Gi1syu5TJv3pJ2FgmWqjS98,656,normal,0
1c2Ug3JGvZe67LiZA5fzdt8B1RAuHK5a,656,normal,0
bc1qthkycvckw7g7uncwwe0y9j0gtl30cql0vksxvr,657,normal,0
bc1qr0fdj0h4c9gmeskmrsve23svn4lk2tummur5px,657,normal,0
1jdAmF419aZDsJdj9bJtKNMqy3XLviuB,657,normal,0
1oUvHzfRLL9jAv8uSeTvkafsBmZUdYet,658,normal,0
1ueFvKZxMgUyDwQX99tzjDo6M9rkS3Qm,658,normal,0
1QYGXkdmbJZu3n4At1tkFBwaYwiq4Var,659,normal,0
3Rn5XaoxqGtAjyu9Qj4fn7sQouQVFBCA,659,normal,0
1m9Sy36WzPKASgonaarEB4zgduh69JAE,659,normal,0
1Digiqv3oT6naJrNSmnXAVZPXD29nnEj,659,normal,0
1eoo4gA8GpV38aEuBYH1tD8UeKhxpXtJ,660,normal,0
16ba8qqQxhViUvkqzwQ6Qz4A7ZSHNfc9,660,normal,0
1L8Q6XTqGZT6cig2cPL1hsFy4DAPFQMN,660,normal,0
1YtGguTWt4Vtzw63Rnt27pq6nFht1F9B,661,normal,0
1jBGPnLFDmYoHMEuUmwNS3s9RXnLy7wC,661,normal,0
1SFZBHMeRCBFghYAJmbuHEdUopmo4fze,661,normal,0
1hx4au5TquuQDmxNdnjbQoj5rQiDhwA4,662,normal,0
3BcFiQGJAiJhfN1n6MBnokb14otTHvaT,662,normal,0
1hMVjWseeEzwkCJSngiSmJfxBaeUDrag,662,normal,0
3dTZ17CnTRdogDv43MLVSJzsBpKgJLAp,662,normal,0
bc1q48dk4l0fm7yu0z8ezyyfsm2jx2ka3vtmzuerkh,663,normal,0
1m5sA9RfL8MGjMHuD8ZXt1iiPq3gcuBz,663,normal,0
3yuyavKh2yiYKdDaGHy6T9yGwqAMiq9Z,664,normal,0
1Ly29d8DE9AXUw2xEeCs8d7TtMZq3RHE,664,normal,0
1Gtw1gVSe2sjKRDvM2YXFp7cubNygGxW,665,normal,0
1GEPfjmHh3dtMiziGuDBiJkhpGDwoMx2,665,normal,0
1qarKxLGEoag2BMzJYp6jCXb1usSRHqL,665,normal,0
1FtxoY1smioMNLPTnN7NJh6vJCFmbT5L,666,normal,0
1fL8FhicBAtPrZ5Jn36h17j8d2P3jLoL,666,normal,0
3jb7TLMZmo3ipa73hoSmFNP7eYsASDKn,666,normal,0
1XM18zpT1MQYp3JwXZwVj5z9FXopCcXn,667,launderer,1
1YSvxaPUHAgTPEqsgweie4gMKX6YmVtH,667,launderer,1
bc1qp704uy3wv2hjrg23xek6rayka6a8he4lh484zq,667,launderer,1
3WL7yCoT22BUhxoVJNkqZR5uadhjH9q2,667,launderer,1
1xvKbbWZ9yj2vBqcAPDrqUPsMAA2MDtb,667,launderer,1
1a4F1CP7PWr8Svys5fNnLTWADf1qjyKL,667,launderer,1
1Qk3V5vq5EZDvijP5HUGQKWSQbJbmopc,667,launderer,1
3MyLrnoWTC1UduFniKrZyRYEW2kC7nfX,667,launderer,1
18XuHD9sTLo6XBtkCQQ8KPctZN28bCee,667,launderer,1
bc1q5xdz4ejn4rc3cjjtlfyldanzzg0m97knfcehc6,668,normal,0
175fxKDT7KYuMR9eVcbAGPNE5bwinhHK,669,normal,0
bc1qtrj3tr24aertm6m3yx8ja62nmhp6ew7gjzaa74,669,normal,0
bc1q0hn30zt57j2xvw2gmx239teymulsa9q3wjxvc6,670,normal,0
1ee9QXM87W5HKwm2xDKCbuWMwhSVDzm8,671,normal,0
3r48WRR1wCVg6k9T5PJ3gZzjQSfx61Fe,671,normal,0
1BDqs1rGvEmmMhy27CFBd1u4s7q8nBtJ,672,launderer,1
3J7hPkZA96xBx6qQ573cbyu1mfbdN4RT,672,launderer,1
bc1qa6ymjz2yjpd9ljwtg8s24wtl6unx25q9q4uhpm,672,launderer,1
1unUVahNF2JLMRWryyzPieZk5chuSGv9,672,launderer,1
3qoEDM1biP6x89zWHzZin7RATpsgaQC2,672,launderer,1
1jT1NmdddopDAyi5dWrJSQSEhaAQTf3B,672,launderer,1
3VhS6tmgVnTsb6FZdxxs829i3bYnL3Cb,672,launderer,1
3FvTNio23pjG5g2bMWczwcBMaJxAC2Zh,672,launderer,1
3AwVGCiZQQvrYqWeyXJcHpw1aQBquCaT,673,normal,0
1fa9VATsuv1RNXUZBrngfrUXAaCuxL7u,673,normal,0
bc1qql8ry5yvctsxd9rzvqpp5jvrg5ke4qgc7h7rh3,673,normal,0
1ZoRrsQHbEuFjZc3UY7f7YKCQ6ZwjUgW,673,normal,0
3Lwuk3gWmPaR7sGirydFJXHjjeQuy34L,674,normal,0
15bwPh41pqU3D1YrinfaLGqRFvJaS6Mo,674,normal,0
1bZXftDKu2zhHcSfpGbnH5DX2VaX2Fxj,674,normal,0
36XgVzTJviSY2rNyYtLzB1P3i4b3y135,675,normal,0
1AT1mSC488gf1sRvbcXy1pof3e4tLBGA,675,normal,0
1fA91B5FgivMs92XuTzHkxGNdEAQT8iZ,676,normal,0
3uDmuX38sNWvtXLL6hTyUA8KmModZLki,676,normal,0
1mhzJXi6UhqidmFTo7YkMRcBkvhSbwr5,676,normal,0
bc1qu5g8fppw36u27v6rmcqhn9rhw0ma2sqnkk00na,676,normal,0
bc1qwpnlrecahk28w3nzmfavzacwqws3x53q8g7mvc,677,normal,0
3gFEhZRpkEHPZYBFRsGiRAaNpnZKzise,677,normal,0
1WLM78NCKWu5apVp6t2i32qD1z4GNj9w,678,normal,0
3ZzGUq3nk3zAfZLoimQiPobCtZ5KqSh7,679,normal,0
1pBvwX26cd8EZcYr98Yk9kbGS1UfRUwb,679,normal,0
bc1qprsf9zjhl94p2cl40q3flq4ewgr0dsdpcv5yr6,679,normal,0
1H6abi9ynCkZV34A5xEUqi6EfedsBEAE,679,normal,0
bc1q86v0qk9e57cs9qwkkttzmsnp2rwn5kgj9pkan0,680,normal,0
bc1qaa2gau0cyl2nxvwefqc37xt664wve3cvvqhr5q,680,normal,0
bc1qjtvwh40j06dz9zkv03686rvuh852krpxeg7aj2,680,normal,0
1KYSReSJcHU6vNg728LMBdVit7WjDp1J,680,normal,0
bc1q2ezanqv7tezn27m83cz2htktqyt53r9zdezqme,681,normal,0
bc1qw8ttn6lmjq2gde8aj8jczj9p7rsnmpayfxd2j8,681,normal,0
1Y1wanYS9J2Z9cEvEh42kdCXEFaMAczf,682,normal,0
bc1qgws3gt8khuccefu5pw7yf04e2rsmj6ntzmaxnf,682,normal,0
bc1qsdaylyg65094l8u75ehvdry47ruy7uqcvh0cuu,682,normal,0
33sE9ikVouzEdpodqTURCd2d5EWK5vBb,682,normal,0
3mrF27e9Hdk2wVJZaCJ7xcEiuEPTWA2X,683,normal,0
3k5tie27JnXFoJp9WCyC4adtQbk1g2j7,683,normal,0
3fJ5rQBGPearCi4x9wdh35SnqSQy7Q5W,684,normal,0
1VqqBGjKEkUShTKVgajsjKhUNti1EGP2,684,normal,0
1Zrm4mv7Mm9VsSP3gtS3G3WuvQymZNTf,684,normal,0
1iHExGferY5CGTF3U8fFuVnwjoWi4S8g,685,normal,0
1Xxbo4i6cWtk5TyRiedDJi64NwNRYqkB,685,normal,0
3DVwNyStLcTuVpq8HuFTJbdyFvR6WMzf,686,normal,0
bc1q80cd35g95u29aex0zduhhaeg40afcnc8ak03s9,686,normal,0
17XLpaS32SJtwekZZpBHWmUf2hxBe1xp,686,normal,0
3Zg1iVrRo8G8hmcrXmRFjsjugNKn32tz,687,ransomware,1
191nBynxUrWccsTeQ7BXpx1wMY2nBXDh,687,ransomware,1
1kFawC441j3Ee1v684c44dCucyB8r1Dw,687,ransomware,1
bc1qqrrgy4y6nmcd4re9gy5rypmjtfdjaltt4mzdjk,687,ransomware,1
1z2vg217pKFs735Ui4fVo2pUWi3HoG1B,687,ransomware,1
3YK5P8cqty8qGuHCkbhZ8Q6jJVoxGdpy,688,normal,0
3MFWeinhed7nPjzNuYAcnXRcLiv7aq7U,688,normal,0
1cCR8tnDwSAHFhKj8d6WjhDmqdMdFAeQ,688,normal,0
1xqxqSruwpx9UcvT7v3crrLLxXT3hYYf,689,normal,0
1eadRkxBaTYKEFDungicpfzatNusrAMq,689,normal,0
3Z4LdiSmBPBPoMyc2xGn8sMFfpNtE5oD,689,normal,0
1rt5fuChT96zeVrmzG7LQVCUiQLCMZjU,690,normal,0
1vbS8iwqpsN3aQM864xhqrb2xvD1Sk8P,691,normal,0
164MWbW4GhW7Eq86qeLh9mW534DTuRU1,691,normal,0
1AcmpXgac5qPeJnzjNUp4SdhxNMinedt,691,normal,0
1CqyJCXmMj4f27Rth7NDzhkyzSHJrFq5,691,normal,0
1PriBx3aqBDM1xvgRZbpZkcoswF56KeS,692,normal,0
1ZTYTbHuHJ5jrA8xfs5Xq4RAxAh8YbeL,692,normal,0
1qTo1DA11qozEjd2Bgx8NL9PfLmAZGre,692,normal,0
378A83NeYx1z6CkHkJzAmzDS1mAMTYGz,692,normal,0
1ZhrbTd7Jc4E2SsTQxtSkdD2o2ohf3GZ,693,normal,0
3MiNTtyVRy6FJCc9FDJwJGu2mHX6LCY9,693,normal,0
1AMwtTi6fSuCzGr9hSpbTAQ6vDWXAXSj,694,normal,0
1wJLTfJE4VKfZvimC4fwXriSZ5AWZZan,695,normal,0
3LLA2QCz2uD3UpNyYyw7sAcYPnEEjyKZ,696,normal,0
3xtr98JCNHpmupbCW7csec2KMWsSeCBd,697,normal,0
1F3HJsFrv6iygWLw4SGysivgQg4X1y3g,698,normal,0
1K4WyGGdYEM8r2re1zveDjE6aTmZvGje,698,normal,0
1Md5xHmRgGxSRonRFe5kcd43e8Zm1yXF,698,normal,0
3r7aerhP8Ji5gYmEJzvaS3Vky6WqoYMK,698,normal,0
bc1qss7jyxe9tk6ghr9qk42qlpg2m97lh6uuq8j2et,699,normal,0
3uoH39ebu6UZYvuchEECRB822FjwbNZg,699,normal,0
19d8vNQ7MjC7eaqDTmAEn2b6rhWAnS2X,699,normal,0
1XkyfdghdKdmgJwsh4sq8naguadwCRUC,700,normal,0
bc1qz2gmeqrfk8ys4yztyhu8qd3mshlzwxj7qmvefm,700,normal,0
3n8g36Cc2Ce5LDvdHAr4zVHZ45NQfWB4,700,normal,0
1M9BWy6f9pThc2WQ3i4dRW1ZGzEyaana,700,normal,0
bc1qyw2kg5flqr5ufhdw83rxnj58506uv078a8my7k,701,normal,0
32krDDNgUve44yxW3NME2gUy9oYV6cTe,702,normal,0
1byD48VYUCS4gkHogAynXkLQGXfQqiSg,702,normal,0
bc1qxhvwah6482lqxq7h27c0zg25sel862p29xcpwx,703,normal,0
bc1qaa0pwscfsch6u7hp0ampndptw43tfqyaa3qm6h,703,normal,0
1wpwCbCg7CV6SKF8hSgNtic44sTaH5qk,703,normal,0
1xU3xBh4xwp5BAx7q9PbysLstYrAGaWt,703,normal,0
17EQjoWnjcr6EXmJCtu7Ls6MqX2dfQ9x,704,normal,0
1qJSt1NgbedBS882kLvKoYpjTjmtu7mu,704,normal,0
1rJDK1P46FurrTZ7vfLwkrjQWtMtHmmQ,704,normal,0
11aYix6ML1svgdBCgkkDKTSBfVBQoKcF,705,normal,0
1sQnfeMWCUELapQtzuNj14AGks2foiWB,705,normal,0
11AuFnq27sjD4p8s5G9RGGfbcTZLeTUT,706,normal,0
1XDJpZ8xPkGzdtt6CBz6f1HDmrjzS3MT,706,normal,0
3JqGTszmLmoHHoqzjtRqgHL9i5n51TV1,706,normal,0
3h3QEhx3FBTrysh6xN7hcW73H2kvLJUH,706,normal,0
1ijNhYiFMZ4NJ8UG7ZfnBzvVP3q1Tjkd,707,normal,0
bc1q4eg3hhyq7f0796x2llnx55fj84d2v8s7pfu54u,707,normal,0
1WSxeRX1CMnag8w9Xt7XXGsBSbiMnyiY,707,normal,0
1x54sPp9ZeK5TujmctUtF5ZPQ9jMTWRn,707,normal,0
1hMArL9UvfrgTjesUdzVTaUgsdu14WcC,708,normal,0
18Su1H8qGYexniUJj3KdyuX3EcGL71G5,708,normal,0
bc1qlga28e3a9ehqk4hrw6gejjzcx598snygr6nls4,708,normal,0
3U4VnUTJY6AJEKopSiuucFHaMKeWN7kN,708,normal,0
345VvzfahAun6p3gNgCYcGynpFCbNgom,709,normal,0
1cFzHM85Uwm5m4uRP6Mi7EZAqBBTAgrD,709,normal,0
1NZcFuJoyggRw4NA3oLbbAyMARukWkf5,709,normal,0
3tZZQ6PZSdKy3gLvZxWy5aat9fg6hWb1,709,normal,0
1UcGQL3Q9kMiSsH2pyR2hNSLzE9yf14Z,710,launderer,1
1N1td5NYkCYM1qrUmGzjTBAfbzCxrBN1,710,launderer,1
1ZSMxD69DMcJamHA4dH6aJKJUnqBr3Jw,710,launderer,1
bc1qcg3xkfpxd3g96vp8nrvxhews54x9wxzupzhalu,710,launderer,1
1jXqq3P2y9m67f9N1orQZuxjrESnaxBN,710,launderer,1
3Wr4hAJiuzPioQivsARyWHUdkwGKLDCq,710,launderer,1
1BcDVvBu5D1CkYEC9s2LLcK1i21JPELK,710,launderer,1
1uCuBYoztfv9Z5YAXCJrGDHWVBk2Hxbs,710,launderer,1
3KGuYRtAhcuANkQdfLtcKcBpsYPdRQQf,710,launderer,1
3UryzhpqkqdH7G21ZtqksuV64UAFNrfi,710,launderer,1
1dEq7ZCjwHpwtzJvqyRkKeMwxSymRjjN,710,launderer,1
1T1Cj2YUiAJtoM6zGo4eT8wqAWoFKnav,710,launderer,1
3FV3QXytPJgK6NZWLJf8Nj1CABofN5pb,711,normal,0
3jcfVRZ65RmMP1vzmaf8Lf4waVUfd8tQ,711,normal,0
1cq24LoZjUrd3aj1xnARuYoZABHd1osf,711,normal,0
1SCvhLggFpY9efMtomvm93JE37S4K9vT,712,normal,0
bc1qnyryrec67j3qkjuqd6er4re4ws90nj9t2akk98,712,normal,0
1V25GmL9tCFMoMp2JLmp2QYon84uvjU9,713,normal,0
1QZZTm3KfiS19iBM3gBk287gbZMNBS6Y,714,normal,0
19rVeYyS1H3CV8bxmzEr1s814ZjJevPA,715,normal,0
1H3x1ppEQjz8rjocZirygEJpMYRvKdLV,715,normal,0
3HRRSjhECUUFjnp6Zb9fVZuixrWRbmuA,716,normal,0
1ahLZvM6SUyCUFNVsMKmZqKNCL2uPJs8,716,normal,0
1bDrD8yHC8jnrLWCiGta3xDBV4MNLJ1B,716,normal,0
1K6zqCHFA1upNaehB2opXgv1iHiARuwk,716,normal,0
1kAfMxZ1Emk7A28FpBpXpfSZNQrdtSMh,717,normal,0
1p6XYxocv21BZ8x4MdEf2tG4RLtn8RYj,717,normal,0
bc1qpf4v0kea6hrek68yaxkdeg6xqv5eve88rsqrm5,717,normal,0
3Wc4bcNNYSGH8pnUCQF8zUJ2iCmEVFdE,717,normal,0
1sF6Xh29YWzYC7uhworkWjZcizuYoAbr,718,normal,0
1dz6yfHeBENgmnjB4CYxEjs4sLwdqdYa,719,ransomware,1
bc1qeqlchvrfyqrj79dsmdm6kpt8ltnpjwgh06v8dy,719,ransomware,1
bc1qsxnf36nz4pqw37kh2awtw89kk0kag9jc23pk63,719,ransomware,1
bc1qk6m0pr7v9xxa5t8ugku6xmtjwd4ypa4zpy2ksk,719,ransomware,1
1DyyjwW6zMEq4DYTDk8YJtZ7nTWHF7sx,719,ransomware,1
bc1qxps27pxrk7rxv8jadgk9c4wv9ahngkda8gauzz,719,ransomware,1
1MdcheR4gdsnGxrfKYPbQgZfGLHGApZ3,719,ransomware,1
3w7fHk1gKQ5VWe2m7Y5PqKuZeHdwoM4Q,719,ransomware,1
1vR9GUj1VuTcBxUFVKm2RZvnwMdUHTQt,719,ransomware,1
15NxXyAKbgNRnSMJUKEfZdeXkfE1pV1x,719,ransomware,1
1SJn2od5gi6oquVpy1SUdFMKZf7ni2xB,720,normal,0
37SYzDaEFfmezW1vKguaDMTwGCXX4ES5,721,normal,0
1NL97W6qufvy8TaJnfxmNdcBwpRErLme,722,normal,0
1Mug3MmExWQsrikuiJdf4JfhNn8q5nH8,722,normal,0
3emjFB7xN9dmeQdxS6ptVh3ZaPuJbpn8,723,ransomware,1
39UJftjoht1keH6mCQyLX9LUEE3qDLNb,723,ransomware,1
3Kv1ejpJD3ZdKGhpUxTTnKYxk3NLkX7s,723,ransomware,1
18F2pZ2yAjiZXaMBYm9oJL2vTdNDyQzn,724,normal,0
16W8x8cZ9A5G8VAFRo5E9yuirqbv323q,724,normal,0
1NfyL1ahmXHgP2EEHTV2QWyVDSjJ8K4C,724,normal,0
1fPUtCp1gJZvKniS6roc4AaZAtEdZbqK,724,normal,0
bc1q99p3uhd5jkruvf6muz0k67r8uupne96779ltj4,725,normal,0
1bxbfg4Y4sWYG2dcGgBCCaA8h198xPAD,725,normal,0
1fWmYF92ES1yXzz8vKenaW3vEVvanHrJ,726,normal,0
1hozTjWUkE8pK8mEk7ngCgfsECCoFeLp,726,normal,0
1jb3us34P2rUV8QvRjSERbmMUaaj4s53,726,normal,0
1ThSD4PTAkPpeVA9wEX2er7JLBjibaHN,727,normal,0
bc1qxq4lqga9mr49nxtreyaq72uvm6xcnr6rngkqek,727,normal,0
1EuyapQB8KTx85n64oQPfnWpdpnJCBpG,727,normal,0
37GALBTmBZgobfpERM8gPTMnJPmqT1FP,727,normal,0
1D9QyZiRRDX2C6TrdnaX2d5zAznUTmW8,728,normal,0
bc1qzeuhzsdymc4t43d78am5tlkxucjh9e6wjmyj8r,728,normal,0
11rE7LWQLkapa2sR6XLYGZGpSsUgKY8Z,728,normal,0
bc1qdee9n7u8g2ug7d9p3hj6ep3z3tx6q6ncrsd8z3,728,normal,0
1mCisWfbnL4QiZ9YFJqQfgzaRPngcebp,729,normal,0
1sGu3XovGEPfpebMWhvP59xynpCoPuDY,730,normal,0
1eyaLaAzncAkHw6v4mJw92jV6vi36phP,730,normal,0
3YRiJKgEjCAwdtDD3jYuLBzDAcfG6rm3,731,normal,0
1qcb4TdLJ3TDyW95zjEUUqnon8pQfCpc,731,normal,0
1JeUGaBQtRfV7Tff6WyMQjKu6GE3Z7Qk,731,normal,0
1iF2363pNcheofp87wtHtHsFLqsho9Hd,731,normal,0
1T8vuxd5v6sCfKihnd1Kp35AX9xLk8gx,732,normal,0
3YP2AZcykWDGc5VHPLgbmPTCWPVXVjWc,732,normal,0
3DB5hpxapRVyEEnVARMzUkaDVBx44KM5,732,normal,0
3qoAVFFmtzN4C8LB7Y96gfafwa9FmvV9,733,normal,0
19ZADKHptAgk4V8CAoG2BrNEj11tXAFt,733,normal,0
1wbhJJyHJ4N7DjvVxKhbbV4PNHsa13PW,733,normal,0
3xNqAudiwHLgF4dmdamBsDDvso9y6PEj,733,normal,0
1KPR4eZ3WaV9i65FisrcLYhv4L4CutBY,734,normal,0
1gD1kw4vpmFZjBswgoyQyQFRiF6PotsW,734,normal,0
1ddhef2sRVhw19Fp7yWrN3ya72MGN9x7,735,normal,0
1C9dTP9B7s8daoTLpJX6DFJ6a7Bf7msn,735,normal,0
1vaJZVatvRYvXW552xex3keGDipqB1Vh,736,normal,0
1CQwXE6RfQUyAcMdjm6zSg5PbiAs2g62,736,normal,0
bc1qqetnylptpygdrylmggxaej7jaf76uud87hzrvl,736,normal,0
1VpC3RYfyWjBDcKAZr6ZCSkeiQkKe245,736,normal,0
39zHhKSpED4BdVFvdseNedhmAsYpL3DF,737,normal,0
1M6MREdFQ8uG1FffLud9o3m5DxrDi4Es,738,normal,0
bc1qrru0fetqknh8pymhmxyrulhayfeas4khd4v86a,738,normal,0
39H7itVLe3gvVcBXTfb7Xk8jTKA4iopt,739,normal,0
1c6UNiZbXcV55dSyyuXHjYwWNvEy6RAj,740,normal,0
bc1qhuut0cmu7lrnkr58zpnrfa6qw2rums9qtwdf0n,740,normal,0
1iKFoTrqLJeFXLqsxXe1mcZzXpznUbcr,740,normal,0
1qjoJve7UeY8pQVmwSpmvAzceLc2SqGn,740,normal,0
1HWtYucc4dEnvxUtWRT7WWC4hh2BFmwx,741,normal,0
1Gf3B426srxJM35uqU9KLwL1t2g3FW9y,741,normal,0
1cAtD42SWdfCkZKSDezNNNRHuCAS1wjb,742,normal,0
1xVtQfWm18ujt6d1Z3vxJWfoLeri3P6Q,742,normal,0
1ZdN3rSPzVDx7FCbN6NQ9dWHh9aSTXW8,743,normal,0
3x3CDDwynRcAcsmVaos4cnsudW2YheLY,743,normal,0
14Nz9e6oYWPi3bRFugAYWnSesuhcHsoD,743,normal,0
187aQFMUH9F5vSxHCmr8gvUGrLSkp6q1,744,normal,0
1sN6S4Sn5xihK3xjExM6ekPVF31gXKTs,745,normal,0
bc1q07gpvjul0q9acmyleaguccnpp67k3sk400sylx,745,normal,0
3v7dg5A3uj75q7wUkpyAvaCxm4pPQpSJ,745,normal,0
1fnei1impFeiukkW1ppgXpwtr3LgAC71,745,normal,0
3VbbEQgzetwKJW9jQ79m8w92cThsQmyM,746,normal,0
1d1X37gLE1QhbLV6SEyJH8M7wFRt7tmA,746,normal,0
3Lu3DU28CXiwaCW1f7YU3BkvH19mSGum,746,normal,0
bc1q0h6s4s2eau6djjegwmquvcygjy3w9lvdpzvu94,747,normal,0
1jN2RX9Z9FR1aGNBDyEe6ffutayT9ikX,747,normal,0
3rnz29cYHzcrxteqmCbnCGr7sD6kteWy,747,normal,0
1P7VyxLeRmKvRbLhUY7pfKWy7LFjjygQ,748,normal,0
1Dv5FFnrDR7KEKiMUzLbpRY5i6NDeQnX,749,normal,0
135qJ9XMQiovBSGQH4rvNYt26opwqrGT,750,normal,0
1HfFbhjpJmxNW6QeUqTmdf6vKec9N4HT,750,normal,0
1JsyY76bMRGo1Td4TkvymUi6D7C8t9xe,751,normal,0
1EEfqD3e3UziPaiAAcFws11dtJRFLa6c,752,normal,0
1ePMeijUx6zUkvqckeh6Joqd3mccfgr9,752,normal,0
1v2Dph1cnCkWEoUuDiRNTXhQSeRPrHC3,752,normal,0
3McvABViyM1ziLKTMspyRV38mTrAjfwz,752,normal,0
3JfdpZrN1E3aEZgAHJunepuu41fv5Mxo,753,normal,0
1B6ctLDmvBEk1XJyZWKwnsPDJsjwh184,753,normal,0
bc1qlh9q7smyjdz25xcgpx4tvuqnajrg3hlvvwf2j4,753,normal,0
1wYR5n9rZrbJJ8L9QFiFT2BcwUf2ncZY,754,normal,0
1rUA4UzTNAYFNnfiRMPAadZ3q46zYnSe,755,normal,0
bc1qss432cwf7hx9up59nnpy9r9hj4d684tlfvwxlj,755,normal,0
bc1q7vyx62ttkwh49e9x7yqdyv0e22mq7cw7ux6s5h,755,normal,0
137Zkww872nVDwPPxBvYZHQn8AVon51Q,755,normal,0
1oka2ZUcLWT9NmoddSVBqrGDLRxi5mWZ,756,normal,0
3yYX64wkiB4EYbUH88bgkKVJX5WddDaa,756,normal,0
1kXE6Nvv9sxvb6Pf1JvDSh7p9ev7nMm8,757,normal,0
3EfzmKN6kBtbNmad5Dq1Zzfaw6pYgut7,757,normal,0
3wmMfjZVAtHapEKG4wnhTXxK5SY89Gea,757,normal,0
17EnfheYgRabXZgfYsCsJDuY9LmhmtEU,757,normal,0
1Dhj1bNAKY5dQvFPE3pyrWVr9uw8ZW7R,758,normal,0
3KMxuvisYuuZHZFddtnqXK8EQF8tn9Dk,758,normal,0
bc1qfg66cwxjjpdzvusdmadezvtgwh6g3vuy7afzuj,758,normal,0
bc1q7ut7ky72cva9mq4kya7pqshaparr95al4af8j2,758,normal,0
bc1qpzfvk8j9tl08626c24d62wuhst090p70edc7dq,759,normal,0
1PPCpy2q9reZ5sEN9ciGGaa9bpNMknsi,759,normal,0
bc1qam7p4xuqcfeny387un494tq7q9w37ayk08avxu,759,normal,0
1jGk9Pbar2wYS7k9ep9xX1UjQrFiRS7A,760,normal,0
368s9EvWzfAZuv6Hmva4ABqgZDopNpZW,760,normal,0
1LqJ8i9vK2JGbHCnapvuZGGvPpoju56P,760,normal,0
1tFnEB655gqHX35xw5YxAjzGzdRFuh6n,761,normal,0
bc1qvzmg3a792vthcvwgrlhasmuk89suh2pugcagg5,761,normal,0
3cYic4RRZiRRq4fwRicoPyv2XQRyTEbS,762,normal,0
3FDbcJ5rx3j5WdPbv1mJfzQTjT4EMUmC,762,normal,0
bc1qfxrt73jdkjt9m6vzkxkqgs3je89578mr3v7wvh,762,normal,0
1yxvJ2Tn3pwuyacCLXjest9iABgyYbtE,762,normal,0
3zuDoqqkebfxns4pyZPsqPwFBXYkWX3P,763,normal,0
1mXUTkMne1NxzwDJqfiXPVHKM547hkPd,764,normal,0
3NQPHNvT9ECv5Wd7Jmk17vaiRHDnPoX5,764,normal,0
1Y1AfXrCY94v9dHPzNkKUdpXCU6HAJLa,764,normal,0
bc1qeyuaykankeyhr85q0jkzvscygx9juenad8uggz,765,normal,0
1htwDS6JEBuSfpgQEXwUZbxkAK4gpk6f,765,normal,0
3gvfnBcqduZBy6WHrKgHPgiZuSXEwd9p,766,normal,0
198dS5aWCpyv24519fCW8b99mg1esLHR,766,normal,0
3P2YQ2wqyJSu5n9k9HY7J65SYEtyghqm,766,normal,0
12gcrhmfmzbDmhfwWxoDdNAWEpTXL7D3,767,normal,0
3rP1HWHpJ9uxuHDaFxVsuGe1ton1Y8jE,767,normal,0
1Mrske8hz4U7aENsPHfUxenHJW81Xwif,767,normal,0
3rBuGyqPfNM84WBNnHinQWw1BYkcfCmj,767,normal,0
18VPdCTzMdeEZhhrjVhZbtqazMcbyimn,768,normal,0
18aceSRWzsAyV8aMt2jZn6LUGPqqb4cw,768,normal,0
3CihbBga65aRBJnEb2mzr76nZ4nkoDoa,769,normal,0
1NtYN7cHnt9Darhv6Lg21SSzTGqn99Qb,770,normal,0
1U1q9AExXnYeheHP4QtHzmvzePBnA9Hh,770,normal,0
bc1q0hzgayc6m4dav38lthnp2tvvnl3y8hx2py88gc,770,normal,0
bc1q7eec0rzfx7k3d3z8dyyz8647vjs3a98cw9tqxp,770,normal,0
bc1qd2aw5gdndmmqf7zdv96qpuz6905djmm8w5qlme,771,normal,0
bc1q78ed0pnfzjr4jdxtlaeeuf08mxd20369rxgzc8,771,normal,0
1SWosmFEZz3TRN9PTpX2NpvQDKDMGQSN,771,normal,0
1jZsDXd4aVdkzvc3H5jqaTQUWDcQwUvp,772,normal,0
13NyECyx8yPnqftRDuT2sK1mn9KPnu6v,773,normal,0
16eLdJtM9ZyGp5NFyGZfT17j3QCc9CVj,773,normal,0
1JtdmqMuajXPTWxLnwwjLhESEBCtMn2F,773,normal,0
1EuKpwmYWWZLARMeWfaxsLFRrC35Xzv7,774,normal,0
385yHCG4pqc5cFoqriVAwyzrrR4pixFo,774,normal,0
1Vp327yWoJNDbnaG9A6gXwL1AZAG5SJG,775,normal,0
1Pmd45c5Z52B8h4P4CMzGc5Bkm1wLKTh,775,normal,0
3tfPvuhNgGmSmjSNHyPMzrBr5vakru1c,775,normal,0
3ZLuxMCzwmXT6fpnzbnvb1CHxuAXJEJ6,776,normal,0
3xH9zJEMo2sHZ8yvrutrsKbPFfkSyZD6,776,normal,0
1eBJghGJWFY9MrVVD2UFcQQhnR5jex3b,776,normal,0
3TA9dYZBJZfu6c9zLMQFnvxrVBJrA34f,777,normal,0
1nmnBAWemEQSANPe6TNLDHgozTW4gvjY,778,normal,0
1fEhd7j6qwwAtZ6728cs3t6FwkZii3Qi,778,normal,0
1wnbd2Cz6VvsVC4WKwLX9wip9XUiHGd5,779,normal,0
1CBcFrpuVM8ebmnm9uhtzzihZqV1ryHa,779,normal,0
1PHsvo86aKpsYSBeViHdvHgVpg6So8Xt,780,normal,0
1t1CmVUtiGzq1et48qrwhrPYFo1KPAD6,780,normal,0
3DHjEoYMuwXKTwYvRRMtLA4yfbSRStKP,780,normal,0
11ep3h6SXKuxLERm6gFMDaMZq9K1UaNc,781,normal,0
1sV49NyyDbsmGkUuyoeYrVe7w2ffCj9w,782,normal,0
bc1q77n9gu7hzwnhmdjq6aqhsqvkee88krfa4zy4er,782,normal,0
bc1q3l0wdmget8t0ve4drhssal4sfglvv57zlrgwtx,783,normal,0
3fVhTLKEF6mBMJYkQR2c22WgFkXSBCK8,783,normal,0
1h5gbn7o4rzAM2YsbsMDVEnrhGM1tzCr,783,normal,0
1TKy4MbYELCBmCPDbS8ja8VrG8HzF4gu,784,scam,1
33oC4SZ5cEUf89HagkWs7jGqYEcbpYmA,784,scam,1
13qms3s9LGAH1yN3mrJd67Gsb4pyb5ic,784,scam,1
bc1qjynrhnpzwvhchvvmdxjaakm6wqfvyxrgu980az,785,normal,0
1QTXwwhs1mXxjX3Cr5HXuHqQwMv3z6iJ,786,normal,0
3hr9EtJjVqfdF8bJNjmVMKD6V4UYscDR,786,normal,0
1F5RuuiVm1J4HwdABxBH4xjswyUwUnT2,787,normal,0
3utSH3RHRBWacwqnUTDa11ED7DwrqXQa,787,normal,0
3Z4WVRVVjPbG8Ekkh6AeYZQNAdUHajgi,787,normal,0
1cZsmmhxT8xn8EePMJFK4MJyjk6SujCM,787,normal,0
1kAqcbWrFU2Q7r51kDPEPcGggM9MZ442,788,normal,0
bc1q63f30t7pye08dmk8chkdadlx6qn8n6pcrlqw66,788,normal,0
3Thftt298FaUbSt5hyi7ombFdLogYrMA,788,normal,0
1CYKR7ga8UuLLFEhXD2f43e3SCgfot6x,789,normal,0
3f4H71izJzw4RFE8JWuSYD24og7SKR5x,789,normal,0
3q5McmPEz3agTxuWHSG5tpdKNrAuimDo,789,normal,0
17f1DT5nRNJFZKH8i9UFBiriTCFXhrpT,789,normal,0
1Trs3yrydqTMyLPnophdBhyhMJKdNpy5,790,normal,0
1ULBLqeGCXGcHbzbtXT51x4jMgHvbvAy,790,normal,0
1pgWAZPZ4Aut1aB4rmjjSKR2q9azakhD,791,normal,0
1QYbT3o6Puqa1HGgEqgrzbcky6iZUeTX,791,normal,0
11LLTJhmEn4YYC4WjZ4qCbBmWpFdb3er,791,normal,0
3qbpZqjdNFXWLVnRgE2KyrnNu53nQbyn,791,normal,0
1ZbHFeduQiqj2pqfy7b6KgonrzazjEN3,792,normal,0
bc1qh3rwpk720e7usa5fde8tr6j9jfakcam0vlpfgm,792,normal,0
bc1qj40s7kfnsh52ahd588p0dlu67m6ufqpqyk6lqx,793,normal,0
1GPPcWaiiMYRXr5RtttvFLyvJYWdcVGD,793,normal,0
1q6dVyPVyyQG4inKvMDWv4vYJxwyjYx7,793,normal,0
bc1q8zmn277pqh5ry5wn6tkjwnmjexsc62zjqmc3m8,794,normal,0
1tdmiqoN7zf1JYV8ZUmXF1aPphRCRCFg,794,normal,0
1fjkW7EhmUH59MpztyqqyJ8aeN2ay8kn,795,normal,0
1cXmtXDyfXhcsRM7VdEciPxrm9QAkWuK,795,normal,0
31S1utbszdncr6gC2fyDZBeUEuQMqmyF,796,normal,0
1wNZYcaY1zp995AyhHtHtTwtrsL7pUr8,796,normal,0
3RgijJNdLZEqo2XJ6Eeev8mKkPHmq9AZ,796,normal,0
3HEpHXSAeU75zzqjV8uoGgS3cDxae95U,796,normal,0
1ZjkUcn1MU51RB8WkzNTCUfAEFrcFoqG,797,normal,0
1LwToXRvYYorDuVdxbce2s1jyZLniEZJ,797,normal,0
38QmfRfuscz7Ew9Bj5BKdQJDkBed2DAN,797,normal,0
17LJFvaj1P5zMZeNrjpCVXassyFqK4vK,797,normal,0
1Dm6PBhY7uVVTWKURBtmq3yDNTmR4dHJ,798,normal,0
bc1qt5a50w7zta8qtns2ccvgky7k86gth6zwvds07g,798,normal,0
1XtcJ8rwW2oxbX45HQ1xTxyQc1KSvdMv,798,normal,0
bc1qq5xkf52j30ptfmjpgac6zj6p6tu7zrve6fuket,798,normal,0
3A7wHNKVa5UaepSkPPA3bSC3VRUdsJ95,799,normal,0
11j47sbsawdJWnrtPVcSB5Zxvi2a7uhT,799,normal,0
1cjnU4HuJ1orwwfjfevYPvqVyu4U8zcQ,800,normal,0
1ZZhuTC4LEhVZZs6tjtMa7K52bmcCRqM,800,normal,0
1MvxyW5WgnauNWNoEweyHSDKD5QC1uci,801,normal,0
1xyZ4i9yec9N6rTpxBb6xSWoivCpjVgR,801,normal,0
1gB4jYhFw52ZEmYw2pbgx1NzEYYgdnbM,802,normal,0
bc1qgm8n0207rsfqk6fd3hvnnncgsudujeww5nxgz3,802,normal,0
1aX9xS9p8WZaBfEkp5tJLcVxompfLWRf,802,normal,0
3GwANpXCR4KzKrgv2g9PkAri9a3Feps3,802,normal,0
37AHLeXXbYhsCUZPTMwQupu1Pm9aJGz1,803,normal,0
1PGsoG7izsbQKGsYbvCvhUhBMsidLsNb,804,normal,0
bc1ql457led4nk0gyc7zwmm5q4rt9t4yjpdsxrplac,804,normal,0
3GwdBLYpCvhhk2mb6WBYwQjPq9QZdFeL,804,normal,0
bc1qhgkwpkfxk09z2s92acwp7rpqaf4jq7jcmtvfy7,805,normal,0
1uezgSJt6BHeQRsbbkt5fy587r9e5eVu,805,normal,0
11d28Gw7Y7aX6a4FTtEt5FnHVfA7rwd3,806,normal,0
1ApakYrh8Xw6ZMR3RnX8Jbxhxgoa5QnF,806,normal,0
1m72mXkFrvkQyPZDxq5zu2UAy6BZuZfj,806,normal,0
1so2bmvZuBg1E78cT1ytf4ei8SRRUNzo,807,normal,0
1Q7zGyXxgYtBYMvHtPav6KF1ADroxKPf,808,normal,0
1FifH87VGqVv5WbLQaYwNcRiCwcMXJDE,809,launderer,1
18TJVbeS54NDoUx2vpYKnDGdbepdxbp3,809,launderer,1
3WP4LrGoF7QpdwdgcxiZsX1JS9zb5NfG,809,launderer,1
bc1qzvh58wc8h6u3xmrhq6wvfplxx9twq3fnq3pfec,809,launderer,1
1YPfXjLqbwjubYuSfVz3LCCt3BLJsNja,809,launderer,1
3BnFnYr3nz9J2AHi8wZXdbXZMevAzyam,809,launderer,1
3kRcyUYrk8Hd6yUeScmw16QiidccM715,809,launderer,1
3bqJkAQhCUJ2Mv5YgNad95g7hXQePA7K,809,launderer,1
bc1qaprwacnz7a8pyqr4mt4lxp2l97sd5xyswwz6yp,809,launderer,1
3sG3vk2R8hWYbigvJLHQyw6jxviXr3F4,809,launderer,1
1onZYFuGuf57NcrHExn38F5GJcXyKC9Y,809,launderer,1
1ezfuEMALn8KFeaxJ282Lkca1VLJaZ48,809,launderer,1
3WUFVnhZSCycqnBqM2hghgyysL9Jok5L,809,launderer,1
1ueyxwdekuhe6HD1r4Ji2TDwanbToiem,809,launderer,1
32tuSx22NECPcqzeyXvKbsSgY5B51Tgz,810,normal,0
3vEQWVGexVzcEhH6CwhV4ahGKPXwE1V7,810,normal,0
1BMomyAkfRNVjFcVFkDL5sVprkApzn1P,810,normal,0
1K47FuoCSPGVGFzdwVbQ4GVzQCGGPQtq,811,normal,0
3ggbqvf1r4585b7dNw2QBbNceFow3bA7,812,launderer,1
1d5k3ZXzYevc3cYLNTGJXhhwGVBpcG43,812,launderer,1
3q3TEFcRh7U4AAAVrJjAmt6XczjCmWV5,812,launderer,1
bc1qflvadujaj037ykcr7ljyhegfty3wvc2qu2p9mm,812,launderer,1
1hKYvqVrm723AVNpYcfbTbXkYb88UJg4,812,launderer,1
1LswbDpZdUxRNDiSziXySE4VBnbV9Wqr,812,launderer,1
1WhE7scxCkpg7xqD5sFGcRq4VdBuyYKS,812,launderer,1
bc1qtee0dl6njkvxjmw7tzrslrvmh246nn4sl4efqs,812,launderer,1
3UrKki4bPmzdNM6LqqfQW9hkBc7R3pMg,812,launderer,1
bc1qzrv3n2a3tp5nw92dj82qfsaveshnv3rfsaqutr,812,launderer,1
17evy47si7X4sXbz9k77XTJGjpvmeeU3,812,launderer,1
1P9HWmmQ2Xsi5CgVjvBPbpbX7G9itCsZ,812,launderer,1
1HAiaye22QSWL5waAidLjE3M3JJbEd5X,812,launderer,1
bc1qquuadyf4yhhw3yflnuypm04yjgwqwaz4rre5st,812,launderer,1
3P4KzFLvJbKSUozxv8h7VtW6TAG4CsJZ,812,launderer,1
1TCMMKaF8MysCn9dE3x87YfRbrQ7wLPv,813,normal,0
1xcPHgi59uKpcUUcz4m47NSG8JEWW2j7,813,normal,0
196sx6z48YwyfnewB4WX3PvYXzoAgXQD,814,normal,0
1tiNTQVDvAeLR28AoZvybmtHNCqeRmex,814,normal,0
bc1q6syq4wguqq8fnmttqa9xpghtv454cptcwvw6lv,814,normal,0
19cfgMMKLyHXdv9bofX1dBpSada8Aj67,815,normal,0
3McxbNFuEfhmsBvfQVkbpRvnPu2uvfPj,815,normal,0
3MzSzE4wa1433Gmc82rzVJz8CUip41ug,815,normal,0
1F59a3VjhAfntgkqLtioKqVHRrBCSsgR,815,normal,0
bc1q6kn3gh7r9frcneda36dzmh640769k47z9gjjtz,816,normal,0
1mhrdiQBqScvqex3bzvBySuZ6ttMHAGb,816,normal,0
16eTfZc3mJdxm5fci5Xu1i28Qf8doWV1,816,normal,0
bc1qprapcdl940laqlgd6ey3yz9akj7ktgedxlng2n,817,normal,0
1gjecYQanMAPYBJsfArQdZXTH2qv3qmS,817,normal,0
3HUg28usTKJj9oGwoV16rziK5NxzQ5p3,817,normal,0
3r8VYNXwZvR6iAGuQvzikZvVRRBSg4ye,817,normal,0
3rjyo8kqrrSpccfVa4yGGjnq9F7ULdNb,818,normal,0
15r6h6qGdXoF1yysEuz5t4Qw7sdRqb6r,819,normal,0
1xUqemx81VnzRHGtyoASvE7KCHFzbAhA,819,normal,0
1JxCdN7QGbL73ruCL2fXMCoS2mSTQmJp,819,normal,0
bc1qeg00sdg4n2kw9yzemqxelvnavymhp68wwhxvt0,819,normal,0
1y8vtPEgRSz3arT3sLZfdH1h5cQ6xzKr,820,normal,0
3zbWDSbvpmfKMR6afjz5pvGKgoDn6oRx,820,normal,0
1Mm2iEzrj71gDarbZCgQRDWgXFpqSqYa,820,normal,0
3acr27eTBCE7H977jvzCNGJy1JyHJhK1,820,normal,0
3zsStVxdrnPT78EgDnPG35eEsSEEeNeY,821,normal,0
bc1q704u32k65huua3usv60c366wkr8hjwxg54762t,821,normal,0
1F1paNeXFX3R8CvJMQP8eQ5Fsp9Bi9TU,821,normal,0
bc1qkz8jfq5d03kq8ndmgtpvrsyjjg2aw75xmpv7p5,821,normal,0
1ryznxB5KkU3XXcw5ycvoKEfmFgwQviV,822,normal,0
3xxHVTxP1NLYRYHtJiNE6GtZsTXa9DUC,822,normal,0
1n5sVQXiwFBAcDU8Da8LC2kr49bXjGkK,823,normal,0
3DTCXhNRAePA9ovpK9fFAUWHnNtAwm4a,823,normal,0
1kt2XPfwvzZp7VqiE5r7U2y6nv9Ko1qD,823,normal,0
1DT1bAXa8PsnVnPmaJecXPnPsthBav5t,823,normal,0
1CF6FGxNaoTCSZuP2FvbMhr1yJJtywcR,824,normal,0
14LkrB7geibhdEfRmp3YDD8CQTmpS5Hy,825,normal,0
1Yuw8j8M9AD8CbiuqK6tQhuvCWXRPokP,826,normal,0
bc1q7xncd8w3cv9knq9alg6vw94gmv62ucdun6l0uv,826,normal,0
3eVNQeFDcH8emUB8fZPpkpsh8NQhomDc,827,normal,0
bc1q8pur0ky4wcl380vxtkqk3qv3c45wfaptn44qh0,827,normal,0
1FJTN2rDAKn2wwE2X1mF3cZtkNiJphCF,827,normal,0
bc1q7jt249ne20rl3hkm5rj08wxlq2enkj9ng4n6en,828,normal,0
1CxjTsjJ12cfoDcjVPMgschrSbv4SkSU,828,normal,0
3D2UVDaYM3AXvzbVivDxRBqv7cKZ5VWz,828,normal,0
1t5ef5KD7Px1kdV3X7hp3Ah3qAirEKfC,829,normal,0
1gmS6cFv2FwZTCcec8wwcgogfqFBbHw3,829,normal,0
bc1qq7ugfjpfmd82rr75g83g4qaw2ejj5km4mf0zqq,829,normal,0
1nE6tjGyJ7g7iUAcZLJbFQxYqNFm5Lcr,830,normal,0
bc1qwfn327yjm56x3xch2lttvc5xeqkek6yvp4hv2c,830,normal,0
3fE2Pk8AW5fa54erZqszHsHtTMs9Lhva,830,normal,0
1kAdQRe61DQBKojv7QKKWgnndNua5mbM,831,normal,0
bc1qk9fuf7yu6yf08m5773l0puypuj4zs8m4kd76uf,831,normal,0
bc1q89k5zr7ulx2lvm248k6ehz4kxct98sh5pxxu6q,832,normal,0
1xtFPMi7FRHsfGh27vRtgkKpQy9dpwhU,832,normal,0
1wxYsLyjwAZgv2RSd3JTGvhUKE4HJogW,833,normal,0
3fUigYzWiu7yxMVR3TYsj12qp6Ckc22A,833,normal,0
15wcu631gZBoiQmyEELFSNxxgpKV1Cc8,833,normal,0
3CjFRNvdoNUWmgdwX5JnjxskqUZqoQVJ,833,normal,0
1dABwWyDQPbWeXVAgZugZVANTewxDtjm,834,normal,0
1TbjRGewunZJh3QMEYCZQaEdGj5ELt1G,834,normal,0
3S3XjDiYW6N4R5Gia4rRJf34qCZah1YD,834,normal,0
bc1qxkcgzwd2jhfkpf2gr7ksyx8hq2hrkfevtq5hc0,835,normal,0
3UWyiC7UBMkUcNVbbHELWNcP1cz4ZiU5,835,normal,0
1eSMLFd8p2P61UQTxiabRhVGayvrsh9B,836,normal,0
3A6fAf4AKM2VRCKbSJHdrkeb7wPekN7h,837,scam,1
bc1qc7fuym7w8jmq0x5hjptkrs6vckkgfg3jl5n8af,837,scam,1
3ZkhukSWFeWfR22aTo1iYa3Kde3EEBpo,837,scam,1
3tRD7CsyjqNi7rjqWVUfaEjTxXj8yGd2,837,scam,1
bc1qtnx4djkra48l8rl4r04p6vr0n9hpj82xgwa49d,837,scam,1
1HRMiuJhHa3UDxitHvKpSZ3BGK2Y2CTi,837,scam,1
1o9qjU37Zxbq1vGaw8KMg1xfY1WhaAKp,837,scam,1
bc1qumsnjr4422zhr36pfkl95mzg202x8w392d38gh,837,scam,1
bc1qlppud60u4m2eznfrssaenmswqgfwz9pyl3nwex,837,scam,1
bc1qrsxtfd7scf9uqzdjjje4wwljd6lp3mwjxulm7q,838,normal,0
bc1qjyuhpzls57ejn6e092h2fy92rucq2qzra8jyj9,838,normal,0
bc1qdqr9gk8slwmyj284yu8g250gns6jjcet88vxzj,838,normal,0
1tWE5FhEJn77Xsw3AuW9dopGNoPdXGAr,838,normal,0
bc1qk70uzqqgksan4l8558t0d8dpqkcr4khml9v92k,839,normal,0
1owqKwbd3Z3HweLpWeQDLFwG4RSUS3JN,839,normal,0
3AqFTood9EbBqB3wyQ1CPvsb4AcrgHUp,839,normal,0
3Dz2sNFXubgLv2eavtUUZ8fbRJmatrUs,839,normal,0
1iABjYy187d9ihFqNVGYjnotEfFzCQqk,840,normal,0
1vvfCBXj7dUzpXvxio1F81MsDoY8ra3e,840,normal,0
12xMxGjDWykyYNF5AaJvVpfHGF6QphA6,840,normal,0
1oF24PXPBtNYQkZDRKfkt9cnfSuSyqrc,841,normal,0
1wUiF12XtkB7cwBqSmPGouNwqFbB8a72,841,normal,0
1cTqvK9gzJjtFC6uHWKeFoMHdL81gYpQ,841,normal,0
1XorYjytpmUieaXdSt2cVz4gegpEQJmB,841,normal,0
bc1qt8s2r2r2hp6ft3l2279caha00tnqsmckn5wcht,842,normal,0
1AKBjr9ioCU7SVGGSrT3QDarveJHMBKg,842,normal,0
3hMxKorw5FBEV6PGQwWfNFfmLoNiQft9,842,normal,0
17oMmhpu7rMLXtGRzQD6dGDSRNAj1GMw,842,normal,0
3uEyx9BQhNUqms24748KkNLXcGUJxFWH,843,normal,0
1AkS9EAtdjcTm7cpZg5ZvoySDPrfr5At,843,normal,0
11JoD7hAHt39h5K4ge7nKsensA6H6wV7,843,normal,0
bc1q8hv66q3tmwqst7eu564ytjxgl3hv7j3t7knkv3,844,normal,0
1bJgFkG8iKVSanJqSFsbbFKbzTixEk25,845,normal,0
1JF8ArwdQJF8Fuwo3GQCrexLVChvDd21,846,normal,0
3RVCZkBMBvKsvyHCyzEGjq6i6ECVzXEJ,846,normal,0
1VUoeWxdyX4xqxfgjciJQBu92NdnXrfa,846,normal,0
1FCza8PdMWCUVtUjyaXrudctWS3Nf6n9,847,normal,0
3dtYx9ZcAHsvwzUDPcjPmrfEA54gcNPR,847,normal,0
1XRb18Yb9ufhBUZbnrgaQ6PPh7eSNtVj,847,normal,0
38Hm2H8NGPLya7DX3CUsrZxepiC4v2xN,848,normal,0
3SF5NZTsfz2LyQ6GBgE8y6GuW7ckGKcj,849,ransomware,1
1ZRpGX4yy7AyUYohY2VfJ5Jr9zaCHbbG,849,ransomware,1
1JkUbCkkot4Jw26yub1jYgJfZ1ku1hTP,849,ransomware,1
3FHrXdwPmXRxM5wEfU47E7F962Yh1pwF,849,ransomware,1
bc1qn0ar07jvxwfqfuvsvu5w3dyxq562wcjfn7uy07,849,ransomware,1
37eVUStJqQucw4W6fqxywu4TJNWn43AJ,850,normal,0
1sepKZVtXoR8BUjZNF5Kmmn1ymr13CFt,851,normal,0
1uUXEU2Q6V5FwRKJNfpCGUHtdfYoebQ6,851,normal,0
1S5nBpzNPfMmTfCtG5atFv8ynppxJtCw,851,normal,0
13DQ7ocEXsyEGg7ZHiykaT2zU5kNi2Ja,851,normal,0
3TJSRJCLdK5bBwXMrKmE3Wn8Lh6VLYh7,852,normal,0
3WJeersypSpHWBExUS6o5WS5JY1zBwVg,852,normal,0
3Hir4HeajsR577VBJsVknssovcg8HjTP,852,normal,0
3ehPPnLtax8sWCSXmF5jAydEK3HWB65X,853,normal,0
1hiUt4ApTsXw5L3SA2owgRhD5VkycRHc,853,normal,0
3ZRVb1k225sGD3DKrg1CPXN64ncio6et,854,normal,0
3yf48jPLr2MtSBTdjMeQ7dYMEfbdPKVT,854,normal,0
31dJ6NaRF7dQvd4GNYrme4TCjBJcq5Gw,854,normal,0
3yk9eqjHzCrpaX9yYTM5m8pL3Bv3t2pY,854,normal,0
1SWUGdzs8Wr52KkGHnw53nS9ZSmHYhfC,855,normal,0
1XnpnR6pyk7HVovhaZ9LxHb7vMtUJ9SK,855,normal,0
1pdNN8HRCG2ow8rothEYt8vcwftDAwWS,856,normal,0
19oTZQG1VqKopL37mJnDSUjHtHoUd1BJ,856,normal,0
39GuNBoHaan3Xi7gkjvSF6LAd5aN5RZR,857,normal,0
1vvALFd4ha8PfjWiDAJcjmiDk8g6Mexu,857,normal,0
1CdSbfKPY9egZqVBprS2Y7aYup2tftVw,857,normal,0
1rcM5mqD9g2dnprvW8GVphEcbJfMaDkt,857,normal,0
bc1qthk3qa3x4mvfdaxfrlz6mqphm384tujw0xey2w,858,normal,0
3JuDJZVPkz32pCydzZ4xfTMzNd3KCo5k,858,normal,0
1ZM6ysUDPYYA1aeWxg7izZbGT6ULQjSf,858,normal,0
12XvQGzXx6uKBBXSfv3oGUBSytJJFFu9,859,normal,0
bc1q3wrq5zg93n5zx6xjjjdf885k4yh77wqugdty2k,859,normal,0
1gFczcY3PUYUZ4Bt2DHVkCtyGG69BVyc,860,normal,0
1y61ccZsWn4DLJLah3zoWzXDqZmFvKPD,860,normal,0
1FMeScoMnSjZkDbvd1P3MBySqZTTsYRQ,860,normal,0
1yrq3p2hoqyUiFg9JfJzvcmJ4F7FiGaD,861,normal,0
1txWJBczJBsauM6VhYyQUNSuNbamHTem,861,normal,0
16RNHutvxUGRZo4PBHMVqfyN6V3RiKdQ,861,normal,0
1iYR6RPPG9pChjSUHCUmszN5ekWU97wn,861,normal,0
3LCctFD9EppkjZGPUBYpnEX76d6uZkAx,862,normal,0
bc1qp69wek5py7mtgy20epqcx4tp26xyazhffcyu78,862,normal,0
1Gc6TxzLPFXSU8H7cwn46GYLCQbY67Ty,863,normal,0
1Ln9BoVQL74eMugVMTZNnLA2TRV7CJgJ,863,normal,0
3DadDdCmLBjisZ569iDhTBeznEbuzAZa,864,normal,0
1YbouuYD8FMy1FPXHGGemNyz2uiDxeVa,864,normal,0
bc1q4hlksx39zs0uy3j4efle0v2hnqsk5swd40v8ac,864,normal,0
bc1qqgeyfnyzhmth7p98jxneuff3hrjxarj988kpqs,865,normal,0
bc1qhew7k3t5lhdd2ecrml38hzczyvh77n5hutr7h2,866,normal,0
1pKVR8BL3RkzAfjEVZeNkK4vJYjxYXeG,867,normal,0
bc1qjeu8a56yf50nc6pudzf59gkacsjysun4h05p2w,867,normal,0
3D2gQNjgoYVh8HEhtizmUdp7V5Mfj6t9,867,normal,0
1RLKKS9XH5EkfYyLTSgdsFLnUrLf4sPm,867,normal,0
1RARN2ULwtxqo2EzTbL1oSteVBBPkWCG,868,normal,0
3973VCqRrtuLAYCM5S3rkfuTHWY6SMEP,868,normal,0
1tHUffkLna1MY5yZ6cYa6vXW3fXSDCgo,868,normal,0
1VD9tEP8yKrApFpnnMsrLKmGCK1amSG9,868,normal,0
3iQ3oB5ooFU4Z3R3cyFuh6onXJhk9tYH,869,normal,0
1xefcb8RpncmcGiLZwnKBTCpQo2K58cM,869,normal,0
1jRprDuDMAMCT5MdcpCRZ7m4MiyU9N3U,870,normal,0
13DhR4BTM8ypzRFMiEXDj9EtKCvf421m,870,normal,0
1TqSgiHMfsBzUZ2bqtWvtF3od3dhMBEx,870,normal,0
1weiSYMYYU6UJoqqyZ4rJBrzhv8r12hr,871,normal,0
1Ux98mzcCErQaUESGobVcdE6iJnatyf4,871,normal,0
3XiFW5jQCnYDF4ip4tU9xvXVAhW65hGM,872,scam,1
3esJvYmo5BUYFTN4XpEyG8kHy2XHfr11,872,scam,1
1GjBUA3Cj7oBF2e1yaU8B2ZbNcE4RqxN,872,scam,1
1wGFmwQDRaxQmD3i9jH5mmbUsMY9FUKv,872,scam,1
12oRYM4gpfp7dmVNuMMiLmjqguw1KYRr,872,scam,1
3Fe3PmUP9eNzCSDQf4JDJ92WPVXySR5G,872,scam,1
12wTi17eMRVYD6sbcJArAJYbfD4RdkAy,872,scam,1
1xb3y1CxL7nBSpu3ENzLCMhhumcPwkxg,873,normal,0
3XiKaqmThmQEz7CmjciQQBVfuwfqDRSC,874,normal,0
1Zijyi18hm4Fp6WkHiZY2K6sakWoVbwR,874,normal,0
bc1qq66praj6qywcpnf2acvsr9h8kledqpw84pefyn,874,normal,0
1vQUw8K6syrq3tJvcZRZeSNV5kHTzZJo,875,normal,0
1kVCXD1ti7K2aQ2iY3ZNs6WSVNm6jjzS,876,normal,0
19YhyVezcwZsNGFheU6gDktZ6r3XcoAr,876,normal,0
1TWfTmm8x9o1tvjYdQdY2gyDB7J8cs6k,876,normal,0
1FsqfXmg47YnKu2GgxVCpCGJCji6tMLE,876,normal,0
1NUoHfCAUv4HC7XAQoJpt37HcvvU7AV7,877,normal,0
bc1qvqt66wj4yj58rqe28qwetlgn2y38cr0q3us607,878,normal,0
3UQ3KhhtgDdkma4sP1LsLB6aM894GiRv,878,normal,0
1VQKAwMPBGLomdxGnp9rwJ6MkSZc3qxj,879,normal,0
3AcNU12YFbbgtM2ii8ycy1jtN61qrQ8m,879,normal,0
1nVv1Bdch3Vnu8frhQT2P9ZvQinvkRAN,880,normal,0
19wx97wNQSkD7jJjHj2JMkUZtyHvYyyW,881,normal,0
1UBRg8KCoBieAW71RteXStVMouNhaGu7,881,normal,0
1bv7BDJbfGuCERKhN6k8bUMgah6WpzqU,881,normal,0
36DzN1SHX9k2jheQbXS1k5mhBpp6GmF4,882,normal,0
3dgVPKUbAmDZNXD89QVEFyJ3zxMDGdte,883,normal,0
bc1qa060edg6650exlyarvlvlz5h3xa2u70dhkv0t7,883,normal,0
1JmcE8CD3SZ5CMoZzXaw8ihz6k4s9NCY,883,normal,0
1McUJ6KNpwZCF5DymbsLBcWuyDFD2VVE,884,normal,0
1LAazENqhfhHS54jT1zth8zJ4GFRYUen,885,normal,0
1FPktVd7t21hDD7SzVnrQznqpg1SC3Yy,885,normal,0
1dpaRVtkdN6KDn5SQmZQMpqwysuYukVP,885,normal,0
1sJc8hpR3jV6YBp6PTTDeUCWfQJigD4K,885,normal,0
1gJ38uGR6Tv3WMdg87t2u4nn25sApzwb,886,normal,0
3ehP44NJ5F5RManWs8A3P489AjEy9X6o,887,normal,0
12f4qLuRRmy89gSvG5w5QSdX7nXm5T9T,887,normal,0
3aT7chR5pvGLyV5YSh6jDwVzdcubroTx,888,normal,0
3vKyHserPfXEVcUjBSPme8w8XfgRDd65,888,normal,0
1CiEnbZZFJ2jCjhQZRBTEb2atRfBWGz9,888,normal,0
1kqaWGXVsLCiKLsGtMyzULZ1XZdH4S9V,888,normal,0
1WrrBBuF7ouhDz1wJ11hN5BpgHaTgDNs,889,normal,0
1fPDUiK4GqPBV3EkhB1DThp5FRv9SFdb,889,normal,0
3J6FQxAT9uBZdnZ62cP3w33owf7ofYSN,890,normal,0
1K84sQ3D7eYp6r68pWi1bYcpAAwFZNNK,890,normal,0
1ZS3LJh7PeFaN4web5a5JeRmdTJiQEGo,891,mixer,0
1oMeXoHsFFDLEsJ58rhZChpzQvi7sJbS,891,mixer,0
3H2sABeHiZG4mqAiA1pLaVBaVLjFigKD,891,mixer,0
3cRw98Gh8bhJ6zncw3oX8hVc4dcbSvQd,891,mixer,0
1L5YrECDKiBN8zDZtU8VMiMTM5WEikgH,891,mixer,0
bc1q0pl59lkzlf42p2xenenedjmjapyxs89t04fj9c,891,mixer,0
bc1qmkc5us5wv300m4eevtust9t3ppey83fppkqfzz,891,mixer,0
3XGK8WL1HY6Pf9d89m8GvumPtZbYy2tH,891,mixer,0
1vx3zb2nHusxTaxodg44texyZybhuUMU,891,mixer,0
1sDDpJiQeZkH3pmX7rmWMmBKVoxUfFuc,891,mixer,0
32A11uuMCeNStJBSiBKskNbU8DJWR5tM,891,mixer,0
117CZrZ16KGL8bkCKPDxca1SWvXxABLD,891,mixer,0
11SdMoxLhBBF72t6CzpM59cFFXt2nVgt,891,mixer,0
1E4BCJhByxWdnE7SSGomsAyJ6Z2Z6rzJ,891,mixer,0
bc1qjfy46wtf8l2axj6aefycwmqgqq2vam93kzufg0,891,mixer,0
bc1qyujp8tzr2r80w46g6r23vcwcym5cyadceldgca,891,mixer,0
33ehWh4m6nCRcqt9q7GDJ9uDVHnFrtTo,891,mixer,0
bc1qvc3ypacwypw8lgtphejxy4e9l4klvrvpmhsy94,891,mixer,0
1oKPS7mAn82XNXtd5hcbAUUk8X46hFrT,891,mixer,0
1PF21HiwUPkBBrfVaCc2WMFPvwrsjfJZ,891,mixer,0
1Y5qrtiRcw95FFcP7RUDs8ZHdcFK8DLQ,891,mixer,0
bc1qnrg2rayu7h04ruhjwkha9pyrmqqn2m7nz2k4s3,891,mixer,0
3WujfoCyJnHfmFg9D6c91Nywf4LSbyoK,891,mixer,0
bc1qvalne5l38w8kydw3herkhnegu9avzxn4veyfdp,891,mixer,0
1d3H8ntpbLQZpoSBDd5DgRYVLGHkwh7u,891,mixer,0
bc1qsmslqljr40m27wwuxr930gmj58n9ctlm4j72sy,891,mixer,0
12jE2NmjiHUQycjYyaVsKiuovVUZMz6d,891,mixer,0
1oAecxUDCWE5x8hBfcBidqcaGZ1qmJ8T,891,mixer,0
3EWTpgV1ZUFBdPSpYNcJeF8ueYnKGRAY,891,mixer,0
37vHt8hwhYCAAcG2LZTxWraAyaZNEXhc,891,mixer,0
bc1qhkau9m9ddjg9cx75n9fqz5l84d3rl0p9z5k0j8,891,mixer,0
3kTme4PStGZ2K22LQQCvQATMJR4SYfCT,891,mixer,0
1ZzFGKmQa1dUngTG1dMpSvXQM4iDVsSj,891,mixer,0
bc1qryzste7v5vj4rhzuw3j6n80t6dpa4t4nwgk8d5,891,mixer,0
3KZpbM6JNuYmdyMS3PTr3XGWV6q8ZbzC,891,mixer,0
3yB2wMty8CQnGB91Sh8zdHkp7VxFXqn7,891,mixer,0
bc1qrnwznjexdnl5cnd768twettrk033ketpdul6v2,891,mixer,0
1g3x3g1uQcqJar6GTkqiewPTrMzTNTSS,891,mixer,0
13mc1BNHEWE7xSVTgZWM8pknrqLoSHS2,891,mixer,0
3SCMnj53JbCqZ45jWpKPLUfSSCUKbdhX,891,mixer,0
1i17CEq5ungksdQhxSRBSdXfNwPEmRr2,891,mixer,0
1dSi9z8rdXUPowZaSj2nc8owvBPy8hn6,891,mixer,0
bc1qhqu63vaes03tn87v0g7j6hxrav8avj4j3wc2ve,891,mixer,0
bc1qw2gx8pemw7em3exqx6flrqaarzvn03xkk7lcdg,891,mixer,0
3W6yemx4NWuH8rVguEjC6iPKxL3ecXHr,891,mixer,0
19T8ffZf1NATdvzcp7KcaW51TeNnvRCM,891,mixer,0
bc1q8c6duhjcf8vv33qzmmqh772a0fttk0ym8hwwh8,891,mixer,0
bc1q9sal2cs2atclz9mn4vrf0a4ff5pm8geq2fxz0e,891,mixer,0
1we7qQynYM8Hn1wJHLrNhEYS4sj4zTXW,891,mixer,0
bc1qeqx233x57v6wk7wv6kwf6lv084jwrzre5mh06y,891,mixer,0
373SNZDaPy9VWjAbCZdYsqNZhyQtN7o9,891,mixer,0
1mnUf1fDirRjGRSC4QVpm2uJBVbVzVq8,892,normal,0
3CzWyZ5R8D7RZbhc7uxEfyd3t8kVZQMU,892,normal,0
bc1q74zxvyluw6jz6ar3hy43768uneyypludm3t7sf,893,normal,0
3nspZyzEdxTYVQkutYCfbPyH2Wj8Ldne,893,normal,0
3cfk7UB6QzAfsGakAFssjw7L5o1KiRbV,893,normal,0
1PrT6AC1xyUUnV5MQkQSN1HjRVRQuN3P,893,normal,0
1LmznUBDM78irnqZBimBBJxbcLsNb8fr,894,normal,0
bc1qxq9gq6l3g4yxn5mrhndfssjx2uhuxjfenpskaa,894,normal,0
1LKex3b5WC9tQa4wDoenY9XZ8gTzCEkT,894,normal,0
bc1q2tt3dypkqjaqghz2nh36vnywaf2xlmpe4q79d2,894,normal,0
3sQhVKSwvtH6PWHyb1ZRRD6UnKazhqfj,895,normal,0
1wFNFT8twu4GbVLcV7RHLPSkg2vAxz43,895,normal,0
3EG8UK1m4usWudznRQZd5KdVSQk6d1n7,895,normal,0
1dfhzFxaDWeVZPXk2vZHX4zVdVVnw42K,895,normal,0
1uhC2c8oH2xz6aJ8cSnzLCADQeU2PEmv,896,normal,0
bc1qcuxakfy6l2duth6c07njl25m07p9n4f34tjsj7,896,normal,0
3xoRa65m7z2K5HNm5VzLe4THrjUDPovo,897,normal,0
1Kom17f4avLycPEgzG5EiceMQV6kWifm,897,normal,0
1TNMF9GAVFDWf8a1CNu3hx9ojAUSQAbi,897,normal,0
bc1q6e9d4y53jaqsqal8q4v59ad5jctmkxuj5xh6k7,897,normal,0
1KkkMsALFvSZ16Yz4cEbWyeXq13tJm1b,898,normal,0
1KukSgQJR1YSipbAD7hyKrQVU884ACP6,899,normal,0
1SJbLw6FwpBUfVi5XvjjgxuGCbrQZSJC,899,normal,0
15iMuwVw38RiGfyKFuSSM769j9XLVE5f,899,normal,0
bc1q3xaa3x2qejd0avgls3z2p7m6c63g8nnfe8s8qh,900,normal,0
3dv3aD4BtBEVrmXfTLJszDgkhs6C1oeo,900,normal,0
3w9FkVsy8Yv4FQKZ1X5egeG8gStH4XR2,900,normal,0
1k32LqoiFaQnCaTe6H8Ez9mkxX2LGqrf,900,normal,0
3ZvXbc6sCndQRMmRDQeYAeEk5uCjDzUy,901,normal,0
1vSr26YgwLGHuFrEYbzn1Jbe1VksAfru,902,normal,0
37oAAZqRcEM6sAu1iHxpskBQTGLLDr5C,902,normal,0
3yi2ySmhbjAcWv22xmXSCNdgrTCz7JfC,903,normal,0
332AYDoyUvFsWheFNmbqeKzHk6HGWANf,904,ransomware,1
1eJrm7e99uZdArbjzNpw3CXJomftH4Tn,904,ransomware,1
3SVvraGWux3FgDsfRncYoTzW7CADWFd9,904,ransomware,1
bc1q6c6t2m38cup43g5rsemfkw78fn7eqazjs7va0a,904,ransomware,1
1ZyxnEVv6PXs6uJ2SfBqLvY88AGN7WFN,904,ransomware,1
3YtALqtKqfDsWRizD5oD54bQhPU3Lee6,904,ransomware,1
1PKjigL5VXVQb9F7UNbTJW3uCU26rUc3,904,ransomware,1
bc1qvhyxcrfc5mvvq5atzg2vjgezj3crndk34grfak,904,ransomware,1
bc1qsw7x7ed0agduzydcytzagcfc0xpv85qnywljws,904,ransomware,1
1gibGo4fyAKwP31LgSbYxyip4adFUm7S,905,normal,0
bc1q26rq8tv0ydsng4gvum6ur2ysrtyhqxr5w6lqcc,905,normal,0
1uJpje8io4ds2hMxEdv2K34zJoKH7xc8,905,normal,0
3WUdFN4crEnXh34sSMZUmZkiveCEyouw,905,normal,0
bc1qhw2n9ytewhpjst7l9npmannqapheztnyraj2gj,906,normal,0
1ZmNcEeDRS4NQjhDVoZBtd7zMdP2wWp7,906,normal,0
bc1qgn2mcqqftep854fqewrthqsqh6hqqvmc9yxdet,907,normal,0
3zGt6JGL91HBtLgqzwFofWwsUaHjyjua,907,normal,0
123yz1Rky3hwDAoCgxRecgErxss8mvrw,907,normal,0
3LMRmUAMCvaChyP7hRLpRowzuuzvNFi1,907,normal,0
1CcaMxAPFr3Cy6TXDbx1LyVTVvpXtbiG,908,normal,0
1Kg4CCsNNf4pS5wacnXw99EhhPiFp4FF,909,normal,0
bc1quhrgrj54ecvxxvu88h07jlml84mu2vgxtt5jj4,910,normal,0
1eFWgFv15Eyztkk74NnsW7UqdofLFdy6,910,normal,0
3soMyrqRcUqXLibiKVyNaSoAvq6aYNKk,910,normal,0
3hUqMY1nAwAKNcPAWYr8uG1iPgqXU7vb,910,normal,0
3EGXviYXjkvsHyosXywLtUXGpafTo214,911,normal,0
1Jvy8RTwxs3qtYBfvngvZsePNDqKNYPS,912,normal,0
1sFKuaCiAVXxafDHyaHhFDyEDSAJrZd4,912,normal,0
3F9JqpRRcesSYRmq5xET6WFTrudnTNH4,913,scam,1
3DMUqywZWqLn9g59enrD2KD66kmF3y6A,913,scam,1
3syPQ338XhrdxB9MurwpUTiJ5aXzsHAf,913,scam,1
1CB2W4VE5gY5XMnWSCZEVfxRYQzRSFmW,914,scam,1
1pwVDrDxtwNHWAqpJ25af5Qgng71ckNT,914,scam,1
3hbraR8NvQQsDM5pGMkodBxy4WSTYfam,914,scam,1
1zeyTZH9tyYNpcsKkhRrSh9DLJfStzC9,914,scam,1
1XRw6ramX1PX2az84e5ELsDtLAeTTLE7,914,scam,1
1ZhbM8aA6pjSHrA4u14f1ebVkkbRsfVB,914,scam,1
11gfQVak8rpt27x1GQGz4HaHXTeYuvnD,914,scam,1
1vrPY1MqezKmcBmsfBgaHWcDN17TeFfk,915,mixer,0
bc1qqy7srxlr2a9k39736dex4aut78rzcspc7fvqcj,915,mixer,0
1yLEsNUibiHn23SqnsrPnbR5NvZHrFNc,915,mixer,0
bc1qczz6a70c4zmh964pv38w7tkrkl87dp5wfk6zr2,915,mixer,0
3tAXbFj78RdNAGQonfonDdBiB4e4FBwJ,915,mixer,0
12VBkqj797aVcpnuMKiCX1C2ezvLMNWH,915,mixer,0
3Dygdx2qKqGoF8kUcA2WVaQBtVNG9p3S,915,mixer,0
3uDLv8qfBnW7DFdWjHtN3B8zKQG76QdX,915,mixer,0
1XchUsmhTKDg7ECtS5KQN4fBMJz1aFLz,915,mixer,0
1Ad7igMwbhX3fNCUERriCVJC9McMEdTG,915,mixer,0
bc1qjeckyv65mgjgghr2uykljvx8wk0nnc0w6zvrfd,915,mixer,0
1h1e87YsXizbTpwjKfvmnSLoRpMajZgs,915,mixer,0
3fA5kLYQbMV4tyoH2drfjpyoBSJhEwSg,915,mixer,0
39nQtsaMrNyqCP5T8AuevMyK26VfnQQd,915,mixer,0
1hpfcGHDX3BKx53PBZGQgToGD44sFwVH,915,mixer,0
1CuXy5HwqXWc2gS1Cmxr45Pc7rChatX4,915,mixer,0
1dnkD92m2w9oJAUhsrmESGzCS5aJWUps,915,mixer,0
bc1qe7p80kvfyy3cz42d802p2cscvunu3laq0ergvy,915,mixer,0
bc1q7g2g7376cxjz3nl4ntx3sd6rjjtlyxt7nylhvu,915,mixer,0
bc1q703qxck6ytnh4jcx96pq3ev285ua5xj3sjac3w,915,mixer,0
1QjhQS939ki9eHdKvQ7Dh5fbteJjhjaq,915,mixer,0
1yXyhmkyj3nX5nYGt2jC6PSo27EpeeHy,915,mixer,0
bc1qwhlgny5629gmwx4ky94ce7ffw98zthca746kj3,915,mixer,0
bc1qcqmshg4z9yf59pvss7ltqt8jctu4ngec0fg02f,915,mixer,0
3s8NYLKFpH9ca7zxivr8ZLySumkCeZmo,915,mixer,0
3184yY9CjbW8pr6TKaaiqYckfbvFFiYF,915,mixer,0
3C2tCPENFgyTMqjK1CmWzbTuwNkqT3YJ,915,mixer,0
1TdaJ6gqvctNQDadFt7ktiYNh4h1wpeN,916,normal,0
1KfGappX6FqHLGd8NjrfEivTYPFPgHUL,917,normal,0
1PCnUoBytr8xqhhDEqzcjvXqgS1A1L8M,917,normal,0
1aGq48jfw7msuTKtqUF8C5pAbGivFzo6,917,normal,0
bc1q425h9re57a4jxcx00h7q5ecr2rh2gjtpnrr2dl,917,normal,0
bc1qs83arklrcw7k5fm7rz796dvkz8sz7533wq5d74,918,normal,0
1GeseUeBhYt8VUeDHE8yXQAF3DoQjATm,918,normal,0
1sBKr7eVNGEy9csuJ3eFfoHAsGQu2EFD,919,normal,0
11fBV3YZzhvkiRbf63rk1csWBfqCHs9e,920,normal,0
3n4yxtRDottdvTYVFfxCsiFiuChN88BT,920,normal,0
3kEGs6xVtmKF36Y5txudfxo5v3TM5pmX,920,normal,0
3LNvvc3gsfXLxz6yUKpgCVF2NPeE8gK9,920,normal,0
1cg13k5TVc2uVEfNShqAFqvrb7rBXqks,921,normal,0
1Js48SrpcZmgwXzAkrVLbPR6FRRBTCcV,921,normal,0
1KbWSs96dka9r56kA7YvZNen1jm79wSj,921,normal,0
1MEBsJcK2Peqew8HYy2eqApSQ4RJrbuz,921,normal,0
156nrtpTaURhsgaof2dLxfwPsun5UZo4,922,normal,0
bc1q8l7smkjegnmdmvw4kn0khzey59nt670jylph79,922,normal,0
bc1q5d37gpflcaasu7ncpjrw97ev9awvxcw3pj5fe8,923,normal,0
1pKpUAGtaGkThETdw1N1YF5LJp7A2KVL,923,normal,0
1fNCHwSthiRDoA6rR2EZ1ay1VEtSijyM,923,normal,0
1LaCq6pZb3mysdVg3h5JwGxYGorQVJ11,924,normal,0
bc1q06sd7yh20cx5hlv9phklgvvpa4j70dt2gh3xsq,925,normal,0
1mA9uxbZ8fc9rSKn9PaAUAJJjraSDfhZ,926,normal,0
1opA6NCJ2dzFnbGwP9YwMS6V6jDdvWyk,927,normal,0
3RY9qWV1J6zCyMSAqHwtZrVsa5zffxDP,927,normal,0
3yBtPTjGYt13ZAM8BDbs5peSCsUoDiFU,927,normal,0
1orEkarJYWVGGiRBEKChPyjrAbfUUp1S,927,normal,0
12uVemDtRNCqwtvwZfzeZbmQhM3yQqeB,928,normal,0
33SnEGY4RiuWgu82J9csMMtYgcXDnzAs,928,normal,0
1wSAqcCE2sbbj3znyFQQgccV6HrxB8gB,928,normal,0
bc1qg3mqghnvurxavdquctqpsapt360nw40mqek6t5,929,normal,0
1TKJG9f1XTMc9HynKpbezZYzWsoJdzcs,929,normal,0
1efAHciPfqnjvj8z3U6PjFtJFFSRXw7j,930,normal,0
1ooatx64kVwd52tsyaHuZy9L7YdKRkqQ,930,normal,0
1sCPRSBgQCkEq1mQzFz1P6tFCY1ZYuCM,930,normal,0
16DDDfquNfkWM9xEwQqWeRQeE6Lf6pW4,931,normal,0
1PiWoJ3gFRyn1CLA356eVk39MqRAERL3,931,normal,0
1uEZTEU1QXLXv3ruVTX4G633mN886yjB,931,normal,0
bc1q0uwwgl552wemaksl56z8getf4r9qaa8ca5v8cf,932,normal,0
1BdHj8dzJRv1m1vXciN7aqqx7MnWoYQ3,932,normal,0
bc1qyv49f44qachcl5cruexjytavu5m3z4zex57s5z,932,normal,0
1GQmiAV1v2axqXZ1wyECK1krweXzs7TC,932,normal,0
bc1q78m436w648duwt58ce60f7f50hnym8df5pzw0z,933,normal,0
115yhgCcyYhi9g5G8o3Fy6RDz2hfbKp4,933,normal,0
1Hu3VZbMbTj7mnbfGs8dAeD6ewmZ9UiE,934,normal,0
1NfdzHk1xk7AFU7tUS3EFGdVkek1rmMk,934,normal,0
1T6tuNTnntNDi79EK5NYXNwpx1u8Hkwm,934,normal,0
bc1q9klzfydaxy36nr34nezv7g37vwz920skcy7sxa,934,normal,0
1fCE1SXfKTVED5RXx5hdbqbzLST8uzFG,935,normal,0
39sTAaf8nkaDoXwbognNCRJg9invoqQj,935,normal,0
1pCmP9H5R5RrvwRqGZYCsGdPs6XmJMh5,935,normal,0
3Jay5GApkUWizDEHKx8TbEVcvwhetASQ,935,normal,0
3rR6e5tEvLkF8Uf8nXtEDeybbGBPM475,936,exchange,0
3jvQAbWtYRkGZ9NDur3XrWknpU17FByT,936,exchange,0
3JF76hJf1tTs3JRWtsgGCDTX2QGTnh7m,936,exchange,0
18ixhQ6oDHg4WnAaBPNk6LRhdv3ouT6N,936,exchange,0
3GDogtgSz8DF7WCNDEgYh8dux4Amz9ti,936,exchange,0
1DwtJbHiU24U3wE1s1bRFZTHehgerBYg,936,exchange,0
19iakfmnc7ZQrkRu4f7xkbyfJHC2Sd9h,936,exchange,0
3RQ9f7eD1QmRXkN7HnWCqUkYbnd4JHBA,936,exchange,0
bc1qvjrjtngg5t2fxf70dr86wfneyzy6dm93nnpmqr,936,exchange,0
16c63jjYuQJsGbiWm1evZjDYcEA6dbz2,936,exchange,0
1FVFZjxhs4GGrcjFX8xDCYd3EmkFBBNk,936,exchange,0
bc1qsmawyarkzd5l7dz2caqx9spp2cwtw8un4l8yat,936,exchange,0
bc1qnprm7h6z7kvkc6exm9jqa9w4zgjegdza993h4x,936,exchange,0
1VBMKkpLe7uVueB9b4EQp7JPycS9KWwM,936,exchange,0
3H2gvUs8TZRCnViWQhUKGJRc92VpBQ61,936,exchange,0
1HswiUbHPTsvqcS2tjj1qL9VHgdcT6Gh,936,exchange,0
1W2Zcmt2Hshx3JrQ4SkXFTDBwoksLnxC,936,exchange,0
1URV8HaA35pUiNXUCtZmMsYpYVnDcxnu,936,exchange,0
1FsK8TKCY8TrPiXu5gDhBtbjusmpprHK,936,exchange,0
19VbQjvygRZF5XJbBYRmxcr8yr45Kgbs,936,exchange,0
3zy1ACNh1VamymfNTP7ssbtQ5TRukDsH,936,exchange,0
3QMHDekyK5Yq1ytNCaYEr26tJoRcB5AK,936,exchange,0
3uEjpA2eG5mjWEbnc29j9AsYZSd9AfBF,936,exchange,0
33Gkp7f61tBUizQK95LRYvyrU7RiHXAs,936,exchange,0
3GgGciuHCRzK43ZarXkvg6VLC1XQCuMR,936,exchange,0
3GzSDnaj1xD52TCu6Fmmh4dfvuhsTSBB,936,exchange,0
bc1qe4w5g9yphgpzfs84r0mj4smmfq63uhqr7c2uq3,936,exchange,0
1NuhfNcfBhcaUUmv4fNRCPdaEiKpdrgk,936,exchange,0
1TyTEXCKFb4oMjjZ3izDVTUQh2vXZFkL,936,exchange,0
bc1qh5fzkd49963mhhd6ea6h652xrdytaly8ptqja6,936,exchange,0
1hBTnh3ZB7EhMf6BxdtvopBmrF8w1WwZ,936,exchange,0
1UmfhNRn7Vn6bBEBYEcc9iXyndXptvJ6,936,exchange,0
1ijVFu5hvYY1RVMU7Ldk3KkZMbKQj985,936,exchange,0
1uLJEPJ24UBn6hmYJqba6f2tgR2YzSrp,936,exchange,0
1KuiPTP48RGcpjoPpXG5ghTqzsybqKWm,936,exchange,0
17JkP3Zys9jEVnbGZQrBsxRtEmQmDBPU,936,exchange,0
bc1q04gu6rpkav4cvzt5p65hh64kgjxksn6f6ue6du,936,exchange,0
bc1q4dqmjk2u6ywqrnsyyj92k20rlljm4rvrrq5z8z,936,exchange,0
1zq9Fp8Dj23Ybx8pzQm9YVjbuYr4B9Ri,936,exchange,0
3paiPJ4z9YX9FxJZmgo4mARjA7c5frce,936,exchange,0
1L2iXYbUMkEcsRiGxTLMbjtgMwJzgsop,936,exchange,0
18S2ag2SsJXuqAwLjA9mn6qFq8mMN2vm,936,exchange,0
3BDq1VrpP1tHmf8uTcKAU4H1bjgoghwW,936,exchange,0
1GwTPdcgoSLmGBBruLsd4z5zWueERFNr,936,exchange,0
3W3K4a4TGeu9jZBGbCtxSUrwJSB6tyCg,936,exchange,0
3hdLuHM4XpcHjutqftx19pzgSQf6XT6q,936,exchange,0
17LE41sBzZpwEo3RhRhaTmBmyGZy79VW,936,exchange,0
1LE2haaCsJ8Jsq7FUufdZVe2jHQnLUKu,936,exchange,0
1pGammxmz6SYKYhwLBYRbQnN6LsRn7Aj,936,exchange,0
3xKxKtSPZ1ZtUcA8Shn8DxuNBskRvLAz,936,exchange,0
17NnjKDDeXHwbpm2bnnoYVw1m3Sg5jZJ,936,exchange,0
3FKuNt6YdjqCdTbYVn9d5cvozaKHDvVR,936,exchange,0
1AWWAuZRKzo2hreEuABGLgqAyUtZ7sEA,936,exchange,0
1t67ckjZkwFAKNAhRNRtBaL3acWUjKYL,936,exchange,0
3UNfsPdpE44UsyfavouNcpcosVt8wyEa,936,exchange,0
17aKJfmhBDFUMMo3Z8QGH8E3o7SVBN3W,936,exchange,0
bc1qffvcckmwasr08p3rhrkrcrrftdc2fxr6j70nzc,936,exchange,0
1Ce3rWJGFpoyaohtf9sSMiRCD8eDegAp,936,exchange,0
1Noo4hmH69m6N2TxsbKpdczBmsnsisj7,936,exchange,0
1pQ8uCeHxsnohCATTrdki8evZSBxTH1N,936,exchange,0
3f9ZBTNMp3yywjdGsJawaAX8ZLShY4yY,936,exchange,0
bc1qk0skac56gj50nz25cfudlr9wv52tp2z940fell,936,exchange,0
3oxCfmdgADDyrNDRyHGavT6u3nGBvCMT,936,exchange,0
3anESaJEX5mUK3Si59dHrP81PN7WoXti,936,exchange,0
bc1qge59ddmscy88704y7z6x2yrgvw29zxyytyr4pv,936,exchange,0
bc1qey4hqjedmafvw0c75dwafj8msawu3c0me2tth5,936,exchange,0
1b5Xz2sEkx6HQqu5Zhe6UbTXkgRY6pF9,936,exchange,0
bc1qnf82zg942x6jmuv2v6ck2ptxs2jymcf0sqjugs,936,exchange,0
1kgzXdNAriQzPC5LwBpWZQ8AMf13oX83,936,exchange,0
3YBZH6YFRAxZw4NEkzmtpALDZ34KSh1X,936,exchange,0
1Y7eSnbT8VyTnV3JFgh7uE9tKsmnuUYs,936,exchange,0
1MZ6stWedKZegMHPhKzatWngrAoNFww6,936,exchange,0
1kv59sJVccVtJdQaRV9hEXa57K5kq76P,936,exchange,0
1wJ4REMrm3hZXczoTocVaosUZwgPFhPM,936,exchange,0
1Y2iMfqFDfD1eDTWT2VbwqGUcqCgtL2D,936,exchange,0
1ntvcijhELSjxg7T9VFk3cDk6Bi2rxru,936,exchange,0
3xY5HP9VF9jTwt7gzJ66mAGUDHZmEKMs,936,exchange,0
14xpnTApHykoGkGSmPGEGf1koztzBfrS,936,exchange,0
bc1qflaujpdk02pyfqzfyn9x2xp5ncx4ch0xyerkuy,936,exchange,0
1mysQWSx3tq8acTjwYcCkhvTN5Q1ziPZ,936,exchange,0
3GP4eshFgWuyqr77sJVzWThUavKNvHtj,936,exchange,0
3YWy9nC6HJLszkEbXxLYNjh6RwCPLWh7,936,exchange,0
bc1ql7p5w322uscvpq2mm508vzcc96vvplxtktp6qs,936,exchange,0
1cKgBW2yytoQRBBMLW3VqzmkQdmqmZFM,936,exchange,0
bc1qgm6zkaxzcq7udxud6p5lzmnxhyjlcwq5f73708,936,exchange,0
1Xs8TF6F58DPqtTWWX55nFFj94HAcV1F,936,exchange,0
3yivRGFASTA2QAQRA9pdywSN6NzGwigY,936,exchange,0
14Ti6Pdpr7RcUT8kx9bPjQsko4BdK3TA,936,exchange,0
3Zfkvwa9rHq3sJAQny7LfYHTEqJdWMFN,936,exchange,0
1KdNy9QCwyiNU1ZZKYkj1Yi68WSEsEUp,936,exchange,0
1cji5Q5NeKXAcHy6CdMzaQNtqkE225dc,936,exchange,0
1DyVzSu2y3NZfLQPq5T2d56WntgqJgpE,936,exchange,0
bc1q76320mehz4s5wwdd7xlzyhgtwv68zu8uwvsy7q,936,exchange,0
bc1q4cczhmvymn8q6esguc5fzte77zyenpqugsfjyk,936,exchange,0
1mDEGTyW3BR7mDwYS54xFMCDhzE6f1Ym,936,exchange,0
1eW183GrjGxyZdLc2GXDS516b48fmUAA,936,exchange,0
11kvpc6meNmnyepcQ7aUsVqRSyYLdhN8,936,exchange,0
1pfcNsgbw9WtwhF9EWVTkmcuFyBmSbcq,936,exchange,0
18ndozvJR8p52RosN1iwnbyCPnWBkSgU,936,exchange,0
1XKNTMkZsvedTq1GszpiEPUDqHcEVqgo,936,exchange,0
1FDUenfVp6VvKQ1yFFxNYm6YWATzRg7S,936,exchange,0
bc1q4gf572asje7yraqadc58k409ra3zkelvk8tj9q,936,exchange,0
1EVneeWqqGbc2wwPBcNx1gorTPSbRM8b,936,exchange,0
39rkmKVBFwBzFabvVVUdFeyga4Sa95EA,936,exchange,0
bc1q2j5nzda7ue70c82cq6ncgy7rjvxkdyc6wap3xp,936,exchange,0
bc1qfurc4ph3r3kp0lx2cf4nwrnq595cta3crlc32g,936,exchange,0
12YZ36qNS6SoqHjm8E6jbJZj3D9ZA8yp,936,exchange,0
1t9YYb63ZKUbzHjAN7RbEzp72xcKSPRk,936,exchange,0
1nCDCLoxQzHMwH6ntf6EtNsKQoLCCVAS,936,exchange,0
1wGAaLocdywDzPdeiZQ84q6WX58JUVAw,936,exchange,0
1MoXfDYCnp7cpXwpYiGPgQk1ZJnzmfFx,936,exchange,0
bc1qje25zwu00f6v8zv73ujqmk6vde594j97l427xm,936,exchange,0
bc1qmxqejenzu0rj46r2frhjeek8mnufz4xlr5qtpw,936,exchange,0
16WsedboQq7KVUA7BCcRSN5U7TT46whf,936,exchange,0
34mRGS2D4Ja95s19FRuahef6bdBhXukx,936,exchange,0
1uVe1iuyR1sDoA2df6NtB6NdNRHR3vke,936,exchange,0
bc1qp2l7mgs3sme3e9wmfr2fl20g2h04l4pv9pjjmp,936,exchange,0
bc1q2x9ykq5uv0m757mk4ym2pdaqw9q5h202fxpdln,936,exchange,0
1AVMFArUrBFphWns5CWoM8fpegkGUgPZ,936,exchange,0
37UrEMdTXveQuS5P63f153A9rcHxcVsg,936,exchange,0
1XJubEXjrWRct83GCxwvzJX6VFzMSMbT,936,exchange,0
bc1q6t8zcez6gfnd2yu8wjw0srdwv7ajca0e9647s6,936,exchange,0
1q6y8XSzdHMjBYSjD1gTQ33Lr376UKPa,936,exchange,0
bc1q6h2hywg7csq24wpl3ug79anqp78xcuf7wdw90s,936,exchange,0
bc1qande8w3lr4ezl4gjysgemxqmffg5vur2gd2naz,936,exchange,0
bc1q8750t883ph4yg27tdnxykmf2xqqmpdf8hx2jdr,936,exchange,0
bc1q92mrf6px2eg24ktjpvyzqltm0f2hxdwusfwpmh,936,exchange,0
1i4TcdKVf3akKw1MbiXWEWLjhNsg8C3j,936,exchange,0
bc1qjj7svkrxjsuyc5nrky9dlvygwquxkzp29ksd8v,936,exchange,0
1X34hbE75cpFCXBCGz5nXNNqin8FKcBY,936,exchange,0
1rnVjUwsdheL6rX1Xv4fUEevVTJ1YZ9k,936,exchange,0
3ewGSzSWx5GhL3gvQ3zyATJk5ztrbVuC,936,exchange,0
bc1q8tv2vmt0hfaaemwcw0hjz30lds3d3hjhldhf3n,936,exchange,0
3ZoA8hn84ztCE53sGkbz1ZiRf5fDUKe8,936,exchange,0
1qDpRwL4m9B4ZBNYzg634iBTCoGtw69S,936,exchange,0
1mxMhGS9LakVZJZQS8BcVyKef6XxSy3U,936,exchange,0
1MsPHC2r78XujEbff96JTx86e8dsZDd8,936,exchange,0
bc1q46mxgqllsarwk28n7z8lfqtacq5rk2hpvf38lq,936,exchange,0
1HgbjzxYTWJUZJWzifg4Swrv9Qnr5KQf,936,exchange,0
1ux2g5ZyKwkbZBHA55p2Y39baGT8oeMR,936,exchange,0
bc1qtdr52j5caxym7ml0cc87478898ra3008vqvnjs,936,exchange,0
3DLJxXZpfX8CyXxViSWCX5n3hUVZZNDV,936,exchange,0
1DqSr5RaZLSwAC3XiTeEoXWHMKpAp2ed,936,exchange,0
bc1q2965gv34pwhr3awm0m0za4mzsr2dq4vt3vltza,936,exchange,0
14EmxYqoweJwt7uyVyqHuNQEdEmHQZd6,936,exchange,0
1EtWJ5ywQiVAa7CATHWaVLxazVRDxAyq,936,exchange,0
3HrAwovJYLtsgGnbcAWdUD518BFKEqQL,936,exchange,0
1zsgPPgASniexLTeHTbGFseYp8D75Tf7,936,exchange,0
1cc6UTPgb6ZKW3Y54raQMPvH4ysmjwwW,936,exchange,0
1xrKbUWg5cDgSGriupHv5wSAvVmRCARY,936,exchange,0
bc1q9u2udauzy02836shv32rdmeer40fc6rvcp748g,936,exchange,0
1ykzoPMXthD9sXfw3mhX4qV7JsNohar9,936,exchange,0
1EX3Ee2fQ4nwb1ztkYut7wk18uPfNMg7,936,exchange,0
bc1qkn5fk6g3vffteesg0jjs5rrsfz4cxz3cnh7qcx,937,normal,0
1aJXyqKR6oxCVN1N2shDuT4sfDRw8BD3,937,normal,0
bc1qdmavwh2j8f8d9kt7yltvy6u0fpvut6plt9cp8m,937,normal,0
bc1q5ertwyz5m9xzg4y5nyk9usejmqes62n6e627pq,938,normal,0
1DrKBtCtdswmTJBbfB8TN5wuU2wN1VuH,939,normal,0
1dpxGp2vktumKmAri3Yn61G8JA83RPFr,940,normal,0
1GqbKKPYj3xvnMMajgphGpP5UWN24KzP,941,normal,0
bc1qxy7r2k5u9t9ccnneg5q03yysf7c2jdscqxhwnt,942,normal,0
1JTfzS9P6nC5aiz4AK1Mik5UzBkKyGuA,942,normal,0
17fQfD9c8d2uvrJSTm4zApoZnjXe2AF8,942,normal,0
1fyQ7nWXPmRQXn29G6SBbFkCgbjF7mCw,942,normal,0
1r2ZQfkfXuGQucavzj9nJhKi7UXp9eiy,943,normal,0
15FopygJ3NFPWC9MVtKADSVQtrmtnZxj,943,normal,0
3WeqYMWT185i1ZQAb5dpsKRhMfL1zAo5,944,normal,0
1iQAwMgUEk6YT8sSYL6pHaF7NWvZ6unP,945,normal,0
39T4vSLHf33Fscg83VgsuKHRVgyyQmgU,945,normal,0
bc1qfa90xywl959rz3csq27xmufwpe3tx9j8uumaah,945,normal,0
35uCBDNSEw4gXPjQfuYe2StEZp3oSp5V,945,normal,0
bc1qkj3fmmzljvvgcasz8ej7mlkdfjcafeuy40eu2j,946,normal,0
bc1q4vnuhd22fxlqa47kz46qf93ccx6wcmja9h9hrc,946,normal,0
3QNvjSFk4CDaruzmqMj3ee9xdw151msN,947,normal,0
3wUkjqqyWbc4UAzMxCd6ZVmVEHBuAt4E,947,normal,0
1r3GAdP6Xw1nXjTVnWPdQYW1LajGB7Qh,947,normal,0
19znGVGjg5CoxSzUARhvf3XyBRrDw84h,947,normal,0
bc1qaf08gcz0f33w6lalmxt7xx2jnurdjjs4at2f0k,948,normal,0
1B6DEHX1bKzXJcqGLd8ZcXHoVJrWJudC,948,normal,0
1V8iGCg4aduoboH8vwQX5oZtFLBL653s,948,normal,0
3cabbCxZvcsXAHc2uTyjzPtSjTYvTcKk,948,normal,0
18oZEHL4gvDBP5KQin294f2kQKCHG81W,949,normal,0
bc1qel876cyvj0x93p7prgf5nl6jlu6e3703g4u4hu,950,normal,0
bc1qcx2dxcj5xrsaapvyhm96kasyzlw752nywh2rck,951,normal,0
33MQkxZ6aSDZ9QKDSxPdXQ81XQR9SgB9,951,normal,0
3gkBX49FYh9gMDHvzErmBAp2HWTFgJJQ,952,normal,0
1ucBR8ZTXeSYgBY9PddwZKfcR16YXPiq,952,normal,0
bc1q7l7yqzr67tgv2xtuev8xeay7mqf6xgan5knlu2,952,normal,0
14WsUHzig2FmXdu5afLLfgY3W2LrNnJc,952,normal,0
1rhvmpwNMNjfwCC5mLSDiqn9uybXubmx,953,normal,0
bc1q6us74xlsljf90v854ktnzdnxzypn0x750drp3m,953,normal,0
bc1qmf25eep3xpl65eal829kvl0sgl4j539r670alk,954,exchange,0
bc1qlfqu87s8wggx68hxhecvyufwxh4t3et8y9u0mw,954,exchange,0
1G9YnPCahoaAr1eP4gWLvegmw1NZ3dch,954,exchange,0
1hWrrzf5yfq6qhPpacEvHPCHvMJTWmYN,954,exchange,0
bc1q7u489swphnf9cy2vqcx6fhuyvr8m8ul88nzz6j,954,exchange,0
1qcgWqEWPt3W2v1XnaCa8eoYNfe9hDo1,954,exchange,0
1NzpybZUEdG6CvLbVjt2ngXpC3rSvabp,954,exchange,0
bc1qu60x33wwmq735wn7vxshl9s0hr6546k6nc0gac,954,exchange,0
1Vw8SzA5E1HqqKz4KZchVKSfU7r1iMeg,954,exchange,0
1GzYTXX9Yn3MWsaoUPNumtA1MJcEWtrx,954,exchange,0
1fnk3UqLYrTH4Qg1rhmKH1mctGDppReA,954,exchange,0
1vk9T3wiStLLj7U9C1DHRbhKFvwajweN,954,exchange,0
1Vo5iRr3Ha2QWwzyGMbZHHPHc89LS7jt,954,exchange,0
3W3eb9X9d1adBe2E8qcb7DQQrqbiv72k,954,exchange,0
3Frd4xvzdba1nFBshPyKBZUqpLhkxHHx,954,exchange,0
bc1q6aj5wmdlp393h46qc9p0amx7rczshssy20lq3e,954,exchange,0
bc1qdsy3gtxq5frdq2yuqqn44qfly0ly4gl0p9k58l,954,exchange,0
bc1qg7g3x5uqc5qt2qsygp9u435mzrlk67lzpvghwg,954,exchange,0
bc1qlfxs9w4jukz9xwgnuqdfse3u9wxxde7ans9h76,954,exchange,0
1yUvfQ499uTYdSshieds5Vd5rRoHxSfK,954,exchange,0
1w76CMStVGibR9WYLDPvWUNgFdykhTA6,954,exchange,0
bc1qmcdd3swhrzerm3ngvpqp80t75vhlkm8h0dlfx9,954,exchange,0
bc1q4wtmxsw9cmqmmtve2mg36ea6kaehjphzr0a70h,954,exchange,0
1zH7vGFAshCHqtmMXXcEEYeGX1bSDZpA,954,exchange,0
3bbP9zKidySvWoC667DC1c7MHASeqP21,954,exchange,0
bc1qxk08m4r9pjgatgr4dvft4hs4xysh2gdz8jfhax,954,exchange,0
11kVi3ctT2KKBgWS1EHU7j5YsGbSEnoP,954,exchange,0
bc1qp4kgw55a3sh8kx5mgjapyzq6fdllmcgjnjucuu,954,exchange,0
bc1qyjge94g802tnaea57gch0lcmm5k7w8zdehg9re,954,exchange,0
1qc7S7uerBv2sDTQcJ8p4WP9ag6ojv5i,954,exchange,0
1zqAS8u8X6jF9xBnDDn6UZbaQ8k8SDAW,954,exchange,0
1Lkg9vXThM8Sr3EP24ZqnvSdXLLU9QUM,954,exchange,0
1m3EaJEjNJ2dVJuGKL6WvbZpwi14vY5y,954,exchange,0
bc1q42unmzhm4s6vm8xkg7nyxceq96ed53ttmyphwy,954,exchange,0
3PWD4QeRrA5mqw1yHXX7UkwwYzBToFGz,954,exchange,0
1vLbBY983NaSbD4Z9Sn37zPPQ36QmtMq,954,exchange,0
1ME8zhgDLZRjxLnYjRogSkGvJn8VC7f5,954,exchange,0
1bVmfCys11cuUZVBSH8fpH8eWnLEUjCV,954,exchange,0
36qA5GX7LQfn6wgDACWeZMeK5SSwi5Br,954,exchange,0
bc1qu5l34mns6pwmgtx8p9favlcvadsum035j7ytdq,954,exchange,0
1DA16e25e3fiJNyfRYRQeAgsSSY7Jpfp,954,exchange,0
1fVUZLNYKsdH89mP8jWF1yXj6YcmovPF,954,exchange,0
1hSGyE1fZnui31CrqRpqQz36c3gwhd4M,954,exchange,0
3ckfrMgkTFtiPtPtDaVhC7KWVz22zrwo,954,exchange,0
bc1qxvnf38zy34gkrykvnchc33dqv8ggehsryv53k2,954,exchange,0
bc1q4ntl5vn4rw5mgyjedapkpg00smustz0m0px6vt,954,exchange,0
1xzAhUPZfzN6YpBsvqxM9k3CDRU7e7kC,954,exchange,0
1ZuiUzTfvabCsUHDpvk4hByEY96Xxjor,954,exchange,0
1VGDRHWwBAFNDwFpofBikbtyv9ajbEKd,954,exchange,0
1DbXS4uG9xxge7xHZf4ArmJzApkEpgvM,954,exchange,0
1eRRddgMpQam7EAJuFFrmRwNY5SmXE3h,954,exchange,0
1YFG6WbnKpj6qxpbsCS2LiaNqdn7ktvF,954,exchange,0
13EazbxzffTNPfeVTqVyf83RCt2GxTKS,954,exchange,0
bc1qru4hw3vkrjtt0vjjykn8ruu44zznexheq4nxsj,954,exchange,0
12XErYjbTFocRye523NxWfUKbFwHpL58,954,exchange,0
3yqtFGXUTUrdnne6UsV9w9JDgXTBtkGf,954,exchange,0
1G6zi5v8M29Ga6ZLKmzRVxQGEHs3KJ4s,954,exchange,0
18BkcM3YqdhSe6JVT2wiKtjdCjbkKR5Y,954,exchange,0
1cr2L7GtEXywnzc48HDnQNN4ejNJLNLd,954,exchange,0
3AiMebRKoemk9JHfcDkf9m9rveEXHzSw,954,exchange,0
1comVMtmq3DnCQdL8uH3tPXPgrePnvMf,954,exchange,0
1P7D8Cua37nvPo87MEaQrDS3DbKTsXQi,954,exchange,0
bc1qccw5zpu0fewwhdumwsdw5dj2nrpjah9ycy0dyt,954,exchange,0
18FjF8roSs5pKPDopxbiVHY8MNZgyeqC,954,exchange,0
bc1q4c3j09q5hkqxskx77j8726kn0v6t5p3zd7u4u7,954,exchange,0
1KfKmZ9A1AXWQHJo7u3edGzNaQA9VJxw,954,exchange,0
1SHwX5doxfC69nZ5hkakNYu6RFw53F27,954,exchange,0
1qEDidwireY1FNq7QQYgsNFmsSHpAx5o,954,exchange,0
1Yg58otMRefxV6Q3xcrH3VTTugWfnt7v,954,exchange,0
1FVLSjsLGZopujtw1EThWiAD43Wg7NyH,954,exchange,0
1jt1Ti17NKkZsBVuBC12UkgWmvyZrYsZ,954,exchange,0
1xdhumf4q4jjbxoSxHUXPCc3WMKCx2t7,954,exchange,0
3CserTdeabNWhemxEbktFJ8Fc8xFg8K2,954,exchange,0
1uJPUb7BosMghH48qbfjknuZ2QEZkoZA,954,exchange,0
bc1qfd73m8cckr0tjkdhm8uw3c75tzp39a0djt4xud,954,exchange,0
bc1qr72wsg6hs497v8v7nxsamzayp636plp42f54cw,954,exchange,0
3G8RKy2exYMQuRELy222DK2zfJZZLLob,954,exchange,0
3qHhVF6dXaZuWcuMEDdPUtaCFV55jsnX,954,exchange,0
1mXSFieQEjAo67Moho6E3qAvXLoUySLf,954,exchange,0
3dMgkMTAZWQ5HFJAZoUoTv5gAmqrp81s,954,exchange,0
1goeqMY9AgDMNDDnTk1ijNFShwsyfnZP,954,exchange,0
bc1q98v03344fxzh2w56k5drhfzkvrv9hznr9c3kem,954,exchange,0
1HcF2jAKGf3djE2QqiAwmVFHVgt7Zd2C,954,exchange,0
1orwcKdFY2WtmtYJJ9jz2bJJKJ3jDW64,954,exchange,0
bc1q65supxdz482smgnp79guvcgzk4j3tmnypx5qxx,954,exchange,0
1tqhk3vReEP7WHp7CSbG5ZhCuAGkfdN8,954,exchange,0
3nbmErPrE6cMNYVQ5qpwNKVEZtij9Hqz,954,exchange,0
3EPaj3YAFrrq6iYP1H3tj7xkxiAa4gLX,954,exchange,0
3FkuhHwAr1P5iYVaxMxCRDWG4AFNNzDD,954,exchange,0
1D6MYz3CfZH6Mr1d7p9T78uGEYFegA17,954,exchange,0
17Hq2LF4HHPwkVRjzy9Eom9EvBRmp2f5,954,exchange,0
18s4qa4eKQ49QJcBsvydwitXiKUh6QMx,954,exchange,0
3FVLz84F18oijxn7jEMpefpsAsAWh5Qf,954,exchange,0
1nSfTsDqpNKjzj1FSCK3bfUznrBF2CsW,954,exchange,0
bc1qlp6kh7pv6sy7dmjlgg9plrdtdx5pau86q2d8xz,954,exchange,0
1sqF4PJHrPidK2SKQ89Mc7hLKNHAC4GK,954,exchange,0
bc1q72nl2lwmede9pgy0fzn0xycz07078wt9shyd03,954,exchange,0
11vf6eL2erDryooTrvZM8GJfbBYDJf9h,954,exchange,0
3LHTtjHkEoefJKxgnnfujXa3uKby5w1f,954,exchange,0
bc1q84zy08yw467dgkmusp5dey6xdxtxtyk8ah8ps7,954,exchange,0
1mFFJbLSFrV4k3JmHnTJqtqvo7tebwjm,954,exchange,0
15yQRwLGuenB77eC7EF4g8rgm4RYVHRZ,954,exchange,0
3y4Dsf1XhPTu86FZjzmhd3jsjLp4TATY,954,exchange,0
bc1qse3jvs74ga2qf4sm3pxj6m32f2akxuls66gcff,954,exchange,0
1Uy8TVpe42yXhp56pxXVnNuZ2xBuo7by,954,exchange,0
1DJCjd3uEb1TetvQs6D6fm86YsSfF7x8,954,exchange,0
17yh12ByRXfdDMmW38jkVUmE6keXT5Da,954,exchange,0
1jdy4tpR28YturLBf3ovR9eb6HM63MeR,954,exchange,0
bc1qp0gxpmp4r347prnp6j4ejzlyxsktgzya9zln6x,954,exchange,0
1G3KfG5zND86H79iGzG8XkEbhEShKwv9,954,exchange,0
3ZsMzMs6MFio4qUDDtoXYGx7c1ydDkDo,954,exchange,0
16yhFZkuL2vEcEzqULBPj56Vhvf1xpat,954,exchange,0
3WMYWuvxYhWLLRBi1R1ie361x4ugePbr,954,exchange,0
1d6n7MxjDAnAXRiji3ELcJVpaqoZ4wt1,954,exchange,0
1CjnHxQX5ChSYWBa1VoB44uf45PJURnc,954,exchange,0
1qfWybHChQMEuemS66SrctKvvVnZ3L1P,954,exchange,0
1yKrrhNaeYLpvy7fShJNDXMYDfuH9yRR,954,exchange,0
1ffyQbsFkG1QkGec6jmeDVy8XPgndpAw,954,exchange,0
35o5zLVrtreDKLBmESpTtQnpuvjeLBFw,954,exchange,0
1R5ikVupZgrRwqh6H6eJKUsUKLNDhW2i,954,exchange,0
1B98bP3dFqC2sRNRW2iBYGtYtSx6Hffa,954,exchange,0
3Bd6Xfreece3wkZZGjhg4TmYnxhUrVCY,954,exchange,0
1TB5ecVki6Rru53935JnMhvyk1Qz6qnJ,954,exchange,0
bc1q2qum5wq2lvrkxn6m99097d4ynu7ucurxy5ac3y,954,exchange,0
bc1qy6wsvsk6vfm9f3w88jqjk3ygs5du7dteeer4jg,954,exchange,0
1VWUEpyfbNXv9UAT4QU5J8cgAFL5hp56,954,exchange,0
3hTnyBdmneBajLxAN4asXTFfVtxi7gmx,954,exchange,0
1GuFZdBbs1YfZJ8gW62nAwiKwrmNx5ee,954,exchange,0
1FfG5TdWymnHjTwnBWpdcbVWjg3xdq6n,954,exchange,0
1BrtKkdh3RVRnNEGsSFoGx26digUQVCL,954,exchange,0
bc1qh4ddp5zq4kd96p0pzjkpp24s7539nk2pxxy0nn,954,exchange,0
1S3t8MMetZejrBYzt3PvvccxYHrGFzDQ,954,exchange,0
3MkQdKiZbJYPNQpsH7GokCwRu2uKufvK,954,exchange,0
1srMAgAG4iMS5mhmv7zPCYAYzVEaCy1A,954,exchange,0
3SwH2WuyTwPoPxbq3FgaNmZmtVBi1z41,954,exchange,0
1CEqtoK6KEADPEwQPhVQP7zKp9n2sFGb,954,exchange,0
bc1qvm6nuxuq776z576dz5skrprk79llh9cc2zwqlt,954,exchange,0
39eRftEuKVC6vNs2aJA8HP54r3fYoEMC,954,exchange,0
bc1qqlzmsjzhhzq2y54m9f9cdxlxxa4ggmd57czvxd,955,normal,0
1HHkWm1dLQ9rAuMFtTu8jnnJYTubKBbE,956,normal,0
3ccD2r5QKGFKW1M9LFHNjBmeBXcRtFA5,956,normal,0
bc1qwh4xa74cvjr0syrn2pxvnhklfmsyj3adaqscpt,957,normal,0
3EtkLyJSJYsg8h7hKvvAJkUHWhH34ns2,958,normal,0
bc1q80jtcfr2sq3lh52s3kteqydhmxtlt00jzn87ft,959,normal,0
3S9Tj1eDiDE7VDS8tqCEYVZYHsTo6hta,959,normal,0
bc1qnlh02nesqjr7dyw9lg3fypynqfk6a6ed6j3fwd,959,normal,0
bc1qfw2cxh68hwmpttalgakmrtywv8v6r4f8rc7zaj,960,normal,0
bc1q7s4jkmzju62a0629vcsuaq2ha00dmlh5h93mx7,960,normal,0
bc1qmjpm3cfycexa9507jaxdvg8ra9c0kyytf48gtj,961,normal,0
3TQjjnZspnJ84Sg9BWRH6dpd67dxz4bV,961,normal,0
1bMeMdzVnsZqC7Hu7AXLfAPntW8JbsyF,962,normal,0
1xpgXY1F59XAX64vTYfsP7qXcY8uAPa1,963,normal,0
3aWECysxwCxfrw8mwsSMA42pf3Hvwpfs,964,mixer,1
1yhvUoUY2HARJusXx4QUZ1RSJh23Busi,964,mixer,1
1ozsxvkqqcSrKCETKnQQRAPxsH9BSPot,964,mixer,1
1TF3LH6SvyWiCaKeLNEsQi9hNTioj73t,964,mixer,1
bc1qn9f9zr0980tzjhulsxzf6pueam3a56e8n6r8kz,964,mixer,1
1x9taas83m3ywTGeFfogwB46BiXXuTq4,964,mixer,1
1HqGk6PWNqgJPp56FJuERx4noR1YXnh8,964,mixer,1
1F6HzDXUE9NuUpFqFuVpAipuNogCujSU,964,mixer,1
1y1Ey6M61F3w1pYTVA4s32wWDAYCGoJ9,964,mixer,1
32E1gNh69KWtH6jCXNmHGSQhJCwyzSeu,964,mixer,1
3ZHN1zcvEWGhhjVUgcdtPU2dyCKYHx37,964,mixer,1
1JCB1A8NZQrGTNvyHHENwdBxgyRPGgVo,964,mixer,1
1KA9jFxJ7ktYHqDdW88qUk57oppLDEnf,964,mixer,1
15uHsjwEKyEetkZEhZcMDqKATD36QVvW,964,mixer,1
32qdo1MhdpvTf2FsiW5Eoes1XRZGbL79,964,mixer,1
3S8i68uEUgiXdEcy2uSp5vgr37pQrPz9,964,mixer,1
1LfbpxXUXLqxZZPJHAu5D5W4QzkaePFR,964,mixer,1
1LPYVRpAFy4Qy4D4Nu844p351ouBMECP,964,mixer,1
1GgTvDkF7XqYqTFG64hWpy8jKSZDpZmc,964,mixer,1
119wPKKwrocE4RCnuz5WGjfoBmCF3UyQ,964,mixer,1
1uWdCKqw76Y4wsppFarnLbUhZz5YHsYq,964,mixer,1
35HMCMw9r4jGz7dFwkHn5uvGPva8buai,964,mixer,1
3t3pt8WRHY8hsWfsxmhzKH4Ndhtsy5Kp,964,mixer,1
1AhCGs94Te4SaUt14arnN3vg2tDj17cx,965,normal,0
1i91BkaK5buPuH9qa86cbV9TgfBXSkWB,965,normal,0
1dzK4yuraobDSeMRFFXi8xJL86mZsdzM,965,normal,0
1gG2m1QConEGaKiHGaygjSFnEHrxb8yz,965,normal,0
bc1qy32uv04qk0yrwvdyu78cvc9dc2zla9nzydyuxz,966,mixer,0
bc1q75xw3n5hu8nsd06u77mn8sy9s9uqs8ven4dgaf,966,mixer,0
1BADPLb3ijq5JgS3et7kLHWaPEa1qMjW,966,mixer,0
3J5o5tFF9cFJcK81eDxUr5buuLaCz28z,966,mixer,0
bc1qaklssf5976ftg8kazyel70phmd6fdx9vxelu6k,966,mixer,0
3zNgG732ACgobFrkeS2SNwpw8b6GFaCu,966,mixer,0
3ChJJfs9nJLpCKhe6daHRFwUGXhMTBvw,966,mixer,0
15C8uwuwGTAh56zYbTKwhELJXpWAchWk,966,mixer,0
3dzmuMhAnAcWFxRDnvVe9stkF1p8EsVU,966,mixer,0
1Qc9AvwyBPFKADSuLuKTr2ikoj56Gh9G,966,mixer,0
1v2C6EP79LajxPxygrfo4CyWthFjTVTY,966,mixer,0
bc1qeh6d6u5fqed2krzlz4sw0q00stdwgzp904uj5h,966,mixer,0
3RYidhztXNtL4xPD6gJ3gRWezJftjyQe,966,mixer,0
bc1qsh7zkjhv3yf3e8vgr87s6mefczf3ze34vtqegr,966,mixer,0
1XABKEbxEgZceBH4d887pS1g7yKPuE1g,966,mixer,0
3PHD7oVMFm3NhYYRfcQ3woi4m2WDPpyr,966,mixer,0
32XL4r8hBFURyRwLwqeAWNuqaC3qTGRT,966,mixer,0
1Y5ZVxZdHRPBdye2LxsEUnsVco94S6Vv,966,mixer,0
1SidaWaTxqzoDSV3WAL8DivDLjHiNDuX,966,mixer,0
1XXNMsUzACxgCEXQiBVXgVqqssMaaX1U,966,mixer,0
1Lf5pnFB4stjv9oFYnmvMhQwaVSqpWR1,966,mixer,0
1VyBhmo5gbA5dZEgUs9w6UNznYwTZoag,966,mixer,0
bc1q5ngcrngju6vn34pj0dp92mqxkxl6sht7wasz5w,966,mixer,0
bc1qg29zqauyhval9z5hl3geqzajdyrrx7jsa3caph,966,mixer,0
1wevRKcsxvbQ6oDdF3khwjCWnCcR19Ww,966,mixer,0
1DGYoeYJF263HF7Zmvxfp5A4m1qe2pbh,967,normal,0
1XoPxdW2CoSDPiEXq5WWM47sxEzeUEjY,967,normal,0
bc1q2cj6un7pgqggmlym8hj6yyk76kdxyhdlwwnfc2,967,normal,0
3r41V8gWb6kKX8jbhrQ3XVDLe49kM4uT,967,normal,0
bc1qhpmzkmx296zyu9dy6r557dyz52y4rx7lsd756w,968,normal,0
3drtsSxn7gp91bkM253BhmTkKqEf8NUy,968,normal,0
3KjgLxiRpaAVVSQHPm7qZF3zWfFRP7wC,969,normal,0
3kdpfHaNpLKUjAmkQPUuxjEPUMPbAKE2,969,normal,0
1Cs1zgnSiXGGvVtFDaaRsA675NQTf6tN,969,normal,0
1GLc5GN2jMTjpcqxCTiDxzAc9r4W1SWC,970,normal,0
142Wc7Rsk86jsk2pfiLcEX1nAdMB89Ci,970,normal,0
1CTTBffJV2F5FAscw9hEyf9J2eryZNp8,971,normal,0
1UGKJQCc4kcMVxH7oBLVSaY5izEgkp7Q,972,normal,0
3nimtYRp9sghHRGUVXAWwB9fCTkuHgay,972,normal,0
1aE1ziyoZPn2RVAi3e456fuy8DnDWKDe,972,normal,0
1V1KHnbhQyQgnUjSuDGnDbYJUfrg8idD,973,normal,0
1wE6QaLrr9NT5xxHAqfFcF8x5MfpCJX3,973,normal,0
1ijLqVaqfL52xfXYw9wfqX6F1oonSiwS,974,normal,0
bc1qa57pdsalfgnm643fyzwnnwgsgh2egqgds746yq,975,normal,0
3EqYDmZnekoyepF1iaCYTvJso5xCYXZo,975,normal,0
3mMjWnPeC4dxuZyNhB4CYg1CD9drR7AM,975,normal,0
1G5TWv2bT8paf4XicWW7ehbMbbwqsxUi,975,normal,0
1ZmKhfRqkeeVezhFoRZYBZWvaxhZuWJR,976,normal,0
1Gjq2wtY6obdH1NUxXTHwsuXWv5rdT6M,976,normal,0
1zrEQgvJuSYQSjBPNAvraypXvMCkvyza,976,normal,0
bc1qmtgqg7jz4ldle6y407gf6r52vuml58w5w93d9z,976,normal,0
3FuuDQX4M7cg6MoWrdBGv8peGzXtoCe2,977,normal,0
1Qtc53j2UhL5ocyQmd1ovpktFvrmwkEB,977,normal,0
1DXaxUG18KCp5h7XXnEJmbhZiHpgNJ2f,977,normal,0
1ri81WmN1djxt91TvZsRz4VQAVWzhhR9,978,normal,0
1jy4CXqHhRJKdw5vaYUAWQrwU7nqhcEz,979,normal,0
1odytQbwbGGkVBS6xdJSevzrXc7trrKR,980,scam,1
bc1q67xez5dgh704kt74p4qfvtmdwzkc5q9apxc5t4,980,scam,1
14B77bj8FMKpZrAiEouuToE4k7qdSHAv,980,scam,1
1ZFtyfLBYXtMRDmXNK3Ua9JTGHQLMTMv,980,scam,1
bc1qfw2tj4dpwy4vp0nnm66jn9zg5dlegkqj976vkj,980,scam,1
17xkTvCRFFek5k9SNWtaNANDi8BqL176,980,scam,1
3Y8wKvzZXAgAuVkU5afFVxXMtgZZSL9B,980,scam,1
19qgzddDsTVPTjvfnnVD7REWe7H48CsV,980,scam,1
1q73nLzSWiigNxQTqE6vEP5f5F9FRwHB,980,scam,1
3uvhWixsAK3hSHdqyWSzHrXXFh8t8Vsw,980,scam,1
1BN6zia8j7fecZwgVpUbfikse7bR9oLG,980,scam,1
15dDjcEgJiHCzDkasxgTqyX7uHAsNLY4,981,normal,0
1pgSmcgvxcBraTBbWxeQSGr9gGdd1New,982,normal,0
195j8Kfu9otCJAgoga6tw6dhJK6BkvZp,982,normal,0
1B1UA2KjBP6oXKJJmRvGUahexCHpLNBT,982,normal,0
1ucdPNFmuaFFLCBNGC4xvxJ5YbZ61QoC,982,normal,0
3vqeob28kHxcr7DXAgEmAd33yiX97EVZ,983,normal,0
bc1q3lkzj8vnc3fp6d9dt2jk0ps2tsjdgmahenttul,983,normal,0
18K5Z7dMxocfURxYRSkTJ8FTXYq9TmbB,983,normal,0
1d6eCv9efPHCcx3eZaxGWeYapNJPkQ2f,984,normal,0
1sD3thRGT3L7vrmKxutLehyBxsp33svL,984,normal,0
1CcbMbNFJfnLwZrJ6yDMAeUTJi6KRWLy,985,normal,0
1b5rkvPRcSv8MjELiHim8oozLGfgV9zg,985,normal,0
1kbabspYw3xL4U52mBxfozbCw5YVXvkU,986,normal,0
3UJoHmXjfDueV2qRFQRooT3TiH4H8sPE,986,normal,0
3QLBMo5tZpyfV8zKfVWmoXe9egR5G6GY,987,normal,0
1rdu84XMRhAJCWP3BKesbX3A1ZMahkvy,987,normal,0
1fEJTMkvjUL6AC6SPDFTD4gNYZNHr7Ga,987,normal,0
13E3uMkFhDFcoznd8p9p6vw1KeL1G9it,987,normal,0
1T6B2gXEtDCtm5tWJ2TuqNVyNT7SYEz9,988,normal,0
1Wxoz7mvMvLZL85zDmh19uFGAfQsdjAk,988,normal,0
1kZn8g78NM7fAP4weyxfx7Y8QTVdM7VG,988,normal,0
11ffMTVyDUAjU7X6hdD5nNxq8UhSL2RH,989,normal,0
1yDETXgjkWCjYmKEP5ww6Fij8zd2mUAJ,989,normal,0
1wyJGiWFb7YiZGWCVh4KJYAi72p6JgEc,989,normal,0
bc1q37p8n8kuysn4ufzqcp9yszc52trkgvdlyekp2j,990,normal,0
1k6dVUcXFzjQm3GMqZ6MQDtNLiPyZVV6,991,normal,0
32rr8BNc5U1MxPhvxJQWJSMxNwobbtRW,992,normal,0
3LmDKdEMr3CBzb1dUH6aTGSVtEVyVdDP,993,normal,0
3beG2Y2gw1uh1yrLf8CJ8Aha4JxcipeN,993,normal,0
bc1qlc2mehva97kl3vgq902xsyd3gc7khrpp5995vz,993,normal,0
3SzDjAsM4DBM2YCY5a3qeaHvxTitfzkn,993,normal,0
1tVSBdkRvMtMa6YKmvyvAJpH8SQZRGoL,994,normal,0
1oYpbGCSjBHff5LHD45LuDcYwTFrrSvL,994,normal,0
1LGrd1NYLhhJPdvhoCDkEFUmHpi6e3fE,994,normal,0
1G1P16j3S57CbzgN7RdvWao7UZTKW93z,994,normal,0
1v9b89aDs7uZHKMRtdtuKArQrZC9jRLf,995,normal,0
35ZHWcUA7Z2EPD4TbCQXNFEUNobbudjR,996,normal,0
3mA8f2y68HBYKXgggUFoYSn1jnCKdEmq,996,normal,0
39bAagg4xbNYHJE3Kd6QoRs4ZVCNYQP2,996,normal,0
1sr6i3tJxyNCxLAWaKc8dBZpQiPuvKuN,996,normal,0
1BGBzMP1idsWNEALpBKstohudKoAq1hf,997,normal,0
3BMWvyYhpGNxBHx6Eihq6oQewctSRTVH,997,normal,0
1mKP714WqwKV7RrJVi1DKu5K9nLWvdxd,998,launderer,1
3xEkfqPT8dSXyYNwPgmHeNbEFmd2gu7J,998,launderer,1
17bWNDNX1BBTVZyCKpHDLV2jUVHvX8Ug,998,launderer,1
1xUictyT47YWbN1zYYH9x8NzuUVGwgcQ,998,launderer,1
1zU1bBE2m4XLoRp9fBRH1mS7Ly9wHA8q,998,launderer,1
1TPs7tbtcAo9oBqCU5PhnWUeS2KnqehP,998,launderer,1
1ANH7Wh2erjKr1cHDpAGmXMCwwkhmqyG,998,launderer,1
1NDy7gjCr7n3TcLCkUNZ5kxV8tieXVfb,998,launderer,1
1mE3HwF22J7q7dhMUfNa2SMATVJdYzR4,998,launderer,1
1juL8oqRUnV9t35Xw2XwrsTm3n8soV9J,998,launderer,1
bc1qswyd3re293ys6ns76ysqjvf0kmekz257pj27pp,998,launderer,1
3rRJqn2fH4MBCswqkAKSnCbaTn9MCSXP,999,normal,0
1qLqhjg4voyZqS35GtYLBxcV466agesv,999,normal,0
1d2V7eUdk7J3cHzxuGRKNM1VnEpBgtka,999,normal,0
bc1qyf7457kmcjs35e4fefnem6d3yj87e9kcuj940q,999,normal,0
1c8EpLp1KZtMsHpQPvo2kBQopW5XpSop,1000,normal,0
1JRA5LKQRmeTe5Nphdp6Kj1LetpCcShW,1000,normal,0
1ccptvn6CZ7Repvwv4LQKzQtfmBw1aZ8,1001,normal,0
3JRmjVoKLdvcztwMfbH81XSycTv3afyT,1001,normal,0
1uRpRjUUiFyB3SRMePrSfq1RQjBXvNFZ,1001,normal,0
bc1qul6n5k9pt974hlmas6zjj9dzt5h6xp3000t30p,1002,normal,0
1hCmUgHEG6DCCvvNyNW2oRvPu3zdypKw,1002,normal,0
1S6yinufCP6e7YMxSHkFh7qT9gJyaCEz,1003,normal,0
bc1q0w5h8wkz5msv32y5mu7weaswtuj8ds4mjhdquj,1004,normal,0
1X2wsAZbWyPziZx147JLmiWUBhCGb8dF,1004,normal,0
1RABcNK2UXbAvRizEpVEixwMsCVFhKDF,1005,normal,0
bc1qkmll5cr3l4u64lx8xt8qsgjjank2v4jhyac7w6,1005,normal,0
1B8eD4Qdz1SrVPdjhnANhoytSzUVEKxe,1005,normal,0
3fnqw42JqVYeKmyj5SjemRuxXTWb8XUW,1005,normal,0
1K5bdC2f5KoKzbifRQeamY86ZqL4129V,1006,normal,0
bc1q8np5r7x906enh44w7h7h0kvctvc28909aq28p0,1006,normal,0
1fgoReVEwXrKqA1SWnqFrP6AkWTm6CZT,1006,normal,0
1ZKonnzBdRCazvGyMytPQQNGyQPDeStw,1007,normal,0
3kWYBvGBsmRK6bj5ZrDsJviVtm329MDe,1007,normal,0
1baphmL2X4yZ28RHZXiR7Pq3VAQZxgsY,1008,normal,0
1rkij1KnEeoUrcJiW4E66a7F1gjy7cJp,1008,normal,0
35JktE1jzex5BkvawSgBqaXuRwjq8HQF,1008,normal,0
3S6YckaBSjkgS3CRguWSFUooSWAwwDXH,1009,normal,0
1aJykyD9XASY1t8QgnZqd1B1o8DiTvNK,1009,normal,0
3aDikQe5kNdiiTG3aeMVncW5yEtmQji3,1009,normal,0
3ARDPSKuxLGDtSY84y7fqPk6K5bsJa6w,1010,normal,0
1Gsq69VMoQiWQSoVmnteGvVmXzv4xSjS,1010,normal,0
1CgcoVdjcVoodfHDEbQHPdmhvykgggMM,1010,normal,0
1Y5fs8ieFEZD5jbGKvabKcRRFthtmirs,1011,normal,0
1ca5M1EWqbNorcMYFqauJQKE74QwUUTB,1011,normal,0
1rAAWH5vhYSmC2qb5dnB2kMYZqQLAB9K,1011,normal,0
bc1qzwp4h0n82n3mywarm4achchc3l8lp729wjyr9m,1011,normal,0
39Bt5D2y5tsXCEXiGygJFKhB7oB4UzBy,1012,normal,0
3wrPCZq27rtcC9W6m4em2rMpNmJKjse8,1012,normal,0
14NwECAUPzsykVYzSy1XdoUyHrbVDwuD,1013,mixer,0
1Bf7nFZgtL5deJAcaY2BmUZSsioNQY3g,1013,mixer,0
bc1q8argal4wmft6nlrvmvfy6zaswz3ux4z0gg4vva,1013,mixer,0
3WHzhYTaPsXKs6i8xn2oqwBr2cR6Etua,1013,mixer,0
1GdMVjatCQ3E4DhoFVwByQYcoxK2d2AS,1013,mixer,0
bc1qkh6ugj48yjn8rxkm96jykj69e2kdwc4n05k99g,1013,mixer,0
17RzsxEUJsGM8QGTjodCC57rMzsBwi3m,1013,mixer,0
bc1qkayn8j87y5ngtkuthvsdfqhm3a6zhyvfp09hw5,1013,mixer,0
1hswcB6VKPEEt7JPGCos6Pb3b6KbwEC4,1013,mixer,0
1dRgXZLCT2f3SB16wtFDmPVVM4kk6SKz,1013,mixer,0
bc1q593xay6vhq4ax5vz6ljmnr2rt8y0ruj0tcsx34,1013,mixer,0
bc1qdqgjtvw67yq48tyxq7eedjnfnefc6c86hp9qr5,1013,mixer,0
bc1q84k8a54kkzsep4n4ggm9y52r43w8x5epuazplc,1013,mixer,0
1E5yqrSGAMHps4KDhvRQ77iBGZW35Pn2,1013,mixer,0
1FK3TVVrqgwrkx5cvMHGbkn6h5jPq2XK,1013,mixer,0
33pe5H6pceTQ9DUnfRG2iKVSFhGgbMbG,1013,mixer,0
32XNRqR8wFqk7uDXawLGCxS44EJ9dCbS,1013,mixer,0
1eBe5ixrVPBgbeUeS6ohZoQnym4CascV,1013,mixer,0
1yDwqYETDTMAnoPzfKUgU3GDs7tH4fnp,1013,mixer,0
bc1qxpan0gyzzupn0ghsvtnfkkdv96pkhpg4m8z58w,1013,mixer,0
3CDoxhDxemC5cPEXmz3G1YLwBWsCkvjq,1013,mixer,0
1Z2fhSthaou3YPdDatFg9SECN1kGcxSz,1013,mixer,0
19VR2fGqgZywws1FKeZMs93QWDUJXXt6,1013,mixer,0
19tVFBuABHF4ngxKPc82qbvPqzxaPZCx,1013,mixer,0
bc1qvr4zujfzaf4cy0jrmqj7j77tzvf3j0jqqf899x,1013,mixer,0
bc1q23267ywsq3w8xkvck996yn3f38fk5alnfxh9ue,1013,mixer,0
1YFJG3ruDzNKJrHDYYwuNnunrQKjDY2S,1013,mixer,0
3QhwLPxenNfUo58HstxLgzifQ11S14p3,1013,mixer,0
bc1qalkhl6tn94xwhmn7h29nu9t3gqfkj3yayjulph,1013,mixer,0
34r4M2UcvASx8SGPfG9sCYYoYWMWSoFR,1013,mixer,0
35aXu9mva6AettT7GzmNWrkfngRJ1wio,1013,mixer,0
1GuFQQVcQ1xFrcdLKpdmd8CU64AQvJbj,1013,mixer,0
bc1qxq8hr9mt7a4n92p6wldjzvnnrlz8hhs8g65rry,1014,normal,0
bc1qdu92zaca8cllm3rgphv4jpquzhrgwksjj55eew,1014,normal,0
1e57kWhQQWkpH95WFh3rc1TaTK3sGMTm,1014,normal,0
1Es6QFhudq9h82s7gdWGsswoWd8QjWsK,1015,normal,0
bc1q8hamhgws9zx8cyzaeaed7syzxt4c50zknl7lhr,1015,normal,0
1QZrzCvR5ops1MmkSSAscG2VEFarHWpQ,1016,normal,0
3Bkk9MrCZAh8M8scvvDm7s3uHzLsAGcP,1017,normal,0
3z7JZH3XNtthf3qDpwHKruUVB5jCyLbx,1017,normal,0
3aWd17Ys7KyDbPfY5PZjRdbLphKkb8Aw,1017,normal,0
bc1q0fzdgd73f68err9urcqn4wazhl5swf396c9adq,1018,normal,0
1cSEVtSVgRgpsK56wEfsFtxdDa7kEa2C,1019,normal,0
bc1q88a92y4yfkyguku9qzthd9a0wk4ddkuqau8fdj,1019,normal,0
1YmLbRZtomJvPHeZGcHdVs419Pe9UVMn,1019,normal,0
15DiFNKpgn9V6vP9GpmDTw7fETbw5KrM,1019,normal,0
bc1qzt7dkhzg98ny5u98vghv3jg7z4gmssn90dt6yc,1020,normal,0
3DxW7nkAmssGzfy8mD3KG5n5u9Bhre8o,1020,normal,0
1LUhbGVvwPt8MpjFXVW5zbDn6SpJ3iYn,1020,normal,0
bc1qevcen6uxapxqs9ay9855g5jm3kctgk5m977hkg,1021,normal,0
1JrR7ig5v9bovugicrg5jjudtuSLmjja,1021,normal,0
1141tDEbdFkA3S3wawXsNuCFF8vL3Z9d,1021,normal,0
1PkoSA9j3xZkB3vsuewrcPPzWdKrUZwd,1022,launderer,1
3kU1HPTVCxoCgArwLqofYZgePsCKZ148,1022,launderer,1
3wN8tscqs1CjESRp7MH34YSws47sDk8A,1022,launderer,1
1jyevxWQEbEYNbAeYhmT1qACpfK2vtQa,1022,launderer,1
bc1quhfhrtejp59u8xm50ylr23p563m9ny2kkc5x2p,1022,launderer,1
bc1qwstuu23rmsg7ms4kvkvl6s6zycsa3yl5dh0lak,1023,normal,0
173cbk6LamQjaewkbiB6V8pGXhYtmKzH,1024,normal,0
141P93Af9AUPqNpb87RRdwA6aYGAo6Db,1024,normal,0
bc1qj6ndj9duae4qgz8dfm6kqqm4n6ddh806wq3e6u,1024,normal,0
1JwZaUmqvjLoWtSgMrW9dNpAXbCd515a,1024,normal,0
1jtxXujp5qVWy1XKnxa6W91W3xe8Ari4,1025,normal,0
bc1q9jwektg8ewffteuf7rlj5g2ststrckuq73a0ca,1025,normal,0
1xCkNsMaXZzSmN2FjoCkyKKndiTuWBTZ,1025,normal,0
1A4RnXRAYMPHQbQfBwHXryTaLAbyZ2Bj,1025,normal,0
37dGKEusHhVRXRYCktZWDidHmHwX3vzK,1026,mixer,0
1Ec2viYGUvBs9ybd3x7KMLXHmEBdbhTB,1026,mixer,0
bc1q9cc5uc70m50af6gqu4xg3pf94hdwjvcuwfehvn,1026,mixer,0
3Gndb8yaBn8kc1pWL74y2mB4dJCQsbJt,1026,mixer,0
1A2NYyCKXz2c9YRmqbU9p6qyL4Gpnvvp,1026,mixer,0
34sg5jXUDpNvQNZweHYeTzXKq8KMY75r,1026,mixer,0
1oqU4kaYVs3Beasihdo7ZP1FESHVd1Y5,1026,mixer,0
bc1qy697ylamka2rx29gznu9462hr6gz5vpr6vkjgk,1026,mixer,0
3JdHmvt6oPTXGbKKCsWXuGGCPFA2DWCk,1026,mixer,0
bc1qg94ga9jelhp7vnd9lawdhty9jjt03l3mqumx06,1026,mixer,0
bc1q5sgg0yfla9qhvj92xevhnvuykfuh032p6t2nut,1026,mixer,0
3An66VrAkmMv7MXULFMPKxVSoHt2i5h5,1026,mixer,0
1s3bAjDHQn5kGxLvG86P1o27Zy7bx1sr,1026,mixer,0
3wQg84rsY1AGxXaMrxqHLDbViNuBU77x,1026,mixer,0
bc1q4h38apdsjluk8qwzgd2lg8jz4maapw5r3c8c7u,1026,mixer,0
31vk6TyeRxiVuwNFmHHVQS7gNEn6YCFR,1026,mixer,0
bc1qvfg23enxrzr9wugluw2g9yszjlmyqaz75f0ez6,1026,mixer,0
3toLFf78NZdq3cYK85U5vjDLPRxj3E5z,1026,mixer,0
1wFVS1BC7CyonJ2PRLiUuKjDEGhZKegQ,1026,mixer,0
3DWubtD52owi9p5tnpLhP7pbRQSzshEr,1026,mixer,0
1t94urxKkTq9FD3ULrBA1YxQrxLZLDXM,1026,mixer,0
3VgAkZaaU9nELNroQymWQgL7aXjfPUko,1026,mixer,0
bc1qfaazq9dcl3kuf5kynmgtz557zv4d7x4t40ylcp,1026,mixer,0
3L7ZxPHcpzXZ6SLY7y4R79PCKh5WcKM4,1026,mixer,0
1fHpf5HCd8vUXtjG9JLtKBapNx1fMgRT,1026,mixer,0
1zvgj2cKUW5BZHJmSo61wU3M9S94zSfa,1026,mixer,0
bc1q0d782590zm6twse8d5a35uhvw0c3gpsgy3qasw,1026,mixer,0
3qY38VidiD8nmpuHUnoA4W8XKpMSGnVa,1026,mixer,0
3aDgSJRFQnKmoikYfk2fFFfEix5nd13K,1026,mixer,0
3UdrSNNJ21hzUW25ronsdTeSRppJcpPC,1026,mixer,0
bc1qr9a36gudyc0wd6zrxmanp0akf0dfgfnhs9nhk9,1026,mixer,0
1piKMQ8CxWkJahS7ptg7Uyuj5uFrmUSH,1026,mixer,0
1ESjj13Gr8uQHaohK8KMLc5bbmLqVwJP,1026,mixer,0
1SqgzqbwHZPY4bXw3YNXwfsAYt4D1bJL,1026,mixer,0
3dXR1bhN4dCmzRoFpUSxkmEzupDKTZZp,1026,mixer,0
3EodFyQLzpQADPvSMJYPrjeoznnWmaJa,1026,mixer,0
bc1q60ktrk9mwg4m8ykyzgqus6y0fzyrpse0m7tk52,1026,mixer,0
bc1quswmx8wt3x2p354af9pwfuvyqpqsy83cwg9j4l,1026,mixer,0
1oH8vRDiimiKhFJQVsjquVrJzSFZjy7c,1026,mixer,0
37Ei2AMuqMHVJhRN3EjBjLb8byxC2kyE,1026,mixer,0
3WGwMxH23myMHyDPzwBYmgyAfupdSQ3F,1026,mixer,0
1KoYPm8UGw2em2rbEbXZLDA9DNfJy9A7,1026,mixer,0
1Zt3pbAixzdFsaVp4CK7vdUAi6Dt2vwR,1026,mixer,0
36uLCu3QK83QxtzgAaJbWg1x3vTbAw9g,1026,mixer,0
3KRgdtNDgdUfb1g1ZqHjQSAp56sFLuT8,1026,mixer,0
16nQHC1kgapKKL1Jqn5D7QR3g7wnkEr6,1026,mixer,0
1MoN66x3DKggZuQtx8e7nA5kZC5R2ZYf,1026,mixer,0
bc1qwxecvk6grsre4kfn9xg7ru64ln9htrtyx6jylk,1026,mixer,0
1FTSFNhWs91eigLJrdH1diKgi9ky9Rio,1026,mixer,0
1Si7svvs65FVSfoCGfu2DnHek3uMJ72b,1026,mixer,0
3CaD9RG9b2pauQbMMPtm7fYt7YuXyhDf,1026,mixer,0
1N6VURGhu9eHmVpYBReNPjrDAcLQXAqf,1026,mixer,0
1dRcj2bGQJd3bRxtgfkGwmkDUcMMRt7K,1026,mixer,0
bc1qpq02fee2azgjvqnw59tjg38r2hgkg7mfqv8rze,1026,mixer,0
1jzvQLZXUxASvJhLqkrWuwUtakVrKVuP,1027,normal,0
19pTeUbue34uJEGstjYuHdpkVEXc7L4D,1027,normal,0
3pcj4D5ndhnYWbHKKUHrmvSxsez6FVAY,1027,normal,0
bc1qyt9tqqedat6gz5hmhueqtke7sfz3ymnep67nqd,1028,normal,0
1UreduDxh6r5YTiUMsJsM2MCAcaZi7uP,1028,normal,0
1JJF5Dya44N8FLJwaqwEaL9kuwHXw9LA,1028,normal,0
bc1q54eprv9prdcudt6sjypve4sxuv9y3cdt3syahf,1029,normal,0
1uMNx7sAzyGLJ9yuUG33cCZzBfxNc7wk,1029,normal,0
bc1q9vv3242dhzepx0c46d7dmsgnzfwcgz48s88u96,1029,normal,0
1NhUYqLpE3NxNZnqZ5yo6vJTESM8r6zd,1029,normal,0
bc1qsvqux43k9crfsg7lfc5ze0pqyt96hefase7upz,1030,normal,0
1JcnmaVqgR6iH3yspAm3bxMVaaAgZnGo,1031,normal,0
3oKacmGYPnu6rvcMVyUXWhWJK8sYAbbg,1031,normal,0
bc1q5rempgjqcmtf0pns52eyxudlut7p3rajlqvagy,1032,normal,0
11RHdM7q9AsPLpmJeXsko4RGoLShpDfd,1032,normal,0
1h8br9syjf1e2QaCe6XuyE5xxJrESMp4,1032,normal,0
1ir2kFbFxp2HNSoxUhPDG66ne6AeBbQs,1033,normal,0
193c796G6wPEfRM7cbegd1uJQ596x18m,1033,normal,0
bc1qvzpqfvgfagz7nvvcsz3r59ekysfdfq2ula0re8,1034,normal,0
1rsVCMenFGGc6utSZ4aGNMnjXof4E63X,1034,normal,0
1P91EZEJ7XENzYxxc91xAYbp1hdUwbjF,1034,normal,0
1fT26vqXxspy2RD4pfGR2KtU6n8x2k96,1035,normal,0
bc1qncn56mnn0hercmlptm005l8pz5nw068f8h49xw,1035,normal,0
bc1q47048s3hq7pdzyr4ke8mjvzczu43ca3sqegwdm,1036,normal,0
1sioTCaLBWcWhLoXVyPPRUib7LTx6rV1,1036,normal,0
1Bi1JBkPbJyQA7kKeXSYi9zuTDkAtSx6,1037,normal,0
3X16mFMuJx6tnUyp9WtD87Hqcb2sFH35,1037,normal,0
3vQqBdXeQLNQkk4uhWmPbaGxVsRE1czM,1037,normal,0
1AQWqgGbschNfW7mB3EoVUDSWk3GkVfx,1038,normal,0
32bbLM7PPEVkJ13xhVSjiQcwEK8EiTkj,1039,normal,0
1Hjjero8A3dcXTfjJv6avhCMjK8P6PSa,1039,normal,0
1n7KCvLFbrkvuKLaQbqqsaUcSEE4FVhC,1039,normal,0
1b91GBCqDkhvjY5yLAwbVrVKravav5RE,1039,normal,0
1j537Uj7TZiYoRwmHGXwGd5ZKgKuMUcd,1040,normal,0
3jbBykSZHta1MJjGPon6N48zvp8snDBz,1041,normal,0
bc1q7v8z5mgy3ndf0ntesaunnn9g7hvp4llnyqnaaq,1041,normal,0
1rxb3hwXeV9LUjZdaLq5LtYKVCSe3vbv,1041,normal,0
bc1q7l6hpt4txqfvd82x2qu6z4x7zemzs9hnmek4p7,1042,normal,0
3RbLELkYhtSTBbqicX6L8cjwSAjpTkR6,1042,normal,0
1EDRVPGWfX7NyFTohCwhe3zxYWD1uzPC,1043,normal,0
1UrcjtekHo9sVWdsNRFtMJtTSH1HLD9E,1043,normal,0
3grBHktQWJeHe919jvmS7KHkja7Q5mmg,1043,normal,0
33FoUnPHi9z6YJYn33jJtvzhTjCzJhxG,1043,normal,0
1FjqfWcYcU7tNr3y2rg7b9MS6Ba9fPMP,1044,normal,0
17nxSewer4iqTWGV7fVQKQkSgYVjY2fG,1044,normal,0
bc1qtc053ktsfx7sr0pm7t8tm62gey36k44lztkdc2,1045,normal,0
1NAEVYa388dWZeSzMZnaXoA592QhiXDV,1045,normal,0
1bg6V4TYzMNEyayELmWgcEc4h2MkTL14,1046,normal,0
14DaHCoNWmeUPBpR2Wybo8FzBbXyYnQV,1047,normal,0
1Ct7uHUU3JNx3gpTjJoSUEppkzUnhaSP,1047,normal,0
1EZS3GYftiqHJExXTUARfwafUVnCBgSM,1048,normal,0
1HLPHPY6Lno2qyayjGsUubKiDuV9Bcc8,1049,normal,0
1nL6e3yjbATjaBrrb3PHfo9s1kUAMkf9,1050,normal,0
3EBckYNE7ZnogwRaeNuvW5hmPLcv5dnn,1051,normal,0
1AN8QEqAJJBwrhKVzqjpkw9QSfrvq9Ug,1052,normal,0
bc1q6ertretxp9fxhpts8l46xcp6dvn6gq4kyl3f36,1052,normal,0
3hL92iNq5hm7UqbK5TB3zUEynPRrz7ym,1053,normal,0
1eux7QvnqkULzvJ3rsC6mgtJRXmjRgaS,1054,normal,0
1nN4Js1Z1H5DVQyoJnqHmCFC5hvv7iHm,1054,normal,0
1KEu2XDM9ycJ5Hq5vPD2jXkzqvpbypD4,1054,normal,0
bc1qe2qv57w9h6ks47rzjj8xv56url0wws5pmjfg0e,1054,normal,0
3PCKuv3W45hcAWU1reiPqHf14UPmVe8s,1055,normal,0
1pAyQ2ykLqrqJzS2NJL9eUxBQa4jbzwN,1055,normal,0
1attVkRNA1DKooVoQMn5jmYiCuF3qG28,1056,normal,0
3n3DWU7yZVb8gwgutKSTJRjUXugtk8qD,1056,normal,0
12uws56Kasi8xH8gCRi1FXa9pYQkTm2r,1056,normal,0
1we6YwgGBXYwS9aCPJfWg8srV8mn3miT,1056,normal,0
1BNaGGjejE3GwVmQEQP9MNVPvu2fGSgo,1057,normal,0
1mgkzJ1curvrpwc7APi5LxnFFzZG5563,1057,normal,0
3MpY83zEx331vx48Z4XRJhAN3pah2Mwi,1057,normal,0
1CZP2QQvpPjrZ3e6jZR9CF9enKUsYSSj,1058,normal,0
bc1qe6zy5hwl84thmccfku089w5u43f0jyke8gy2tx,1059,normal,0
bc1qmrsc8dwsalgm2kqhmmu75cyptyqgn87947v02f,1059,normal,0
bc1q6u98rzn2ee2ajdf52cyky70jru4tmstyf686av,1059,normal,0
3Ct91tHPAHPEAyLJL8g3yZtsiSMTPVJG,1059,normal,0
bc1qfhp5tzuaxj96g4lg8xva0vs7cs76ezvxh8weem,1060,mixer,0
3osivgN3DhYQHVUcNhd27JucKPC8UU79,1060,mixer,0
bc1qu5z782vf3j0zugnhhefl7wr2lfqy8m08yg82wf,1060,mixer,0
1sq7nLUfs9mff9HKnk17ShXHq8C9uzJz,1060,mixer,0
3UJ2fGeH9N6XKFB4KXTDJPzMWDbVK9zk,1060,mixer,0
1rQ43wPjTzbeTtShxY9hhmwLfc1SqDgG,1060,mixer,0
1RnJyQSiLr5t96ByGZeeyV1sgbnyZW1D,1060,mixer,0
1KakzEX58rgyRugNgK6Do9xVoG4fEGS5,1060,mixer,0
bc1qe8dt4yeljh8a66psvgn26q6v0veu0wxyglcc7m,1060,mixer,0
1jsvY2KPHhrjLH3qbHbPuWXihcBpSDMy,1060,mixer,0
1zR9kJ2xVGjQSt3SmtPdYBczZZixNufW,1060,mixer,0
bc1qa9pepf3frjrxmlal9cnw99vnj2v4lcp8n2sael,1060,mixer,0
17DCz6Tv3ZBVQnTrnzc6wEQ7fr2SgG3W,1060,mixer,0
1gz1oPV289jY1ZZ5YtdSH5qfq94bM8Kp,1060,mixer,0
1Vts26Quh3tCsZoGPnW6116VZXABziWC,1060,mixer,0
3fbnzXxrGyPk8wegXXJWEYd7Ld91ktBs,1060,mixer,0
1qCDpmfAGeqLSiGok1tpbDZiR5HpBf14,1060,mixer,0
1m7oSLVZwR2JQPEMG1BHEBJCseMb6WMf,1060,mixer,0
1LQQGatFwGf1czzayYprhXixD8K8CstJ,1060,mixer,0
3K9LfyYKGmp2VXi4bmV8QzQfsgLvFbEa,1060,mixer,0
1iej2z4cT56ynM5TKM92ZDNdh1awyYvg,1060,mixer,0
3oaQjk4B584fu3dxdqGg99sLSDH13vm4,1060,mixer,0
33eLtEzTxEvmuuxxn9M9yc1gJjvmfxbA,1060,mixer,0
1DKvjBXWTBX4iYRXXhLBUZHzaY8HcW2F,1060,mixer,0
1ZbxrHAAJ7L3jEm5FLQFpacZofde1Jzh,1060,mixer,0
1ohFiGWWUzXJmWUWzCWFyP84yzVuv6kc,1060,mixer,0
bc1qqd8d58vpwfajazv8sgesnrcsghwjx96h7uqgz4,1060,mixer,0
3Gi4bXzUQthnhAhTLQqT345NmBRHUN8K,1060,mixer,0
3wdZM2vBpEKycfxM7tM3HJCcaU4A1Yju,1060,mixer,0
1o1A5dD7FmHQXFy7R3XK1b2eFUvhhdnP,1060,mixer,0
1v1MRHMTS9ZTc2s1rLu1bmoTKPGbraz5,1060,mixer,0
36tAS9cvbVPGS9CegWVuSVmZuHvf8kfA,1060,mixer,0
bc1qkzhlfgcvfg5r5l3ulk5v6llkj2nykwwd9a2859,1060,mixer,0
11kBgKLCWU63UUgyVHumub5NRQJonn3E,1060,mixer,0
1HiEZBPfgM7doiiVAvCXkJE9vSv7bQnd,1060,mixer,0
3pSDKvJNSR7atB2U1dkrx2YLxZRogXu4,1060,mixer,0
bc1ql2uzrsyftl3p8jgge9jyfxud9zsupsyyxc2aqf,1060,mixer,0
bc1q9xp4zxd9y6c0g4dhfk0wwzryl559f0kxwsvxtf,1060,mixer,0
bc1qzja6jh2tslenc5nq549rvvaezj34um6x2tu3cl,1060,mixer,0
1Bb3GamS7UoWeXz428Tg1sUbMLukbqTW,1060,mixer,0
1jSYdBYh1KFgYx7SBGuKVwG537GpjaGh,1060,mixer,0
1KB2fmZTmAAugRwX5RVMe3FyRaYaMqhR,1060,mixer,0
1P6dYEybCAPeZLEkSDAbRezggvdDeKKn,1060,mixer,0
18qpBWeB1qPLM4CDU7vJXXDMKMW6MGfe,1060,mixer,0
1MZAk7Ad4yTG1XAt9c1tkMRdABiuvG8n,1060,mixer,0
bc1qcdewnefmh6ec5u9htdkn4729x5k5vjxq6s7dwn,1060,mixer,0
1E9gLabrQvdcJzxNojEmb8Atmi2MwhZ1,1060,mixer,0
3Zu2SL44s9m3dR1E63cda511UFxkqKNa,1060,mixer,0
3HxLnBNbBDANqkQPRjmjBKL2VNyZpKLY,1060,mixer,0
1C7jFY4FfA2CmJicC68g7sT4ovm2LXj2,1060,mixer,0
bc1qngmmwesh64nfxkxgz5trwawg68mgvmxwkuwhrt,1060,mixer,0
1AaMbr78EYmtGHmy7cv5RAP3HkvumiE3,1060,mixer,0
31tdfWLwaFvsEqvTS7mtCRQ7RziPnMzD,1060,mixer,0
1C5RekGHNPSHaTXV9GZUpjnSAmQKPiAB,1060,mixer,0
bc1qdegyq49gn9t0j36fxlsvdngl39hfv3ywashyht,1060,mixer,0
bc1qp79aj5ek9r8p66j2lg303q7zgna089fxxplrau,1060,mixer,0
bc1qfyr74we2uafkvv8q9t5gcqf8hw2jsaz3v8f9c3,1061,normal,0
bc1qrds4t53my9upgj8feazy4qttaxy8jyplf6ktug,1061,normal,0
1w8MxK6RqnJf6avpMzdZc3hSdepdHaY4,1062,normal,0
bc1qrp38v6tsz4vc0vhxmyevl2jyr4vmh833hdhylh,1062,normal,0
1oyARLn1TqiBLofKM9rt5SyHQ37xudB9,1063,normal,0
133yJqEXpXhurjm1hKzjWyLGjjXkpTkq,1063,normal,0
31uzZJgkJJNkoAArJ8LuzFeMHh3NMT5X,1064,normal,0
3hZaLrQfB7k9EwhGdH8brZLUJFkj8527,1064,normal,0
3corH8UFethuqjNJvBPn3zezBXHhG8r2,1065,scam,1
1FdX3b7ZM1Uwja29u4a7Qo7QYDhn9NtP,1065,scam,1
1nax7xb1eEvWkRfiXrSVZRQ5aPp6irng,1065,scam,1
1Sj7krTBvtpfJ3MDDvvheaSqxXVLbcVQ,1065,scam,1
bc1qf43jx7xpp4t58r0hpmsjg8500rfq774sqsvwqx,1065,scam,1
bc1q3nct0ke0v77jfve5aqtgg6vvhq2ycrdjljaz0u,1065,scam,1
3gTjktyZheCBCvYuEtzx69Ypd7tQwRTA,1065,scam,1
bc1q9vfwlgnmwtatemv6z4m4mzaz2za75u9cyfghxl,1065,scam,1
bc1qw6qxyreksxxl57mewj6regzpr4m9hxunl02h06,1065,scam,1
17xVP19PB82tCqo9yJj948JdVMQwWFTP,1065,scam,1
1GmncvcypdpcjLarFzrkkZpXy4DaLVK6,1065,scam,1
1zWDmyM4ehaU8F4svyYLWjDV3CzK1PGz,1065,scam,1
1Phz9dpFRNNuUeoPazdJxyCzLtUA3gYF,1066,normal,0
1kYsNzraAsN8JzhGHrj7yRDFMs26caDU,1066,normal,0
1KVPcLZzYmTuw65AhdXgrKEBQMbcLL1L,1067,normal,0
1UJ6wD6uuWk5x56ZNnjmMm8KjSFBe7Jx,1068,normal,0
1iS96G1NQptjXZCwSCdYMfbWdT6gzF7v,1068,normal,0
18JpB4bkQhdUwYEgscvQCRTKEt6oHUea,1069,normal,0
33FUQcHKaHmGPcbvxuNeZ4iX89ET2wda,1069,normal,0
bc1qrkuhcc7gu6534l8m4yys3eeeyv5huy8n2gd8lf,1069,normal,0
bc1qu6cm97upr58uc33nsym4malle7hlxrp7f6c824,1070,normal,0
1KWZifKXQ6meVwXGPBiANAobe8GN5zsD,1071,normal,0
1bw2yzEjRgfBduBe2SQMVhhh51rXpUwf,1072,normal,0
bc1qcq4f54vn5y9nxafvkzupdm0gkzfyngthya0r9r,1072,normal,0
1v5bVWkgLTHrmp78fXY6FLLtqwcoEP8o,1073,normal,0
1CBK2Q7TJvzeWkqrRxKCk4GXBzBPL1Yd,1074,normal,0
1hYn8VPyTbVahVsywYdf5FgJ78tMtbi9,1074,normal,0
1Nfe8Ev5wQFfVgkBfnLKtaDEFViWHYAj,1075,normal,0
18Hyb5vRxFY87qDJqPvyHJa2YD37z3Ka,1075,normal,0
1uPxX3MzuGsPqSGm9M9Qy75ZW6SQ1y8c,1075,normal,0
1rqE3wDTwd8Zgtuu8PgNqbr7CdYZfNaw,1076,normal,0
1qyqzPdY2LNBR4wvXN2oMc48wtpQ9aDG,1076,normal,0
1UNLTtZF9YvNy1o1gUrPXP1dSe6nTaPR,1077,normal,0
bc1qtu9kuw34cvzua9scpzwcur87uqxp43gmmq76qh,1078,normal,0
1bWMdkR2BePgnvLUMSR1CvtFFkiikkN2,1078,normal,0
1NpWqhT6zQ1TAQMSNaaBZfw21JMZcZqn,1078,normal,0
3egTW9xpGWsiH74RCVTfo1JwxT14xgDN,1079,normal,0
1mWYQ6Euxxeg84Ns4G4bM34tdSg8Vc3C,1079,normal,0
1PoW3mfE2TToqUaHMnYYq4dBd8UChgMi,1080,normal,0
3DBSUyyrtu3saKQMPosozJDpAp2pNKtj,1081,normal,0
bc1qnuftv4fvf8ymcn3w79fsvye9z6lr386kdkzug0,1081,normal,0
3g23XFndmCpyafuuXfjBCqVk11cXL5VB,1081,normal,0
1gJ1Udqe3hnzPmyAQrdWdHMtnKFXKTSW,1081,normal,0
3tUwZYMJWGGwgm1DWpcJrJs6u7T88G4T,1082,normal,0
18A6bwgrJDciHeW29HsvRw37yEQFLnuQ,1082,normal,0
3fJgYMdF42GnSGZ3Bd9jYYT5149U2iuJ,1082,normal,0
3xRverHpJyRQRmvNGwV72cWJrjkCLKGM,1082,normal,0
bc1q5848wpjs9ufx0djrwprysaw8pjm448cx66umj6,1083,normal,0
bc1qcgvkn0s6cp73sv6x42vcc8xxcmn2fufncazh8f,1083,normal,0
3MgbcwdYDqzwL9zmmcPb617e7JpXWdTC,1083,normal,0
1EPygWYM2rVeFQyScLZ6zFmKpNfYATuN,1084,scam,1
39GuKEgfChQsLHgjE8XM3ZD7AnUBE2gV,1084,scam,1
1SdAuHCuVtd5e9jvMw7QsoNiyzbhCar7,1084,scam,1
bc1qaj356luw6lmgkdnu35q9sx5hhdyh6428zj47jt,1084,scam,1
1qErPtFTHZczbYRtGB2Mnh9TZNndpCUW,1084,scam,1
3G3qggxQTLdYNUV78VP8QyBbw9wsB1L6,1084,scam,1
1j6zWijNTwt4g7afKVUUG7BcQ2wSpyyA,1084,scam,1
1bytACudyShbwnwwtCNuEyBinUTQJev4,1084,scam,1
3mZJrHKjbDmMELpzNLu2V7mE94dJ55YR,1084,scam,1
bc1qp930lt6xzvsnkcqr6e8h8k7xefw2tu86pm09g8,1084,scam,1
3mb6LaQLrX1gm6BbqHtcVZXWNao6Bc85,1084,scam,1
bc1qxhcxu24dwnqktzduwx3pz3zjw0yycqkrdk62sr,1085,normal,0
1K7b7VKEirruHx9GhdLxKzQEAHCbX5tg,1085,normal,0
1usUxup5oxkikW4hFSPxEwjK1mAWyjLw,1086,normal,0
1YfwQmPANCuB5xtwvZ9ZB21DpRcmjszA,1086,normal,0
1YrfP6nGiLFSQt4EXTe7VnkuUZiyXCDb,1086,normal,0
1y5GBivP28J53afa7RnhBk5fX5agGhZG,1086,normal,0
bc1qj0fuh7zag7fdsg9w5ncnvwcryym5ph0ra2s470,1087,normal,0
3hJzzidEMLRehwDUFhSi5gVfhj4ZEvjV,1087,normal,0
bc1qnw07658unj3xkqsh6veyufcqst5jz5a0zvtpmq,1088,normal,0
1v8VKja8gRf9Y2nPhRSUieYvnowt5BYT,1088,normal,0
1XVgTxz1uVb6L6DyPYCiDneYANvaWfqh,1089,normal,0
14hYAyHYTcxVeDaEZ83pWVrErr8i5JdR,1089,normal,0
3RwxUpiwm3fEJdH4u4k8KtqVeAVEEQYi,1089,normal,0
1TX8Rx3r9eEpgQPEEqqCN8VD5ksGTQp3,1090,normal,0
1N4f2N3UZgxCdRKUo7fr7N6n9z72u1j2,1090,normal,0
1vzxmYAn44t9fgYmFF8xSRfdcxJR2hkP,1090,normal,0
1oZHeQrcfKbFonPBUe2CFNjtMQHoN7AR,1090,normal,0
1JrphmA6QFkGDbMwGAqVkoQyaUQMd5bi,1091,normal,0
bc1qw9jgquzw8m53gsx8dnwcflsv5mmzg5ky7wcpml,1092,normal,0
1xDebd3aPVAuNuYtvnJZzuAAZC5aiRkh,1092,normal,0
bc1qt5h6kynyyp5f55gm2l85yy7s42uma89269j3rq,1092,normal,0
3maeZqyFqdekDCJPSeqcJ1M2JTeKLmFM,1093,normal,0
1a9ba9E1M2LUESopv3sPncZtTMUrzAYR,1094,normal,0
1wou1Z8MBnj55M1YG9zKoieVwtLN4zKQ,1094,normal,0
39huzRMZr4Ce2EEtk9qSbkPWvQcJgVy3,1094,normal,0
1J1nGwNrtCgMbyfnVsXJpNY2wsucQED3,1094,normal,0
3xkcRmoXpTvZuksTg84AXwJL2tRPr2EG,1095,normal,0
bc1qlcyyxhfyaah9n6crjrqc5axd74z9f7nlv0h40d,1096,normal,0
1mnng4pheqndYufHdg332YJfDpy1doGL,1096,normal,0
18bR84pevSprDKCjwxaQ6zrThz6CsRfe,1097,normal,0
bc1qjl8zh5rn9pc3yre74a597eyr2lzzc52rvqvy3c,1097,normal,0
1fPtVPLxS97pSCKJbGMe2oLk3oJLLbh4,1097,normal,0
bc1qs44l34k9j7a42ytqn3fmmnetrq6uunptap7qqw,1098,normal,0
1TBSwZPkH2NZoHscmenc5JBh3zKUmM88,1098,normal,0
3S124DRCY8D2amFonXJvom5tH4kSkC56,1099,normal,0
1V2f6YByVY7kxYALCrpcv6eAmvNVfHm1,1100,normal,0
11cdv7Ev8bGWDK8pDnqCVzauwQ97xhWi,1100,normal,0
1wXdSVTUXAYFCRRrE92rzBwVYGKVQbJz,1101,normal,0
1RXzqLchJP23V5FPYvUc3sitWHpady55,1102,normal,0
16hgj31mPBt83jtLtmNz4SxXomHNbuvx,1103,normal,0
124sjSGurMvivBKLZAotihXsFsW81xzP,1104,normal,0
bc1qwekqncpeftej7ly0uufmkq6vf2k2w3whurckam,1104,normal,0
bc1qa2v0926na0gzmj44d6q7czaraqhluzfhlnp2nc,1105,normal,0
14RAUTRhEaztAnR88Wtjq9npz95YckRi,1106,normal,0
bc1qz94qumzqde7v50xu069epqdu3n78gyg5xw35nx,1106,normal,0
1aU5NfMur6V5kYnV8kvZ6hULqGNczce7,1107,normal,0
bc1qlgkvp5pdfw9w7fcw6jwwxy84hxn5uv7g4xhvju,1107,normal,0
3Cc5XZMdVPHoEHZmq1gtyAte6ncTJQTP,1107,normal,0
1yNAiTZkCwtu1A7cUGm2dten2SQzmXRm,1107,normal,0
1ucaCMPcWdf4uQWXfF3jXSup3j9dMguA,1108,launderer,1
3N2xA2p7otUs5m3vRet3kX6NeNLyk5Bc,1108,launderer,1
3TTVTYAmmm3BCUQsgfTVh38Rmo9mJDXm,1108,launderer,1
bc1q4vey9pm76dnqes6ag7cshvuerchu2zlgglm5rs,1108,launderer,1
1Ynsuktn1PaRMHVpk78jWoSgYFX5E3Ks,1108,launderer,1
3zvkhP74KAy2ayfR9fBcWhq1bm8kZtQZ,1108,launderer,1
3P7nqGgXK8nP7XYimbAVzqkgdnthhtms,1108,launderer,1
bc1qeckyhdzfy4aersngwqr59jjrnu7g9ql7el7u4u,1109,normal,0
1i7BWQx3MKWa2EZYpLEEfNW1SZ3wHL1y,1109,normal,0
3HSfr5D6e6i6N4yCNA8g5KYtxKCrvpni,1109,normal,0
1WsE6ghoTgJMW3kMktyHsjWEUqQD3NRk,1109,normal,0
1AvKjT7BNtmyiZNRmR7jLiSfieLKKBmD,1110,normal,0
bc1qrc03ktvz7g30cghl3yt6dmlhh4f6ews5xjeq7r,1110,normal,0
38wo7u6PXgkRuAFN46Gb4Fg4mTvaTCLj,1111,normal,0
1yCbLVxGhp8FrJmthxLR5J1YbvTXppkz,1111,normal,0
1X2rhtvriXQN4ji82QL7it6o1Kwdio4E,1111,normal,0
3HRh3MXCkheJzx1179tNJxFZRQQ1tYPy,1111,normal,0
1yEmk1ow2QMuSrwWyq9mXHR9Kx7CQEx2,1112,normal,0
3pErv724m1wBbayFNpK2gsBdVNDhWiS6,1113,normal,0
1EzAHcXvSUa5tX32YzJwwj3XVHTGzHW5,1113,normal,0
bc1qt5tqrj9358tu34jfnry7d28238wjgh63vs8ple,1113,normal,0
19MkpjF9BHnJbFwbWU5TrpLQX26MZafi,1114,scam,1
bc1q6e834yxur4wynr4dc574q7edxllp7zwak0wvzu,1114,scam,1
1cj1QSGxMYTydA2pSAiLPa3krdxYMiFi,1114,scam,1
1rCSP9VSMA6Q6m4yfSZFnuRwttXbc8CX,1114,scam,1
3d2jPjSUTPS11vZS72M9qzfB4CWHFZYk,1115,normal,0
1WjzudkxEV8hM6o9sQs6m4Q1fV6WJg5d,1115,normal,0
bc1ql2fps5z94zz6d4cyrfjzauv3kvv07v60fg4qfy,1115,normal,0
16RdTdwXccA1nrC62sLLUouxH89SGsPJ,1115,normal,0
34jpYNryzf95tY2fctcUNucSE9TuJUsT,1116,normal,0
1cjrAx1HR4QBsfbgSjGnguCf95APEG78,1116,normal,0
bc1q23zfjvysdr6psqxe7txvheq99q3kuuxdyzehlk,1116,normal,0
1AhPSVutqP2DiHFnS9hajMxoY1VcPCkJ,1117,normal,0
1bj1QEofQT8v5D39Mf5quQwNjiLwtBno,1117,normal,0
bc1qwcx9cha5yvuvcl6zj9ce2akqvfcxeeudt7qrmj,1117,normal,0
bc1q4x67dpq7a4jrvm44r3y493canamffcyc2yck7t,1117,normal,0
38Q297d7Qcy2NgxSq2jo5ztiPekFNXRf,1118,normal,0
1cqPUum8pb2U8zjvsiVyDyyG3WpA4TY1,1118,normal,0
14VRyDrHthPfPzMcVA1x57D3N9hLK4Wk,1119,normal,0
bc1qgya4slp42hsx8f4t8s7n9hvujgv9lm4aej0hhg,1119,normal,0
3HCYNJoyR6xhArxQnsXgjqPpEohGN7Yy,1119,normal,0
1SsQHKND3HBoA5wMSSgVgYP37A77Dgz6,1119,normal,0
3g3LH9QQVwAqMi8QcdvBvX6CPsgzY9hi,1120,normal,0
3a2Lm62yw46WQnsBr8Ssu3Q1rnQyP8Uq,1120,normal,0
bc1qrvsdw6z4dhx5emjpy8rwwkzce9sv57vx37ccuu,1120,normal,0
1WsjfjHtoaM7vHEFQhQ9zDD236GmR8f3,1121,normal,0
1NYGtFWu2qGYNN3BrbrtGceFWcBrMzw6,1121,normal,0
1i8wL1rSHtqZyhuGrbChUc7U2hmTRTBN,1121,normal,0
3FdBMZq9iwHym8HbG54F6BqmekPtG6wH,1121,normal,0
bc1qph7k6gu98su55fz9f8t056fwm385j0e3f4s0tt,1122,normal,0
bc1qc07wp0fqdh7tr0vqfwqx3jn8v6g5exdq3dspeq,1122,normal,0
3pc5mcPixR63VmshaeNsF5cQqQxgrZkj,1122,normal,0
bc1q6q45595td0u8k06dne0fl8wgx28chtfrhwfmqq,1122,normal,0
1krudEoubhHew98DWGoGBbvD6YyaQtUg,1123,normal,0
3eAjQbX4h8PLQiZJ69WGUnNKhwWKmndj,1123,normal,0
1Xzc8RrybsB4jurtNqJEUzA1Qach37gz,1123,normal,0
bc1qck9q587z537dgt8ugk0vt7wv8d8jp4kfrkrl6t,1123,normal,0
1WkcfUwEgsxtYRGAatVP9Etcu25fhUNT,1124,normal,0
3xt5PxQVv295K6SnS9pPkcNEfbnVgKNR,1124,normal,0
1DuE3bEg98yDMds9yZY6qPRTGx5wi7yR,1125,normal,0
bc1qj9j0t04q350425ph7mgj63faac7vgrzqyt2dkd,1125,normal,0
1uCF3E9KkjXRLrq9BRzEGdF7Cy4cfXEy,1125,normal,0
1tWpvb4hM6tW9NknuySvnn1M7eQVRi6m,1125,normal,0
13FhQEgZ8nMm6mtRcdnetXrUvSwmwbo9,1126,normal,0
1JWp7E7ScxWPvByZSqijUMvm9JFJhnBF,1127,normal,0
1ssb6QVksqC9CSGqL5iVvozZXcHmakSs,1127,normal,0
3guMLJLeWQQNwE2xVMetBrWsVjtNcx1g,1127,normal,0
1ukQ8w6Hn2nLaGqPYFcnCXmMV8RAcJuR,1128,normal,0
3wDDyJXgNqdTWBL4i6jTRMSHDEYT4zrt,1129,launderer,1
3JxXFuHHb3KgopwsrcWWCtigPiQAQKct,1129,launderer,1
12A7tujhtUKJq34wWja4ufLKzWsQ3ADE,1129,launderer,1
1e2atwNXR4GsdSbZJ7ufVGRoHXTY9Agj,1129,launderer,1
bc1qamfz0kdshgw7ejp38az90hy37vjh262ayl7xar,1129,launderer,1
13wSgNVPk4gJbmTSmfo12uB7Esmu6AY5,1129,launderer,1
1aFsaaQyA7hwQcyWqCrJnQrXsG2DN6vX,1129,launderer,1
1LHz3h7SsoNmHdr2odpBGwgx5943js3h,1129,launderer,1
1uRSHjzurWTCeYzq3tN1LtPkcoNTdxjB,1129,launderer,1
34pG1abhCKek2JciYAMxasYZCRTqYMCF,1129,launderer,1
1vNqnPHWHrWHe1gWeJ3Pxdrv5HXb9N8e,1129,launderer,1
3ke5oGspZqSurYHWoi7xUQtFqyb1ZNf4,1129,launderer,1
bc1qp92lwxccyqxtcdmnrhpvl65fgasjctv0j9g8kh,1129,launderer,1
3a1dNHNmq8NTNmaLFZcnK51QMLi3ctWz,1129,launderer,1
3UrYJnPdge2BW4u9KhzPSAAmNeiATowt,1129,launderer,1
bc1q550ww46h645hjajjv4deajnc9guv04pqpreymv,1130,launderer,1
3dF1MsUaZAu6Usa1tb7yjKRnMvc515Tp,1130,launderer,1
3cBpBAreXDWEUYKvFirTRyM7wCr9Q3ST,1130,launderer,1
1KHQVGjHLkkyKyB7xDnSX8X27ZzhGwRS,1130,launderer,1
3uRh3keUyZGoe4s7HjYtx1TnbZGf3E93,1130,launderer,1
bc1qeqdrkfnx0729x890kqq6zdhrgz2jmncqeclzhk,1130,launderer,1
3JDbzAqKPBP4pY2tMeXfuCcbt7oBoC7Q,1130,launderer,1
1jWGT75dzNTf5NnodMd8tcJj1rZPBjV3,1130,launderer,1
1ZGZifud3LnhcSUo9Y5WvsxXicSsw4Gb,1131,normal,0
1TPnjK9GiYWtVdEVU8HiUZrpAqEEzM2J,1131,normal,0
bc1qurn35k5ej04v8cuvqu3wr74vcpxlxrn4kfaq9v,1131,normal,0
3RXQFnPhzHRC1EwG8kwe1ru7RSUeqRdQ,1132,normal,0
bc1qn53vs89594txufaf2kl3xzwkxz0u8g8u5hcvsq,1133,normal,0
3xRhLfhdV39DkbvUmPGW9jAx5zcKMqvb,1133,normal,0
1dKwMKyCdakRPaSUWRZVgYKdySrNQnWU,1133,normal,0
3PNma7N5uudoU8EBtLhrorGuuncQGP33,1133,normal,0
bc1qr9w3ywrxnegksxz3mw0gu90wh2mysjxlr0ehnq,1134,scam,1
3FWECVqHVJUu8C34EB4fHLTWagP44CaZ,1134,scam,1
1DuHMKrg8UKBqMUjWuDU16DQsauFRmE4,1134,scam,1
1yzj1H5Q4t4AwL5GQ2NSkg85e6GR1Z5x,1134,scam,1
bc1qm4pl4lzeyh5xv2hvm8870h3p2afdfrs2enucrp,1134,scam,1
3nZdbNFfgCxqFEpWXq8xSHEjWN5FvW96,1134,scam,1
bc1q5fjar2l3vrjmht23ahyheg824drz6zmalvfdee,1134,scam,1
1yLeN9BEvuJgfFSXhCcwhioPauRenmjQ,1134,scam,1
3E7hrPfhV1ZbC3FXaB2b6moTG6AQex2u,1135,normal,0
1Aa7z3ZQuTGpTTG11mvpoWaCWFKgAk68,1135,normal,0
1x1AY7N4VKE9a7D1vcZ2nVCV9pHWDdMB,1135,normal,0
1UoVU7BryqTew6uVjbSjioTDGWNiC5x9,1135,normal,0
1wuSBEczjYcM4rLVZ4yYaG3dTCnRGdXb,1136,normal,0
1UhiS1wrhdk2cxZrxGfwHp55eb6qStnA,1136,normal,0
1p3FJZGd8Hgsw5LEuVs2J2jvrcL9RYmb,1136,normal,0
1wKruHXsEU1esSMCXbCqgZMr6i4ct3YS,1137,normal,0
3naNP7Bm6p6KVdgqXCshDDVPVMouHAwB,1138,normal,0
15PBZwihmzahbRawEw7ebDGnENd9dfXg,1138,normal,0
1XqKFkDiWUeqj1FpxbkURx3rKeNJwAZm,1138,normal,0
1zgZXoqdKqR4sgPSnXEVCmVhNDQp8k9Q,1139,normal,0
1kpxzG1uiucxoE5tSJ1gvL2ZsWkkLvZj,1139,normal,0
3Jf5sxGMeEhzKPRyL8hQt5q5wKFXgHPV,1139,normal,0
1rECx4jr8q8tGJDWXNXz5SQXjcVu9DFh,1139,normal,0
1QLxfnCu6aCUNQnpoxFfpWdoKSq6vesm,1140,normal,0
1E5WhvNDhw38U7AFmQ82YM1cR4HPqcui,1140,normal,0
1mRmsz5BaqDecf7rbMcmq59HcFrHZbKd,1140,normal,0
bc1qutuvg460sec5cqjqtenmpw47laqnk9h46gprpr,1141,normal,0
3tNTd9C8sPKuiQVsoZrvKatR39wPKur1,1142,normal,0
3dm1mr5tSaNkr9efj6fKCCYzicYhbAE4,1142,normal,0
bc1qcv0ftqmv5hvhxvuyersfr8uv9vs9hn8q2vls0e,1142,normal,0
3DDjcXv5imNJQswikwv8tkSQy3VWXak7,1142,normal,0
1xXAWNSPChAyzV99PSmgnsejo9DtqZzg,1143,normal,0
bc1qx839487em5t2u9p6zq9uezs3wfw2up9vpww5gv,1143,normal,0
359fef5o3cmZs2oSppeavRxJ2A9kEM6F,1143,normal,0
163YuE26eecesU6otj5AhQSjMZTPLY7q,1143,normal,0
1AU8BBtbs5Qnvj2MPsXyXgN1wn8oVCGe,1144,normal,0
1gxAaQxdnMks8HSgc1Gt3DA78DbnF4Eq,1145,normal,0
3MPfTZc59hLzZFmJU7s2jJFHH7mgvthn,1146,normal,0
1mcGF9Uiz6ZiRittyrreoqcUNxAvP82w,1146,normal,0
1a9bdLKh8W6cNvHSJqFfHGcPnBAp1yXo,1147,normal,0
3Ey86gRLcyuc47UPdxZHFXwW1uUCr9F3,1147,normal,0
37DnGE4bc7piv65jv9ZucYGLoW53myTK,1147,normal,0
1etSNyGSrGGzKAAaE4n6tchHfmP2XYcT,1148,normal,0
bc1q7ck954hy50xrrueehz647r958zjd2a2h2yzlf6,1148,normal,0
bc1qkcxqsrg2cdu5a8gel62ajnrsp5s3zgdt6d7dzt,1148,normal,0
bc1qskvpmsdyf6xd7ceez2xmjvudsq8qkr6hwfjjqv,1149,normal,0
1jQSBr8Qw2kmNXGEb2X8QiQctqGUWYcK,1149,normal,0
1i6tQedNhcfswpNjWJoa4xuyn82DTrB7,1149,normal,0
1TN2qW3PnpZFrPqWTiLdD57z4nH9m7Lz,1149,normal,0
16RQsCLVDQaDkG9WnvwmJLaWrXr84AAZ,1150,normal,0
1uELCk8FDmnkwGYM7cViejGqBF1Xxu93,1150,normal,0
1a5pou1V8ZpexZHBKjgtWyD6qcrAht8h,1150,normal,0
3tVGMbT7c6ysufRvjyoRjVfgZ2rkmCfL,1151,normal,0
1BZFgnpMr4TsrFQo4CRzKNVfKcyaDsoC,1151,normal,0
bc1q90flcw6nvpae27us00gsp7v9rvg8llwgk5v5fc,1152,normal,0
3cV5sxpZqVwqG8h2ZywmbjFweTZ9csUg,1152,normal,0
bc1q52txc7jduhuldgx5wtjxap3ddw9f0k4n802ycd,1152,normal,0
1jiw1QvnuuoA3QuYXBZLwwXmYXEoTmhV,1153,normal,0
3bdmJ3T2L8MLd64GjNpugUuB5oPP1Did,1153,normal,0
39tL7aorEeHHBY3a2v97JW5aMndf1pgx,1153,normal,0
bc1qh4fah9mfnjaqwdcm4qymuuhfgfvkp2em2qg0au,1154,normal,0
1BNoS4f7uyLiMcXFHfzPt8qyKVSm5bn4,1154,normal,0
bc1q7k83j0ls92a80uez7ztavzd5fshv9t6qy28ejx,1154,normal,0
12WBTDBoxtCPHvfJrmP3DQBd9tCQZYGN,1155,normal,0
bc1qg8zczsexlngwfay8sz9vczwyq0ksvvlp5ynr0g,1155,normal,0
3NR4x2DE4ZxgWBwe3ieDYAoZvXosyzTM,1155,normal,0
34hvrFxspzZbE5QNv9jmDBbEuahHopeD,1155,normal,0
18w1Ksp79mM4PLjkEPSvqXnYiBkgeZhM,1156,normal,0
1tVCEHGs2nCyuis8ynK4mG9w4eNVTpzT,1156,normal,0
1f2SgoSY55iGRHq5ieQMSyAbH6nRVBhr,1156,normal,0
bc1qfr8vrc30nulrgsc8d9uh57rjyg4grqauk7x8fm,1157,normal,0
1JD6qpP96xFgLov3bg8kBjinS9Q5jHyh,1158,normal,0
16btBrWv1B7v9NbH41m53eBNrZeFddQt,1159,normal,0
14YYxqQyKbHbXyAZ5HzmQnDwuvZMcD4e,1160,normal,0
1m5RvUGeCwefPKc9FC1EBzKdZASjDaNP,1161,normal,0
1LRVmNuLnUJyCPKaRLpWYQfxnM72AhVV,1162,normal,0
1gAb2Xe3V5Cj4A6Mz2fE3Kb115CUTnR5,1162,normal,0
bc1qlxfdu7rtg53suwnltv6nry8qlefkwsj6jqksln,1163,normal,0
bc1qpvacl53xnsymth7q38tslcfje90szram65k4h4,1163,normal,0
1KyNLDSqXG6iT7hwmJApL7W44m7GYFCH,1163,normal,0
bc1qtlecvmmwzzyv4fqul8tvrx59uhu3lpnxu4yhnf,1163,normal,0
3kGHztddFYVdXkDBv1gZ6EVXHRbfvhKP,1164,normal,0
1jLVd5T9j6zbfYxBwZxt6qgTBgQ7s2S5,1164,normal,0
3S5Jk7agHN2Diyu1JAJEGzcb7N2b9yBY,1164,normal,0
1H2QFDTaez5mhzP1qWwHJC46WzaxbCY2,1165,normal,0
3kbYRumNwvB3C5KY1YjTfqWd68Myfv4G,1165,normal,0
1ErQQFBr4Zcphbpe7GssiWdECQpvkWCR,1165,normal,0
1ys23w7jMpjcDTCh4HTFpwya1St9zwus,1165,normal,0
1SY31CbZeDT2DhuYJyg9FDuskbE8aLhG,1166,normal,0
12bASFscbTqsKMB8gWAs7HtnDNVCKEiD,1167,normal,0
17824HQyQDj8ou4aUiped9FLCYFLZ82W,1167,normal,0
19NdqmRPrxmC9g9qJHrpP2Q5gLue113C,1167,normal,0
3uLmHTb77qfAJGV4UxgFMX1s9g3EUeyN,1168,normal,0
1C4PkVvSXDoCoWsMuDk2eVPXe1u7e8kb,1168,normal,0
1EH36iB3XYmSaEoKndcY9MjDyoYqbqkA,1168,normal,0
3ftA93pMX9wTEt2vuEAucr9E6o58WNfj,1169,normal,0
bc1qcw68rewrx60z79q70c7fp2ykdtgr6rzmptftuw,1169,normal,0
bc1qnfep2a7wtv92pl0l0tzq8p8r23qyucg960mz7c,1170,normal,0
1CCPSWD1oaK2rgUXnmA5rZ5jyp2SgV4b,1170,normal,0
bc1qf005r2r7x8dh23g2qt2kkkh2ykn0vd0sxhre02,1170,normal,0
bc1qjf8tz4e9nuhxkldyqnfj9zcdp34da694nys7u6,1170,normal,0
1ukBzn4PutSoVz4KCYSbcmFd9ep4qpk9,1171,normal,0
3gCbuayMEJr6m5mcfic9xVEH7NVk3rni,1172,normal,0
1suS1FCJsmzHX1QCoh7dJYTebGGBZp97,1173,normal,0
1DkYYLeVGofyRmtVc55Pfauuk7fm8tre,1174,normal,0
1X4GKGf4FVoyZPvGbCdYpjZrBp9iex8q,1175,normal,0
bc1qjcmgvqxrf3effy6lw5nmva5e5tyjt5kmngvz94,1176,normal,0
3MKMH5aaRuDDErtfMhYjsvLVBzyx5LtX,1177,normal,0
3Zc6yHawE5RkRK6FXrF2qsP9izBDfFNA,1178,normal,0
3VtCyRCFJ789EdizrLdeQDeCN7p5SEac,1178,normal,0
1PtcMscvM5fA1mExoAVvZtnVAvpFFcK6,1178,normal,0
bc1qzpt2tf24zey9ahzj4d0l9la038qvyrgpwn6pd5,1178,normal,0
bc1q3tzvxqw6lj3dtrsklff3wcssg2xjt3rc8497xm,1179,normal,0
bc1qlsvs7uu8yqmlfrfh5euug72zlhkp6r95zt20dt,1179,normal,0
3F4q4sMRJ49nGemCaxg5qe8tHfnSvvVT,1179,normal,0
bc1q5qh5tf25yu57nvdqe4tqvefq2m5pjtgv72andn,1180,normal,0
1nk5ouBcTECkmpeV6ehc3cN4LhAGPcwo,1180,normal,0
1hXTjBxKkd3iUnEyvTuMe2yzfD2ntm1C,1180,normal,0
3XypJgL1vTQvPbD9JXPznDygWGpbVwzp,1181,normal,0
18uHKFUAjFMtUuJ7yHRQCvHchkSbJhqR,1182,normal,0
3DZhs4HWPiGaJUYZcSzxymVKrpLtovrS,1182,normal,0
1vU7WDFatBupw9KdjsJKDPCPAsz8tyPp,1183,normal,0
1NJ19kw6prUWhPd6BfWswhHVKExHiqbv,1183,normal,0
bc1q2dq753sxfnu9drwyupt47k7q0ca3z7d66u73zf,1183,normal,0
1BEvx8gVUfHKythadz5esVbyXjuPkNP7,1183,normal,0
1kUHRXYVwLvr4hYCHLcwZu1AW3cXSqkZ,1184,normal,0
37bFdd63iJuuDGzv3E8nYU6k3BBbEcKh,1184,normal,0
bc1q49hmqzxkzwldjq3tx5z57dhwg8w862qkf6cawy,1184,normal,0
bc1q52keedwf2shjfqhg2d3nvt8smkr358ucxqy906,1185,normal,0
1bTFjiTkWy9J3FQFB9CPkv9mEknt1FP5,1186,normal,0
14EWKQCtH6Bs42xGtdKkg1rKoJNnWQvy,1186,normal,0
1XACBegpYsWx7BxvmsbsrPPtY4u1kVBo,1186,normal,0
3EfQSuhYNg9ryhJnyusF5j5HA6i7dnNU,1187,launderer,1
1tWR9TQm4ZU7U5j29eEYjZi6dXfZ4i2P,1187,launderer,1
3Cvi9TPmGofVJnTh9JgfjfM9Ebi4GUY7,1187,launderer,1
1SWjokMtWZ7JcgEUFwT7WCosokBsXWG9,1187,launderer,1
14eSpVr9Ko3pvbtyf2QwhA3tzVb7g78y,1187,launderer,1
1Em2DPUmfzwDoj8PLrkyXCHundx9yyUK,1187,launderer,1
1AXThvCbjYXREenMqFtgZB5sgSuyEmQC,1187,launderer,1
1Ayqt2EuEYpP6L7x43Xz8muoBJiA8j15,1187,launderer,1
bc1qe5g0v52ypgshpg64nsnhlazqvj9mysffwrr9ax,1188,normal,0
1HB9PEF6aKN9KB9Rzz4g1cLRwN28AmVw,1188,normal,0
1CMoebCeRPBgHqCvGzBy8YTtQXBvsCPJ,1188,normal,0
3BMMSLQsXxVU1UNL8cCgViKCHz2GhM13,1189,normal,0
1QANzTSgHQcWis3L7fLenbNNE5mBBXUT,1189,normal,0
3JXXBZeL8NMWNYzf88a7QrWZ2fM2oBTw,1189,normal,0
1wPeVujsFUgXtoJzYQHngkUPhhCfbznZ,1189,normal,0
3kujgTYBYAgCg864pDXt2Ltsij1HTL1J,1190,normal,0
1M8H7H3ommR7psV6H9qkuxPiLmpaiWAX,1191,normal,0
1hBuP9HkWvEa1SgxVEjcztHMqv5kPm6p,1191,normal,0
bc1qyy7qnf0k3c9gf7uc8lwxgzjd7mzh0gluf7dw8h,1191,normal,0
bc1qn63u9nq4afv2zxc2p867m9plxyu02dw8pa00sf,1192,normal,0
3MM7We1FhQUZJRhgFL379WiVefcQFXhN,1192,normal,0
bc1qsa4zagtygr9l8qusel07uk9wngxu6yn0h6kyak,1193,scam,1
1QMncSWXzP9siJrddyZ6v1GDimehRGGA,1193,scam,1
bc1qdwvauefvntpssthad8tnyv78frzcla7jfv8phg,1193,scam,1
bc1qdk36s9s0xr4vkcfkpj4v45t8tnrpyuz9xw9puc,1194,normal,0
1vmF27oUxMTiFyahyPKUgAmzC4pdTuTp,1195,normal,0
bc1qxt9wlmajwa97pncdhq8vl8rmed6uxmclkqyjf8,1195,normal,0
bc1qj5w20dept65yg0vq0q9h84g8zg3eh9eu6m5wcu,1195,normal,0
bc1qrzdfvhmy2nz2dwdcv9njcsqvegng88d2pmy4wp,1195,normal,0
bc1qd58cnn9cwkppjhn4uatztcr6zkvcqj0h7my28p,1196,normal,0
1cjBzqCFbAmcZdCX3m735AMNDVnz7fuN,1196,normal,0
bc1qdwl5srp9ms2mm4q652zrupd7rz7u5hzcyy4k25,1197,normal,0
1asGTPp4ErtNUvWjoAkLmKF6nCX17k2H,1197,normal,0
1JQcTuTWuj9mfkeKBdWWNYco9vQHu5KF,1197,normal,0
1fbxXPA8JWhBwq6Zu4C8NsEJWAQr8eC7,1197,normal,0
1pUGUFUoEdodRR2HgFGwLCPawnNe65gG,1198,normal,0
32vkydcKC4T6fwXo6ojCrgbCip1k4Hrd,1198,normal,0
bc1q53h3vxndlncyuqsmvnf6j02yjud0p7mv72peay,1199,normal,0
3UNLfRDqBWeqDQ52bm2UmFwCXyA5bPBE,1199,normal,0
bc1qzxvcxat3e2wgkclfa8xgp5t8xgmt8g8sfjd42z,1199,normal,0
1pw4arziayjHjmZhVFuZzCabssWkPZYg,1199,normal,0
1p3FX6XPhDVdWwMazgT7Txzgq5rz2HnF,1200,normal,0
bc1qevmnxyuzyk6kg4yzh8wssz655pjkx2a8rrcesk,1200,normal,0
bc1qa2y9fjpzesef0w7mlq4ax2g5lazl2k332r50mv,1200,normal,0
1G9FihEviWiEc813MYvWW8bmdwPkuRJ4,1201,normal,0
3TCTtW15KAim1jAwf7kkTk1ySC9L21VF,1202,normal,0
bc1q6n4gct99mv7w8frwxj3ax6dzce50nqqke2q7jd,1202,normal,0
1wWh2N777A6oUdQr5vk23PczJAL4M8sP,1202,normal,0
1NUmUMxuLo3Zrvs3mwfqXfVtRSAvpUyC,1202,normal,0
12G62cT7k3zgHysZTZ5XPsbUrxv9RyLZ,1203,normal,0
1234ABaot3b93JMVYYkwGrqBCr76pRVb,1203,normal,0
3hL7QYsug9XfEHKoG9LGJQ122jdQSyop,1203,normal,0
1r5qDqap2Zt1rVbheAeQkkUkmX93kEUW,1203,normal,0
bc1q9qmktusueamnqvjnvmapf0v3dhlped86zjcfmz,1204,normal,0
1TYWr7VUscSpwYG91WYtLuAnmFkdSiJA,1204,normal,0
bc1qnhccmd5jqpd5umvlj3v0aa9h3hdlje93jsjdm7,1204,normal,0
bc1qych77mmcszgzh40ds75v89phdvn8cev46h36yf,1204,normal,0
1qNMa38nhCc2KzG9V2RmJovUmjoeHGw1,1205,normal,0
1uq6eT2jD4BKkVjwC8LQ1im7J2zRP325,1205,normal,0
1XLYDVD9VajyAGuAUgXgvSEG2ERbDxN7,1205,normal,0
bc1q0wv63e9hrhmx9pkcz5jnvmv8kw9kzxxwlfxdff,1205,normal,0
bc1qy46cxawqkcjyayuh8zhw3kqwgpl3rw2gq0kp4s,1206,normal,0
1hvp62vW1zd63dGaNrDC6iyK1hWXTJjf,1206,normal,0
bc1qt4w8l84d0ewkrg4p2fkv55tqeqhky4xd24wwe2,1206,normal,0
3DKmn2SqkbHyN49W69cuQCgxpU5JH4Nx,1206,normal,0
34McAMGhTpF3RXYgbGC7jZsmYJhufemx,1207,normal,0
33X7SaFh1AYVstEbLJf9JpraSGLePD9J,1207,normal,0
1T3mAu9AkX25famuHG9bZSqYLb8j4ohG,1208,normal,0
1LNqSv4CVG9zDcwpjbjQ8kMR8ycaBP3T,1208,normal,0
3KSbsnF5GCakrndiL1DZ6NQtteMsXBkU,1209,normal,0
3xJwp2NRh197NNVavWKEU6Rt4L8G9yrP,1209,normal,0
137oGtmzb7hTLhhyxBo6y43vm44W7aRR,1209,normal,0
1xEJwtceoZu8UKaBFKjCU8VRDcSZn84A,1210,normal,0
3d17PeiDcvtpTw3mTRR79TpgKpqH7juG,1210,normal,0
38w9Tf1vZ6SJsvcj89vkKLdxAfM6nzzx,1210,normal,0
35MKHFgpLHbVPhDMoq1TcfsnrTQe8RqM,1210,normal,0
3S84WgtG6bJ8MJBmfN7rQ1j7gndgLZwJ,1211,normal,0
1UxC9gzkFnsYnpm4qJkAx5Ffpz8VCtuD,1212,normal,0
36eDgHQTBWBs7Hvb7qysGFJmGvX3oftZ,1212,normal,0
1FxgzwCLhgsQsCT4i55zqHD53oAkG2qE,1212,normal,0
1wgwmXDLeWkje6ypJMyhNVQ5YaYfM4m6,1212,normal,0
14ExgFMPhD3aC16a7ithDRhB5pp4vu3j,1213,normal,0
bc1q33jtc2gdusefr722tjxqq94xy9y8tvd4yr2smk,1213,normal,0
bc1qv7xl7m7q9nw5pjm24a6rrxepqq5yhxaea9zx95,1213,normal,0
3hoWrcdXSnxmVVfqyThHKwTNgH4ZWpn4,1213,normal,0
14JX9u4DdXgZbHdDowWgRteTYPS15MGN,1214,normal,0
1wo8Dhje5mniUPfuMF4yYgoMwGtPART3,1215,normal,0
16FUHLq1nfg2JGdma9oLW77gAKzbQzg9,1216,normal,0
1xdK3CariARgmZJXBktscs67Utsb7VcT,1216,normal,0
bc1qprlxzqp0tcv7m3mmn0c5njp3g3afg7y70r60v2,1216,normal,0
18mNXHZvmuBbz28i2kMNHHiHjX7W7JVv,1216,normal,0
1hJhnqncm6FTfoXT3CnQLykpjU2J63j7,1217,normal,0
1xqVYhiVhXCpxfSkFVq6R9dieRfVCKwW,1217,normal,0
1wwNjz7cLr1pVtX9sTXrq85yxZJwR4QY,1217,normal,0
3d8BEdJG27XA5JxLcTU3oyaiFW3JkG3L,1218,normal,0
1Qz7RZz2xKbTCvdZezecThyhp8rw83VT,1218,normal,0
1E45R65sofzvygsoLLUo8KQRx6YAtC7g,1218,normal,0
1ay5i1p7tcZjfGjhUUZKtWWFzesiU126,1218,normal,0
3XPW6qR2uwE8hCFTFc7EdobJppdKgeHe,1219,normal,0
1ZCJabEBV6BuftrNbSU8kK32hpRWfU8M,1219,normal,0
1bMbGYzixgfnSMLsVnfqdLCT9yHa327t,1220,normal,0
1XditqRzrmWqqJqNhhknnMwCdotNqXj8,1220,normal,0
1z1ZjrNEgrViS5GPcqVZCNkHCoDLAvpV,1221,normal,0
136QzFi8Xmwf48jgH8KkqtcchtnDcj63,1222,normal,0
3vgtMxUAGs683YJrPkqCk8zQWUPF3WRV,1222,normal,0
bc1qgtnq7hxwtyq0dj5n6a0du30rfdvnymq7tlnk8v,1222,normal,0
1FHvG98YmXJAqgRNkoQNpRaYJcktRc1E,1222,normal,0
1pmeKfMCtrp1YgApU27NXAFGeZ28FqtJ,1223,normal,0
15Q7B4j5TLR6DHLjWYhw7Q4TJ3tVJt7N,1223,normal,0
1KXptdPwAyNuji52w5Vi7oi2s7ACMAJi,1223,normal,0
3WTqJ4v3psUEJ1M2xieQXS5s2TPDqPw1,1224,normal,0
3mKuBHteQsdBtmDcFQa4Tw3LieGPBDxn,1225,normal,0
bc1qp2jfmn0yrp2cjmkelnx8tq2lhj4tyfmmqweqmw,1225,normal,0
1XFrsucUKwzANgiLQjLnvczvdJRkNo1D,1225,normal,0
1TdR6Y6YFGjTXUWJXLACNruHFvGwPWXH,1225,normal,0
bc1q0gppf6s7dxwa5pxwp80lxx0qathymtl8s6tcnl,1226,normal,0
1oJGSh1SbGY8pmgajEvnVPQC3TcJDTM7,1226,normal,0
17u1YDYs9QNzhd9BDieXDP7aX865nwuT,1226,normal,0
1R31hXfN23bJBSjTcF9F9S1zx2cWZeZz,1227,normal,0
1pXJTiiGxRuFBKHHgfpf3azJGDwMVsRG,1227,normal,0
3E1gLqDr6anTSSA7qHiKpmJfv7tALHhf,1227,normal,0
1BpqRJgSCNgdzTEfVoNWUCWyckSMGWav,1227,normal,0
159dttsbVnMD1x5CqSvEQsGPR83LPu6F,1228,normal,0
1oitR36KWyKAmDbT9jwLde6Z7E5cy183,1228,normal,0
bc1qnsld0zz6nr0m8ht73h86q7lfef2ycjc5wstyx2,1228,normal,0
1BnvyKUzTRipWxSeErTNEJzPngLMmg6J,1229,normal,0
33SP2HjaHD3oawExaotUd8CUjehNxhsT,1230,normal,0
1BbAzVSbbNGBfn4GbSi57yPL4rxRr9gN,1230,normal,0
3Yxd2BGKVRWt3fn32pvh8dt6VgaL5iBq,1231,normal,0
3n1rS5kQiW1EvrUrY4bCHrjCEUGwcAeD,1231,normal,0
3iVwqeV6ZdpcTpp52jKANMiaiTZZGoqL,1231,normal,0
1KBShSMYpuVxkEEGnY1Ufo6QGoantyKy,1231,normal,0
3yTPY83wvsGPKoeERGNHpdMWcZcYF9jU,1232,normal,0
31wXcfrdgREHKMNs4EKCvxuHakmeZpBd,1232,normal,0
1jHUzwjq5eiPUfYvtByXn4fp8txAwJXM,1233,normal,0
3yFHH4caG3Yy3tGhxV9orDfdb7jNweYF,1233,normal,0
1NGJzbPT6WxzyFYaduguSJB7Ukr3pNKh,1233,normal,0
192o19rfWfkEJbfquJRtySj353kgPD8Y,1234,normal,0
1nNwEeZocf3qQhYeE3GpGSzrCA2ZafZ2,1234,normal,0
1aSYNpg6B4sTFLgf2LWiCoyRcpDPjqX6,1235,normal,0
33qYTGX6LffXSkMZ6B5D2nVp6fXraFjV,1235,normal,0
bc1qvaj0j359pd49f5wnn5r7qxzk0wcs88zxtsm3mw,1236,normal,0
1nQVmQxR8JUjXghCTy5Latrucs2yicQo,1237,normal,0
bc1q4q667s9yc2n800d4m87ryw8huvkfdf6d453yjw,1237,normal,0
1ZVbL96Gts2fXj8wCjm6xSFdVSdhzae8,1237,normal,0
1EELL5cBMtnPEyHTDD84F8BGGyTGQasW,1237,normal,0
1WR285tM1L7Te83xrencCUZkBy6B55LJ,1238,normal,0
bc1qrctx2m9uu8gusgeqvepemj6emhq0m7lsxrcw6d,1238,normal,0
1bXAQjENwQkKs5EfrFNXEh1eos1tUxFo,1238,normal,0
168Ui3dKLesUDcrqXEqYDX2P57E9UhGK,1239,normal,0
bc1qjdzwzpq5p6ed0rpgx96r74tjq0l785jg74jvx0,1239,normal,0
37SjrAr2AnE7DJok1CHvfH41ohhe7Emm,1239,normal,0
1f7YpintKavMT9zFJ5xejcEN5kD7Akp3,1240,normal,0
1yW5HR5bnBkstJoqpq8a21Ca9qJAGMp2,1241,normal,0
3ouCvoVH4jUdoKEPWdNqGzUCHVfHehNa,1242,normal,0
bc1qkfnk6ck45klkmya9csje05fen0g9wqen4a2c5m,1242,normal,0
bc1qlkvtzg2d4f7e3ulhl9z9cgqpult2n84lnhxupq,1243,normal,0
1Doybjx2DpWDjG9ocsa21FFqBXjJo97t,1244,normal,0
32f3qa2JDMs6SfNy9si9XWcdwZubm23Z,1244,normal,0
3rMQyqGo7V5uJfXsrSRe2D1H85r9AUrG,1245,normal,0
1wCydTSoVxDboHapYSk98GYbrYAXLt1e,1245,normal,0
1R876EsxCXcmMQ9emptz79GUftCYoarf,1245,normal,0
1ayqZMkL71QJNv5rtoSj7n14fF6vYZNB,1246,normal,0
1d93Je2QXLkKuKsuaca2gZ1CeGCr2M5Y,1246,normal,0
1exAoqYbG1ziKHsZc2wGRPHMsopZZhjs,1246,normal,0
1nG6dg8StKkkLKXAKwmkJvC4DPm2B7zf,1247,normal,0
3X2hhEoiL3SAt8tT6nCdt76nH5eA94bb,1248,normal,0
1wZYje9hkwzzAEwjKce4xY7pap5xrf8w,1248,normal,0
1XckhFabnsTaYGbonakbabwEASHzVYXY,1249,normal,0
1HGfsa3BdKyeAZD4rkFXLhdNRT2ZPuT2,1249,normal,0
3Y42xd71odE2C73YbMocNs4zXcSG9fSu,1249,normal,0
bc1q55f6fh3hfal3q3ywfnpmgz4dx592hy34fk9cf9,1249,normal,0
bc1q0p8d86cxart4uuxzfqzknh5qm9ru7drhv53xvg,1250,normal,0
1VF7Lh2a2L1aZKJQKhwptC1Fojpe7tid,1250,normal,0
1xcdXTZBzyJBWvsFRnEvpkFBLfGooD7n,1250,normal,0
1Si88jd8oGgs87axkLcPPdJLLh49Wk5P,1250,normal,0
3Ntr6qeBE8HLjFjUwYyAqUFh5VGCVqKn,1251,normal,0
bc1qq2wp6n6qeu272m7l0ttnkmn2n6tr5h9zkr9e2f,1251,normal,0
3Ra1BUjHqqftz2iR3pzKsdTNo3RUugRj,1251,normal,0
1Y93HCBRkPF7suUPbr8QhnytE999gv6P,1252,normal,0
1JjZBGTFi8vz2bi1scidi1dVy7i6Rj1s,1253,normal,0
bc1q2y42eypr56sr6adu588akpvp004dc944syln6d,1253,normal,0
3PeLqz4ytKiVtKwoYqK5cT8yaue7GLKW,1254,normal,0
15ZhKiRzP1tD6nqahUv8zZ9FTSTphmKS,1254,normal,0
1cUjrUNQXhxjyPXWAzVe5zd1Auff3tKr,1254,normal,0
1wPV4EmAQryyzgtiJBnPee4bm5D1J4o2,1254,normal,0
3kFkgrRF5P5J2PQHzgfCnzbXMogvDzFX,1255,normal,0
12QDyfUwDgGrwnxZc3SCGNjxuGjrgQZy,1255,normal,0
1vBhN33rTvmnS9egzJQDyArZTmJKNe9M,1255,normal,0
1BCEYE9iYasHwQ6v5Z6FMJ56xYkpeHji,1255,normal,0
3Tt8xxQj3j5DBNAggVfLSc7Rho97wzC5,1256,normal,0
1n9q1igSZyjz7Fi2yqFiuceG5uLRpczF,1257,normal,0
1rhpaC4LY1jd6zYQj67CKJMqhkRsQbyT,1257,normal,0
bc1qc8eucw7pxn398cjmufyw8j9zzvte3knkv7qq0t,1257,normal,0
1v9jSpi1qFR1FTEMfMudVq7BmJVJZEok,1258,normal,0
bc1quylwaxra2xzeztr9kngl8gh0mjcvyqz9v2vkz7,1258,normal,0
bc1q26casdlghhfmddnsj7zhcjgux7jdflk9v08k9r,1258,normal,0
1QvLe8YVxYP2fACuHFwkmnF13zCRFZmW,1258,normal,0
bc1qmcq45kx7fcghd3gy0pz7vensvvtraz2j2p9fgc,1259,launderer,1
3MhERNLXJQiMUoGJo5RwmTH99xvwk2G8,1259,launderer,1
11p14aPG3ui2JTmzcBjVjqqYzRBqpdt5,1259,launderer,1
1YKDaTxfpTuBKAKrcBjA16XMdskaLqvX,1259,launderer,1
13hiZqKUCNcF745W35LoyrADhKG5naEW,1259,launderer,1
1qGHJoxXqGSXkvXtUpoBNuAbb7jtxxSA,1259,launderer,1
1GwqtqWZVLAzLhjaGgiufV1JDZhotQdv,1259,launderer,1
31SspGfnCZqJzg2TzzArMk8gjsPzubKY,1259,launderer,1
1wTUSMMKvKn7juG3tx3bNvSy3LimkqkN,1259,launderer,1
1zYuXb9FYqnJ65DuNYfUvYDTrGXDfvgt,1259,launderer,1
3uFNpPkmgMJiHvkS4Dp94yLLG4KFE4MD,1259,launderer,1
3smTeACs1rx2wCNcwAB5rMBW452a6vQq,1259,launderer,1
1rUT5L4q6LYK3LpBouT83EJ8eBbN1kM7,1259,launderer,1
bc1q7vjds0v9q5zzuy4hus3lcukjt4ymytdwylaql2,1259,launderer,1
1FcLD1o4zAuXG88moXbVgn14dv82Szu4,1259,launderer,1
bc1q3zsf5adlv8xhk0j3pl7w3axft9symfz889c5n0,1260,normal,0
3EwPhxx1KPCaiQEPycA4fmVP5aRJy8g1,1260,normal,0
1Rt9jN7B6BsKWraXTPrmjXH6oXuZ7yMj,1261,normal,0
1ZPWPyVUTCqtj4bgXMgZSLYU5skB4cYt,1261,normal,0
3w1WjyLFaWSb71bCQZ3i7xVLPkb6rejj,1262,normal,0
1EnBugWJ2vnhcNseUWCwS96Aabr7Pfcu,1262,normal,0
3y58xighRNbzgHPRjnAvtuwvD7A8bzep,1262,normal,0
1iyNabiSckLAyGeFpABA1WHqh6tG1TXh,1262,normal,0
3aQJ6g9FBb6Zxy8Q73GbYyyyckvTccpn,1263,mixer,1
1H617Mz1SEt7fHBoRRuaurdwQPWvtnZi,1263,mixer,1
3TzHtgLkkP26eWdfXCPX81gifWLjWagw,1263,mixer,1
1W6TGV1GgBwWRSmPTH9yyoGsfaYTJHqx,1263,mixer,1
1CAxHtR72YzcKALdi3gEBXWqZWgpWp4k,1263,mixer,1
1AnNqLqieNcLDwAPDzkuAQosz4GFbQaT,1263,mixer,1
16KfdUGWtMnn4czX5aXkv5FkRJkF6eJA,1263,mixer,1
34dfa5imM9Y4QAKVjgkLvvnDV6SMP9KH,1263,mixer,1
3BoQ1g642ePhevRYtyD6o8kDRqKqzfQw,1263,mixer,1
3SRyk43qo5HZCrTsrjjcrvUJzML1T3Wk,1263,mixer,1
bc1qjj9a864k5pf70c35v997g7d40f0evnecunge7a,1263,mixer,1
17hxwJcZwqadebaeeEG8GtcUKEHgw2aF,1263,mixer,1
38jyJfprtjatPNVs7M6cpjV7FX3tctac,1263,mixer,1
1TyffB3CmXP1siMEEnT4VE9mqTu9fbUu,1263,mixer,1
bc1qty2ad57t8suk62znjffxhhda3900hwyj8emc4y,1263,mixer,1
bc1q994va2lww9sv6zul0n0qww6qynyrk87xm4t28g,1263,mixer,1
1FNt9iCyGQxBPqMphz7vEcW9TSSKQXGN,1263,mixer,1
1JqqqQjGsv1q6d5FTEFx7TWeHxWYhn1V,1263,mixer,1
1DRorRSaKSP8eBtBC5xQWLb9cRAahfgF,1263,mixer,1
19ch78ZWAdBDJcqwN6pvmV56ZWmHGTpm,1263,mixer,1
3rJB4cSmuQu6tzqmSWdyNwVhi2mb463M,1263,mixer,1
bc1qeqld5xz8sqrxs0kuasmd57macnm5cf2kxhjs0e,1263,mixer,1
1TMwqLiPxvpnsGLsAZk2urm2wCW8LSUj,1263,mixer,1
1XMbusZ8o82xFY5odBtLJwCzSsGma16W,1263,mixer,1
1jjwMxUW776RtaXu3srFqrR1U9h8g7YR,1263,mixer,1
1YZks42NwFj8mzDJLgKJ8qSmzBBcxbn6,1263,mixer,1
1dU4xNKnGmxXY4jLNP1fRvKon9DwARci,1263,mixer,1
1LZpaYyQaQmDH6QCLvc5Uw4L8ZaJbGZu,1263,mixer,1
1pS7VqT3uMmtDunDQ1ZiuBCniw79KQym,1263,mixer,1
1gSNJHuLtA2vNSY3sTmALkTrM7JUYpEy,1263,mixer,1
3kbNnTbxSVfohn5HcRFQTnByFzs3s1Hw,1263,mixer,1
1FN8jAr3SiCWLdQVaB1BWrgt66GHCUtF,1263,mixer,1
1EsTA4ZBapT1NHhkeWp9BAtWxWYBpREK,1263,mixer,1
1svXYtsRyLot2JhgUhdupQngQW7KSuEZ,1263,mixer,1
bc1q3p80m5g8dsxv5czqkhu90gtfqvpja9k3n0u44a,1264,normal,0
1P7A7BsyE3bu3orjj6fTdmZnb6DxnhUy,1264,normal,0
1MhAqAcFqoioWrzdSdiBjmhjvX29peV7,1264,normal,0
1WKT9w8nXkzyBVu5jK1z6Ra47jsDc2tp,1265,normal,0
1uX4jswfQLDasnBbyQewKwww7yCnCpW3,1266,normal,0
bc1qjehulsn9lx4enjdgac6z95es0xftefmp344kfp,1266,normal,0
1QodGTHnqqMWzy49gx8r4dMbuB3uyGx3,1266,normal,0
19n13iANqXFBd8BMtUAydajS3MaT4GBc,1266,normal,0
3ibWaJoFcyAEsEv1v8GtivxtsNemWvLK,1267,scam,1
3Xv8Gj5rVxqowVpwxBY5apLPAE63tu9E,1267,scam,1
3Wbi8gEW7Qa3gqxnuL3NouXAp7bbCU1E,1267,scam,1
1zY9xHbtrViNMGqJeNg7GUSrfMF7igxt,1267,scam,1
bc1qjcuxc40fcnvysr0rpjvrvm92kynhckdgyxznpj,1268,normal,0
1h3CK9jcDUy7D1fJH4LU6WERDXWmEhfV,1269,normal,0
14K2E2M4sUBXiUqR4xs15VpcbdWvoRRP,1269,normal,0
1Jk2xzgnDrLrho995tGX6JZMAZt6V9q5,1269,normal,0
3oJdLzNuQ6UkWNEk1kjtvKLGwg9chQKC,1270,darknet_market,1
3ZunTPGzbEuc5ocBWePHiWNS5XReDgcb,1270,darknet_market,1
1NZzXc64jE7dkbkDTDUf4mAiZ3KcJPbF,1270,darknet_market,1
1wePYSdvoEWJejMfuS4hFqtdeyVJioXT,1270,darknet_market,1
3Cm3dySEHVHyBixYvA3t78PFS6ys25u2,1270,darknet_market,1
1NkmUrBaTiXVv6PwLf8AZSMUkjXEvaQD,1270,darknet_market,1
1FzzVYCBTF1DfwGHuy1WEYEkNZxFcwuh,1270,darknet_market,1
3QCnvJ1UAHM8Lcur3UbAjPzQm9KoZT9t,1270,darknet_market,1
3GzQgFg4auPkDMY7K23dRKzXKFmJ7V8E,1270,darknet_market,1
1xD9qQ7xFwMNbxUtHtrpxSnQUyXhYdEi,1270,darknet_market,1
3vjVcLwBWSCg1iiZBEWAFQfeUsVpWPEK,1271,normal,0
1DdKkCd83RUrgeii1j1f9S13ujNrFtLg,1271,normal,0
bc1q89lu7uga8xm4p3r0dnxzjkt6nzem2cae3gcaze,1271,normal,0
bc1qkd6zjfgz6xujy6k3nsw7wfnj6640n9kfsxqjxp,1271,normal,0
1CUQspNAE3zdsj38HVWDXWowdzab5MkP,1272,normal,0
1NRLW3Vf55zV1QXPff6bkw1mUSvurDZk,1273,normal,0
3BM1fkUnDe7iXxtQmMPBaCY9hnNRUCFe,1273,normal,0
1MAFw9bTFum4AqjXewT8oN85NBv4XQb1,1273,normal,0
bc1qvkqln9r8kmp0hzqqf0zp2ennr70agzdxpyedqc,1273,normal,0
bc1qn7ljehg05n9r3fuu9pxfeskn98yspxekl0gfn9,1274,normal,0
111nY7tAyFycpdjfbc8iEupdLrSZybbN,1274,normal,0
1BMC1r2oqg7t3xoaHPuLEMHz7rCcgkQr,1275,normal,0
bc1qxt5t6kje26zwv9sxgaa9e45dex4kawjphs6v77,1275,normal,0
bc1q786ud9g7n778h3gh4h0kzea7uslg8ulmd8cwqm,1275,normal,0
1WDLm29hJdq1myH8hcyC9mC7F2T1Gnue,1276,normal,0
bc1qqhf25qd0symgzgrls3cfeneghxla5mesxjuqzj,1277,normal,0
3WJTCnQtwVmddfpXTus8vr4rg4KkceWa,1277,normal,0
1Ek1GLmWbG3f65C7cq8JDziViYCg6rTF,1277,normal,0
3BzmzmF24i1Gx6xccf2Vpb8j9Mk9ZWR1,1277,normal,0
bc1qy36j2tm6a6tparxl482ya4s2ruuxaq9k5rahsa,1278,normal,0
1nGbCso3FSzzZxNEkXg5f2wLUMZHEJvi,1278,normal,0
bc1q4h5skma9e83lwvgvfh2dm56vrtr0nk267ee4d7,1278,normal,0
15DMTvQF8zky5KxKXVV1a2DEnqKQzgHr,1279,normal,0
bc1q7g2fq40sqejzqtv64mz66x5xfu3ddpj4k4d2pe,1279,normal,0
1teR54JKZEgvWi3p5gE9ysCWv1jfkDFm,1279,normal,0
1uA1xU27Cy2we292MukibwsjEhKAnco7,1279,normal,0
bc1qjmuerfs0savuccn028n977dplrks8k2kk7qe00,1280,normal,0
1YTfs9sfJiqKeQv2SsdMZtuaYedX9CKA,1280,normal,0
1DgumxWja4BF33uDrrwydeP7H2YZbycS,1280,normal,0
bc1q5eukk6djlwdv88m88q49z77klr5v6ll405pf66,1281,normal,0
1DbZ35hWtEKdGZ9vWEavGXtRNMnAxAHC,1282,normal,0
3BorQdi4ReFuTNCTXVXNEuA4neABRRds,1282,normal,0
1y7fgpBqY8b4MZsognBVRxuaEHbZKdg4,1282,normal,0
bc1qpn48a98gramlncnjtwacutds5vupd72e0nl7yx,1282,normal,0
bc1qpgzrchl2u5cfv22t9wpsw4txj4ll3uk6d2qez0,1283,normal,0
1Bs8E6KMYF6Hf4qCJzVb9jWQvMUJoRzY,1283,normal,0
3MNQbaqN2UPx448yDTMPXxmycGXrQpF8,1283,normal,0
1ZVPi81iCX9UxS5sdCACcrG74ZVA156w,1284,normal,0
1vEBbatvJRgZgdDH91kcZzvzaL91MqHp,1285,normal,0
1MEjYqeTPDg5suLKrgMt64wpVusKCJkW,1285,normal,0
1bSNENumL5ZZvT8oirkU7ShUsAZi9P93,1286,normal,0
35pyhoeUbJx4uBVGkbTDqb5mHd869QN6,1287,normal,0
3rjkgdKbyXhHfFMXqhMT4PbB4sCqr5df,1287,normal,0
1k9Vod9DVP4yQZQL66JG8DNLAWUJM2Wq,1287,normal,0
bc1qar943h5y2q07paxpk9umnadps3l9q72s72l89q,1287,normal,0
1q3D2CyQM4AtzwBucphUmcHmKW1Mc3Dp,1288,normal,0
3DQ1zQ7f6Q1HgsMg8D4diTAvmfAELzyg,1289,normal,0
1mqLd6FQY9fJeSAjR2o45u1sNwXWErCV,1289,normal,0
3yKAviQiTSCtKnv96SBUCaom4eYcgVex,1289,normal,0
bc1qeq7paxkr2k5tyg5ed65hn3x06u4g8hv5dkeav9,1290,normal,0
3uW9Upsa8QdwesgnPUV3AjJb9jyFJR6f,1290,normal,0
115dtdwTG3t9aZt5qNcEvqKUNXRaGr2g,1290,normal,0
1vzsivjWiXYM8Q1ZimJoaPPAuCiEU8Q8,1290,normal,0
bc1qec2xyevywnzkdq40kl3k54j7ux2qhjsd4mgu2k,1291,normal,0
18q3rKQtfgfoeqpbYAa19P7vCgT48GBy,1291,normal,0
1XSc4ShdBLvXdfaQaL1SHrwuz4B6DVKy,1291,normal,0
1wehTW8Aa5S74HT4kv6nfVau8kGKd7qy,1292,normal,0
1kkoSRLLrSBiBW8syoiTcds9CdoDy1xT,1292,normal,0
1dQ7YuxjoQs7mnKXmoU4YX7c8Gf1SVBb,1293,normal,0
3jBRX2H3WrusYtmSRavvoXBCcphikfGN,1293,normal,0
3ZfFvLpoy2kFCSUaA2vJov2rNCiuxrez,1294,normal,0
1zUt7UWQgv1GypAmcopakRZxEGDiLXS4,1294,normal,0
bc1qqd5gjytzpu2le4j76kwmnkr4wuymmq8l2jn37g,1295,normal,0
bc1qqjg3ful8mafpndvft2z8hxfcv0f7z5xa5dh80v,1295,normal,0
bc1qhxaramgqwd0f39ngc49fn5u0ae7pjg47jugqz5,1295,normal,0
bc1q82mk9jua9etql5y79f2s4k0suq43as3tuezht7,1295,normal,0
3umFTWendULCTUCyqJTkjGtL5vKUGLhS,1296,normal,0
bc1qda76egcn3lsme92ef7suuy99clsgek84wa78gn,1296,normal,0
1JsdpV4mtaydvenbN278qfvjjd8xkCyB,1296,normal,0
3RTRU7rT77dELCVxMSiqdme3abyg1EBK,1296,normal,0
1N2pGBMvgoFwLQjnSBM3Dbm4iskcM76h,1297,normal,0
3HeHDpRmEybPeL9sihKs8hbDc8JEaHYJ,1298,normal,0
1oxT37doRTDt8cvGSKWHpTC8pqgbBcis,1298,normal,0
1uefwL2ig84R7NT7uGJEr9NZb4EAFAQo,1298,normal,0
1NCyB4t5spsuZidjBka856QUYUwtTZFx,1298,normal,0
bc1qmgxy7y23f56m0k5r4h8dn86tm4mv8fk6lrgr9h,1299,normal,0
36ZoWjXsioqQ9oJRYJmsTYkJh3cyLgSM,1300,normal,0
3kRJxXyNat23iBRwjzMfmUmbKe4634iQ,1300,normal,0
19iGhyaQv7UEbM9Sn6dyEXwpkt3hNUkS,1300,normal,0
3dP23a67PKt9ZMDfn1hSMhvtRtMg4MRY,1300,normal,0
1RGopvgiP9fK3MNJJkWyC4ga6h2zhBGy,1301,normal,0
3rxcDbXUmk8EKEWEfRjSRDQsg3TUWuey,1302,normal,0
3cFyo5X7GNLJr3a5nggSNNtpyuQsEKRK,1302,normal,0
3rxWExCFZBVAoBFeQcnrtrfMAro8ZCRG,1302,normal,0
3XPxVDgrd7r5vFDygKxbCALKbHE4zx7w,1302,normal,0
1sv4q5vSbRsWdxXAnwCuYTMbMC5c3aFB,1303,normal,0
bc1qxsrcylkcz3ueqhv8drsxkvsackhlmuz37rsk4y,1303,normal,0
3ZKViyCxcvFAZLQGJqEfamT3HTRkXM1r,1304,normal,0
3nWdfCAVnUPdeZG8yU5ceq6S5NitjeeP,1304,normal,0
3u7jfNdcamaYDzkjccrJNAdkQN1QNBZp,1304,normal,0
1TKQesha77aUXS7CcXF2QjjV5TKw4ctq,1305,normal,0
3ze4rEY3z7yk7puM2Le79NJrBnQoZsAC,1305,normal,0
1vKT47wGWm3i7MMM8mPAVREWhDzRgCF2,1305,normal,0
3RzYFpVjP26qikSfQGWe2Qj2xrV4YyPi,1306,normal,0
3UrPkYb7HrFC12G2EyyTxktu7LMaBnZ9,1306,normal,0
bc1q2kz4n7fm4r4w758sk62vkn4vgem3akyle3ynux,1307,normal,0
3sNky2yVSVSUDRfR3iApAJPfsi584m9P,1307,normal,0
1GLCwzfP16U8w8m5uxTZ1nUt4w8b6HpS,1308,normal,0
1U8McyzmJn9Bk6GA9y7o9S44rZEBwNHP,1308,normal,0
bc1qv9lpzz0vw7gcx2huaac6e0z8spw7444cpa06je,1308,normal,0
15YwT49znJbVSDsomANhK8QYA2vFBCS9,1308,normal,0
15SajkXPeRmcwv7vVFiPbxu2QQshQzvG,1309,mixer,0
bc1qmve2vs8z3v8jumcjm7gyuzvmx3kmlzv37ttvqk,1309,mixer,0
1bu66KbmFbVKv2UnbNzJnavnzaYbk5xz,1309,mixer,0
3tkR2k1kXrb6VtEh37f9GjZFieXF3Sa3,1309,mixer,0
bc1qnnz6fra86ecp4u347pqcs9lgx7e9qklh58d7hc,1309,mixer,0
bc1q0ett9kvaygk02erjsfk9emlff3egxjg0tvzn22,1309,mixer,0
bc1qlhe0ugmc0k3wr5sc6w36kzh7yg4sq0rulpma7l,1309,mixer,0
bc1qhwdyh96au8q6c8cewmd6hwzpufn36uwy83xs00,1309,mixer,0
3WsdqXyKVXHXMcjw9G3Qo5Q4NX6ovhpT,1309,mixer,0
3eLFhML7B8iEy23t992Nb2Dz57S212q3,1309,mixer,0
bc1qtyu8fs9az3uswch7n0255d46vz58gr2ylcktuz,1309,mixer,0
3C5FpQuGB6Q9Tf1u4hbC9c5pgPgHvv79,1309,mixer,0
1LMeFshVTosYQniL1XddtXkrsjHwuk5k,1309,mixer,0
bc1qptlmjytqsf9ul6py44uewqw6e2q6ugeq8dduzy,1309,mixer,0
11cZ43yW3BBArFPxcDPzR92HA5x4Dfah,1309,mixer,0
bc1ql8ezyfzqcrvqt08pfxf5lz885d7xv9tvyahefv,1309,mixer,0
1C1EbiJXYEeV1Rki9MHw9c8pnP3dYHm7,1309,mixer,0
bc1qtgheusurqs78rwztdnqhhuz0c7dvpznuxqry27,1309,mixer,0
14oDSymVD54a2vegnLyvsmYbYkmxpuDB,1309,mixer,0
bc1qyzcqvwcja9rq6r4zrs690lxsssmn38fzxtsj3l,1309,mixer,0
3EBcgpCUBKU15ih9EvL42ff6M4Cc9Srp,1309,mixer,0
1u8Z6JkJsFkLkZAQRHsddY82DhwJG2S1,1309,mixer,0
bc1qq7l8dt0ejakm5257pjmhhd2c0myz3y60tz4hph,1309,mixer,0
3xnVdiZiGA5DW2U1GUCj6caLXgkvatp2,1309,mixer,0
1Cg9AgyPKdQYEhhDmNTpBiEgEkBoJMDm,1309,mixer,0
1wEbvXCCv88YJ4eZE3rkYNbGFn8ZHKvu,1309,mixer,0
1KrU3zMe2dM9pnAPsEZiYi3StvGh3fyt,1309,mixer,0
bc1qetks2xhrjdn79397fa8ewt0z4n38vulhl42h62,1309,mixer,0
136M6ui74Stt6qsu11a8eYTT4Ke8vrpe,1309,mixer,0
19j5MpinoxKinwQLGGMPzWD6Bsnu9o5J,1309,mixer,0
3BCu9sPzk6hLp2bZw8bjm2vAfYrbPWKw,1309,mixer,0
3Br6Qtf9rr17WNULkYSKAMNy3tX6ptSN,1309,mixer,0
1o1QzsazSX4QZ2pjdmmJ8kycMT5Y36cS,1309,mixer,0
11SXhvovEUd27HMjtGPyxe8RKGjB7o6d,1309,mixer,0
1hRG4cqNpRAgCLBGUcbAtvS8NAFnqGKv,1309,mixer,0
1p48qB1z5AcwiHsN1Z7VYCcjPd94jvfA,1309,mixer,0
bc1qxwrs8mcd45a24lva46v3xewj3wsa2adj2f4xhh,1309,mixer,0
1tYG5TXXtUB8sy3oQa7SkcV4Xry3Y9i8,1309,mixer,0
bc1qjd5aypgcefnkewu267l0z79z73e4dsrpdl7m42,1309,mixer,0
1LLFHGz1hnCR8jJB8aMmhx8LJtH6qqpd,1310,normal,0
3HYcWEQE2HCCjbAoiHHaYCM19jfHUAHT,1310,normal,0
12qao1VT6NS3FnrpaEH6JN4sLGU2E4F2,1310,normal,0
1MfVma42FVkXULF6V7svQ4P9dAuZQ3Mn,1310,normal,0
1XcK5KyYVw4UunBTx5Na8j8AEC9FUJHN,1311,normal,0
bc1qp5j9yq2uk53tke0kvxakc90499rr7muawjmmls,1311,normal,0
3ZQ6iXNpuvHdPsseSTTXLtwFFJFGagVS,1311,normal,0
3PdAUPcVkBj6za6kWA6U2sAoWSSL632Q,1312,normal,0
1gfaFYgPEEWaYNrSpBLXeHmNibaEu4ap,1313,normal,0
1K5xWHj8di4eerDuiREYU6ErDtGbq8gh,1313,normal,0
1p11jWXuzaP7MU4qx1bVWX3pfkjr94Jd,1313,normal,0
39cCZQhtHtBoMEhAsyZGtNTjWNRfpJPA,1314,normal,0
bc1qpndx83q04avpkdsyzvcsucvytthmqpqwgpqa4g,1314,normal,0
1eCLvuncxg2DK24YqtJK32j3wTYCcRtM,1314,normal,0
1g1dPSLdGmn8ptre2LLdLh3NQ3353Drh,1314,normal,0
3tZs73mjKw8pDLHWHRhaDDBgtacVYUNJ,1315,normal,0
1bQQqmx8iFjFwvLCDbizNhnEn66Jh54u,1315,normal,0
1EbBcp6b5fnurGStDkPbqRw7BihRssTb,1315,normal,0
bc1q02s6vvfeljhtyqshsxukhsya6kh80f30rkmya4,1316,normal,0
bc1qxytg8egylnstwd23v3r5xax0jcdgr5llglgax0,1317,normal,0
1p4wJaETCG3kdXEfVZwQKDBTfk2n9sHQ,1317,normal,0
1b8cbBiyNUAwPK3ANuHtbicFHZSrxb8A,1318,normal,0
12gfNAwjKicfLMCxBSUYkSgUT2xgkNcg,1319,normal,0
3P2AhUoakkW3XRA18AquPdQZ6i2W89aC,1319,normal,0
1s6FkTkK96A5eYytoT3g7NqeQEx6BVXQ,1319,normal,0
1ftHnQE6xbr1Drqm8gdCk7Cz1u9dQnhD,1319,normal,0
1PRHsNwerJxvRWE3q64PT77mWoZQAgRU,1320,normal,0
1huTszd77ZtaaUEU1sCxhhfic3SCgRXB,1320,normal,0
1dAZfxiMCXyVHxYHZyiqKgzRHqG7j8FM,1320,normal,0
3SeDt7F94GS9sstMv9DXacjypAr6t4AE,1321,normal,0
bc1ql30svtstcvzc2tj9u29aek5kz68fatye40x9xj,1322,normal,0
1WEaFos7Ge1hyu8T47i2pMc6ksZWF2pU,1322,normal,0
3hXBh7Gxzv1JPAB5JPs6m2pnsrpG1ii5,1322,normal,0
1godfSzwzN8sNtFBNoKY345PZdpha5RC,1322,normal,0
15MhigqAMkvFwR4W93SYqzEX6XtYocGz,1323,normal,0
3pzQ8mw1cwyZgPvcGX77qsBcLTWM8cup,1323,normal,0
1NToVo69foRkPxBsLqP4Qe1XqXswejQx,1323,normal,0
1GN77BRQNTh1E3FoQiVSgAnKyrgNtWxL,1323,normal,0
1hpuvDghZWerRHHhhvp48YaNXZj56Beu,1324,normal,0
17VSz94bfCwMRiUKndTF9bdNeaCVcm2w,1324,normal,0
1fGVgF87xn1T43dLpoTm8JKAERNneif1,1325,normal,0
1WV9mKDPSJBsWNP3YN6jTbiNDfTbCYmH,1325,normal,0
3nN1NzohkPj6CN3eBVXTcUdx7xw144mC,1325,normal,0
1Yjnq56cUD7JrA2HCQfhZfLeoW4rt4c7,1326,normal,0
337cE5eezAN3WotZERpSiVdnThSAvAzi,1326,normal,0
1dBgV7pM1BfxjEow9qRNhzVGXLxUf8oC,1326,normal,0
1ToRjjdouLJ48YLNdrjZnCKwsn18AJGq,1326,normal,0
bc1q8tr5yyq39c9ulkj9ww2da94lqv833dguz9ya7a,1327,normal,0
13aTHKsqJzChPJorPxNvKGRhpiyEk6qk,1327,normal,0
1dPd4389iEovP26dgUATNw5mBrobYheE,1327,normal,0
1HFmHfZn7wfzMdRqRPhd73y3eD8qkyiE,1327,normal,0
3MR8DjPwFq7VBFeMwY1w6UKyJ4VCnNAa,1328,normal,0
1D2cEnzfJXoZevCWEYYqJ64XUkF742bP,1329,normal,0
3mzpH8VTrbTynd8fjcLpkQzfyHquNneY,1329,normal,0
1FafFeQo8xKdyFdmgbumVNwGW9wG8tvT,1330,normal,0
1Y1LR1m3hzHQKBVXhYv6e3a54jVAAeyL,1330,normal,0
1JiFcYxpYD3NMbBxmxzs2upSiSdHNnTn,1330,normal,0
3wyTBX3HnovMzbzi8SuiprjEyLBnb2ND,1331,normal,0
1JmsLCT4Ct8o4Yuw7snBC35JtMktL2mR,1331,normal,0
1LNmAV4Rd6oQVk5BiqVLJq6Wx8STrLob,1331,normal,0
3yDSenNQM4gMssCMzo7Cq7E1u5crzevV,1331,normal,0
3uN21goRgD7NetXB3wWguJhD6FhBhYAa,1332,normal,0
1xuXTLBjNiBrC1fKydVPGEjDVM4tPsUj,1332,normal,0
1MpWXGV4Sbuu5o7MYvFDA8ttn7TeQuZE,1332,normal,0
3diNn3RrRC4cn13n23niDTFpfdm6j5vk,1333,darknet_market,1
bc1qwxzymhfs0w58w8n9p0jhkzq5c85hgtn75s7azx,1333,darknet_market,1
bc1qh33qqcyjavkcwxjsvuutxy46pl3zpe7w923dtn,1333,darknet_market,1
bc1q7qgl8a78fu7sj5garh2u5nxu08kvr3mqq0x29v,1333,darknet_market,1
1HgzwrCMozpQ4DHPyCbsP2f39YdkF8j6,1333,darknet_market,1
1gosmrYdjc3ueWWHghZpKRDgVMfHabmC,1333,darknet_market,1
3J4ZZbf3qECvJeSXqeznFZGkQorYwRrS,1333,darknet_market,1
1SEbxu2crCDt5kj7BFArF42fjb6wL6oT,1334,ransomware,1
3ZxWajtt7aoLPNRVAbmdToYjD1bXsUrd,1334,ransomware,1
1WeomZi3RxuXS9cTpjkm6s7ACf97odCT,1334,ransomware,1
1ksBwVMWnNBVkg3Fr9kfum8idfn6UfZn,1335,normal,0
125DjaMU38MbUfWTKBf4dtQd2BD1MYFh,1335,normal,0
1NrYiQKrDoDQvJW2NGJWQx1abFaUsALg,1335,normal,0
3Byb5cM8GWePwaSkupaXX1MUMeutduGq,1336,normal,0
bc1qh9a0e0q5ef5rh5wrmj5trkz58nm4af7rtqkjyx,1336,normal,0
17c2vMoNqBAf4T3nEXHveAbru9dTvwwg,1336,normal,0
bc1q38u33ymc8e9cd88j6wqmtchl7zwq6v9xvwenmr,1336,normal,0
1RLWMwmrarZDKFQw6VjPKKp8Uu6g2L4S,1337,normal,0
11g4pp13q1599HhVRpJEDV8ZF5e2RZmh,1337,normal,0
1YiQQWE6zFXbPUCLziFTqD1LWiob6K9t,1337,normal,0
1g3xdGUgkpii7aBf6MHSjeVfuYNwam9y,1338,normal,0
1jKNiFLv9WpGoUdomxDrPNNz97CkQo3d,1338,normal,0
15fvy1Hceg6vWktJ6ebzsBc4CT6pRokr,1339,normal,0
1gsXRmUspSwE4kfSaCNS75tk3j2hK9U9,1340,normal,0
1iy1is7dfWUd9waHBfPJeNRnDQyox31F,1340,normal,0
bc1qqcly4krrdpyzl0ymnpj08crtz84ezxw3f0274w,1341,normal,0
3E3Q5nbTkCWVEH1UdZxkMFiD5tor2k6M,1341,normal,0
3zztRWx6GF64d2EXYcBtAVEm1b8GURLz,1341,normal,0
1ytzTc4yAQeuDiBFLfeAq38dfnpPw4D3,1341,normal,0
bc1q9r50fwxaxvfdlpwljgdhxml4955lk7x6c58ea6,1342,normal,0
bc1qqqe5v85a2m2y3y3y0vg9eauuwm04zgk9w3fge6,1342,normal,0
1vYyWi2Z7PjFWuqS3Lct9ufUPvCnZJW6,1343,normal,0
1Dji8iREk9Q4tK3fufmtkE1muSXtEhc2,1343,normal,0
bc1qea6thx97lk84qq2lgrec2yud2uh5w99s69lx2y,1343,normal,0
1BFQvW2QMJY8mKEwuyGzPueiXZ4jHGBJ,1343,normal,0
bc1q8869calc7aulepzdl4q9s3vnzyswuej73upqdw,1344,scam,1
bc1qcsmwkhpddxvdfy633fnfk0uv55j2hg6w39s0ry,1344,scam,1
1VbCrBrBmjiruN7oGN21XbWFEMzKtbCv,1344,scam,1
15kVqYFgcXqDFTFTumrhyRNMmXHaZwzq,1344,scam,1
1CiziRqVHRq7qEdVU52vb5NKakrzSQhz,1344,scam,1
bc1q6k6xuwcx9p323s9vcx28djrqzdqnmwha0h7smf,1344,scam,1
3MoC1Boe1HqcnYCkJwrHTYYY5nmNdsZS,1344,scam,1
bc1q3x0gduwgxppzjyszjx20xpjg24znwa57te36we,1345,normal,0
3TJoW4oxV6EmNKUFk5BwjtAvjz8Xdanb,1346,normal,0
1AXBKG6rPtstGZ6htpN4hKPQJctHJYRD,1346,normal,0
1RQgGk6WAZAqbbWNgwQbezsQkpJsr5Bw,1347,normal,0
bc1q5ldxpddzx88ecmzyzmlu59t6nqgg4q43huc3q6,1347,normal,0
3iSi3FZb7oR8XxUVdL9sB4n2rKQYJt3K,1347,normal,0
1GrXM9PipCf7Hst4rLmKEpVzXHyd5tUf,1348,normal,0
1yXGHsscqeE2qwmboap3gJH1bkEHo5y3,1348,normal,0
1fApfsqyUCjyUcvg8hpn56dk5bMSYWxM,1348,normal,0
1Z5vvnqm8to9Xn9PWUVcMyfeWUCoZgsJ,1349,normal,0
1ZoZ9FekC7HTJRcnxJwkuivBxdXwS2u4,1350,normal,0
1M3PWyiraiAg7yF8qeF31e6FCfmqX8YF,1350,normal,0
3E7UNxL2gapWCruG7scCFPYn6N71UxgV,1350,normal,0
1Rtt2qPFRYkaTeYFR8qHMcyWNv5bhyqL,1351,normal,0
1mKez5jfw6PmjXnd4Gkigr6QaZBhW65s,1351,normal,0
16Pz7Et817zsJ3NVoJVRsv9f9Lo1dNiM,1351,normal,0
3CEnre36dZjiiZX6BMSyxkH4Zpfo4Z1C,1352,normal,0
1RpDoYfm5qPgPmhdJoxiksAEozvuT6fB,1353,normal,0
bc1qjze5fxtqj82kxg9cghyw0cmm5kv068jlz2d38z,1354,normal,0
1cD1Wg7jAwV4L67D6uij7k6Zxidc5T7F,1354,normal,0
1e1YQyX4Ke8KNfrhJbTTb6ksheVDrYUi,1354,normal,0
31hVVz5AaNd56gPwsjZKUdPoseWfwduj,1355,normal,0
1m7KCDSrGF2V7HtS8a46GPhTwKjNHUBf,1355,normal,0
11zLmuLxBfo7ZLgud564aD7wcNjhEg7M,1355,normal,0
bc1qakupethanc8yptgvw5svq88aafc9r065wy3pnt,1355,normal,0
bc1qaehhdxkm8dsvlyz5pagzsatlmqpt2lmmxfka0r,1356,normal,0
3C3HFqrVBKSHgrbYLyWB5FY9KXTAUchv,1357,normal,0
1pYemeLwL9F65rFp9oK1vqfnKCp8M3Np,1357,normal,0
11VKSE7d8RRRsw8CZvVWUbszsxgA76gk,1357,normal,0
bc1qfe2pyrvest5u8skj2d4ny9rdc5pytqglskq5ry,1357,normal,0
1RdxE6W4peZqcoKLiuMDAvDHZWFxFM2L,1358,normal,0
3GasPoCUoV1jX3zhd6jkbNhhWW7L5zpm,1359,normal,0
bc1qq4zzmkn7hqpaq40nqyhms0h8yzq4rktt00h2fe,1359,normal,0
1TmGD1GNSuUzDeXK82qCGtuiP4wwLFLF,1359,normal,0
16RpjPhiNBfWqEqPLEDiu9jGpuKXVwit,1359,normal,0
bc1qqpwas6s92l2yvjx9ha70aq93z4uctqvazl8u68,1360,normal,0
1xWMqG5DGn2C3xW2S17VBrJNqPRAkXbJ,1360,normal,0
1kezWzWDpvZKxYiXrvZf46brMzk6Gv6W,1360,normal,0
1AFxee6PZBTdV9FKRP3r4K2zE2BAzXsh,1360,normal,0
18y6CNaUhMCSwVK5SoSPeh3omnz8T86E,1361,normal,0
1sLTvZPtjRzdHrxrNeqb4T7WRGmz9TKz,1361,normal,0
1yawGEii2KkBP8N4JX1cNgkba26uk9gc,1361,normal,0
1jVGxJ731PzSQeTyaAXBwmwLWtF8JkCk,1361,normal,0
1zw5JRxinQTou9AhwynuXPgx7AJKqFEC,1362,normal,0
1yPLtHkcvLKcrik9RrjsceL3LaYZ6zq9,1362,normal,0
bc1q80m75d0hm49crdnvswg8h7sml2fqyygrn4ev3m,1362,normal,0
bc1q8u2uwg5pmneak0fl367wup9lr6v0teh35sd6dn,1363,normal,0
3qeFo4XDJjNAPGRTAKoZ3wM1GPkewQR4,1363,normal,0
1RFPipG3Uj2k2Hs5p4yjSRKgtN1iZuuH,1363,normal,0
1x2wSNdrHfQL1Ahd8oMVNsvFHWvpkt1o,1364,normal,0
bc1qt2ym5sxqdast9syqslemhhrm0c3qkvluyq6gqg,1365,normal,0
3LEufU4Jd31qYqd7YTzVGvrjLrDNAfvt,1365,normal,0
1MLdGXHNdUVSXLCywiQNyLtdy5Sz7PQc,1366,normal,0
1MoSit3fsf9QBtzkM15uj3f1M5nMq3Y9,1367,normal,0
3B24XiJQs2mkSsHNKAywPeLUoQLkeajj,1367,normal,0
1DZLLSfyo5Lxj4m8pCYru1kpBpmpCav9,1367,normal,0
3TtJF9SNJEcZR4FBftN4YZjFSaTVG4VA,1368,normal,0
bc1q37xxq5da403geak28xlrgqgpgctapc0tr7a5k3,1368,normal,0
14epovmXzD1TPspi53tAFkYS6e1ibez6,1368,normal,0
bc1qvz6ujc75sfaj23dt82uhlm645958dpxyzaq0dv,1368,normal,0
1a8MKa5GnQ1xVWxCsP8gaBJf41bz6Taf,1369,normal,0
1Vwf8UeSoJWKFgMbAbQrM7YdCcV21Z5s,1370,normal,0
1rhmRuqapM2PyuXvqqwUGz4zyCFPGLe9,1371,mixer,0
3941QfRzWRepmBfi6NcHqzLMHiVgw7E1,1371,mixer,0
1D2SnHuqmD84Ncog1UNRcnfuhhMS6rLz,1371,mixer,0
3Fbnfxiryp89cU3XnvWPeEYb1X91hRhW,1371,mixer,0
bc1q6mk95e3hcl07c7s7hh6lef2nw23rqwup9rrjlv,1371,mixer,0
1zyRjzFJ9j9H3GYeAiXNjiFHAxKQs7Eg,1371,mixer,0
1a4cSzXASPAxPmGpBkGcQuZxZB41S2WY,1371,mixer,0
1AFyE3tesYvaqZTCVbh5cHFF6Sg5u7Go,1371,mixer,0
1vsst54WmPtjPL9dMQQWhCjEgmfqA8HL,1371,mixer,0
1941XufMrxBbZTq5K7MATjjkJmxLyFR3,1371,mixer,0
18nHLPxumv2qsusteJvrAYKc4eLkL3oC,1371,mixer,0
1xEvLU4Vv5JnUSXt3xB8YL9Npv2Lb6rE,1371,mixer,0
1fHSEQEhpj1Q3nPUduTJtAvN7Jhr77ws,1371,mixer,0
16xDBnPPzM7bo3VGo6Y5NLxhG4he4LR8,1371,mixer,0
1PPhZVAttbua1WVNH6aX13y5ob4pSQAS,1371,mixer,0
1Zd28UTYjrx6PxNS6J5xorRHNuYHBMtX,1371,mixer,0
1YBjR6wEJZvgTJHU5Fmd2YnTmKGDq1X8,1371,mixer,0
1at6PRWCENziR7oexCNh89ugmtkW3kqT,1371,mixer,0
1m8zWr3WRkzFYG5qWSSjUNQC4ZbEqCDy,1371,mixer,0
3R7UipurJMcoq2PefuqBxTMDy2jQFS9E,1371,mixer,0
1ed4GK2JJqjhe8KXMJ6xH1UJ3yBxoSCU,1371,mixer,0
1RvzS1G1VQ2tLca1uz3KE54Q9ScjWm2U,1371,mixer,0
3hmK7c75qC6gk1qwc59NDKTgKcNb1Wm5,1371,mixer,0
1vf8QGbUsaWpAZWBv57QUYrrDdMVXZ8B,1371,mixer,0
179PakANsMRZdzpqPsvGLb8hHv6V9B3G,1371,mixer,0
1sUJJxBpJjwyeYEZRkGq7tQ7n15HheGN,1371,mixer,0
1cbqgsBPYcN4SD8NGhT3zGr3ZWFDUFGr,1371,mixer,0
bc1q69w3r4nhzvqsz84y67hgmq8zmwg8xsz253udwa,1371,mixer,0
1mTLGrJZkdDUxttGAxEm5JQPCBbT2Fbu,1371,mixer,0
1fuVpHngUzjCHjCbPKx2x2SZxSxRt6aK,1371,mixer,0
1RFjHeEcdNaqumkMBqxJYaFg6mvnrZZ6,1371,mixer,0
1qBxXnpf8gwnX3nYJRyEAHUpbXineWiG,1371,mixer,0
bc1qmj2vknvqwf2pzrxmayrq4zayatjqmkfwu4ew9m,1371,mixer,0
1YgyzV8MqNemGrxUJ4TXuKK6bYjTXK1q,1371,mixer,0
119byAyuesUaecaQrAdk51zHYNUrdQjg,1371,mixer,0
1tmCkgDsak5qfkgCJCwc32rwDunDNQmS,1371,mixer,0
1BkpBHj1nEQm6RvnEBzKUDy1Jbe7nGJ4,1371,mixer,0
bc1qxg9v9ng97ejd3gzk2t7dqjkh33rctt3f2n36xk,1371,mixer,0
3yHUp3WTbZfff5T5ZjnJUdSsyhyLhQeB,1371,mixer,0
3TpvkBa6ji6z5UaEKJVLTDysmvj47Gq5,1371,mixer,0
bc1qlyukaalsdp60r920ecpguc5gt3xl9suykfqzs5,1371,mixer,0
1MN1tLP8ecP5DnayCYYPthKANAob1Dcw,1371,mixer,0
bc1qnggn0kas53rdjej9qd8g89r8l26a0wt58uyuvv,1371,mixer,0
bc1qpghga78vrmv49h8lmcjpwwj4nq90fr89mwc2hh,1371,mixer,0
1rwt3DRy42xhsi9DEBFvxfk39SxBgsa7,1371,mixer,0
1k3XG95jKvJivTY4vJYtRmN9ENgrCGdn,1371,mixer,0
1g94D3nhRRXJexRbosHQkuywCnbQrsgS,1371,mixer,0
1nweU416tsEVNKaE18SDnhkaxFcuTC6w,1371,mixer,0
39y9opwNMyTurXMACLUqWvQfGggwmRPP,1371,mixer,0
3wo6PEE6b1tzykajnujtd4UFvk2uYKdF,1371,mixer,0
14b6px7hyKk4WMSDpjdKwVNSZtqEqcgJ,1371,mixer,0
1WEbK5Hg11wNRFQU6dTviPn9RGE4gjn7,1371,mixer,0
12z9YapzurUhPXfxzaYwFH2dmU2ic3it,1371,mixer,0
1MzvuosT2DJEVqoRYGxSb5rSvV6WdKEn,1371,mixer,0
18N6xpnH2uLG1zEubfVUHFcQgkFVDTXw,1371,mixer,0
194aYtuCSZKsH18yCJmHZCyrHcnfmR6n,1371,mixer,0
bc1q00puv34uu8eywrq4jttyvyfsreqxtm82252gqs,1371,mixer,0
38pYWEuqDg9E5WA4pqLJ1uFGgtEYLRbA,1371,mixer,0
1vZG7ebGH2jJYEeCTaXMxKj2ydMchsft,1371,mixer,0
18kVxe9wwFDQGXR4d1oT9VyMDt1pCicb,1371,mixer,0
3DN4LEzyD9q9St31whnpsVXdSyrTRUvs,1371,mixer,0
3sgxNfXpMh1CNHtg7QVXBER1ffN1UCkp,1371,mixer,0
348BgEK6kU2JvBSFKxD3XzBiDWJ9WszL,1371,mixer,0
1KYjioHYTUaFxMV6dPE8LCLMkM6sgnwc,1371,mixer,0
1iv5s9VpQ6gwGapJNaoiJDQtDoc7hcyP,1371,mixer,0
1bW7GHx3LRtkcGqDk7knaqVSoFNPzr6H,1371,mixer,0
3cvJy8MWyWQzoYohAFAkFYa3tm4UkLyH,1371,mixer,0
bc1qaz5nqul9h4remjeqcz7938ar8hg4zr93rvqn4k,1372,normal,0
1s8G7SqNmu5gxKeEGUMeuzpjnCz4ES5c,1373,normal,0
3JXrCKUoktE5cvK6a1NLaY7EEM2sXQVD,1374,darknet_market,1
35E33P8ymu1DfqYFHw1nf1BLNuzfGXJg,1374,darknet_market,1
bc1q2rf0tst4mwuhtvawj98vms034jveynggfkvrq3,1374,darknet_market,1
11wiJ3TjFRU3Y8hBxjVkcoxkkq8EYi2F,1374,darknet_market,1
33QHxJTENRTqxFGtjxbNT4TyiQDoTdBp,1374,darknet_market,1
17d5oF62kbz2oyzvxttA3Qa8kihKPrkt,1374,darknet_market,1
1PRn6QRY3ownVkLiPky1rVZT9yAcW167,1374,darknet_market,1
bc1qfrmz4u22c4knctw6ekfty483gjjxcvyunhvplx,1374,darknet_market,1
bc1q2ssqxlcdz27qysvptu72gcpfqkzh0l4f8twhny,1374,darknet_market,1
12JsLwqrFqt8569Hsb3MV75arxNHFTuT,1374,darknet_market,1
1LUJGbfb5AyDaptCk39RyLJD2b3tKwVX,1374,darknet_market,1
bc1qyua5dcx8h288u35v4nrlrxnx533g4huluy0tk6,1374,darknet_market,1
1wD5aUNAwJFiWyktxLkU521kgHH3f1iL,1374,darknet_market,1
127UabFuq4ywyQZNbMZdgK8L6jQneJT9,1374,darknet_market,1
1egw3xHszDVCUF2P7NiBtwtKH9UJtEgj,1374,darknet_market,1
3M9qZ8opus8pJQuLE2jc1S59xgebcNUP,1374,darknet_market,1
3eKdsuGiUnVnTcU7Dj5AQx2soZrTKFbC,1375,normal,0
1oQ9jSrJioGoQUA27WfUBLH6KYUWoMoK,1375,normal,0
bc1qkaq6euyrd6dl60520d29tqh4z2yf7u749y0exh,1375,normal,0
3rDWizu5yrx9a1qr2eA1VXeANFnrQUN2,1375,normal,0
1wD9C1wT9DoY9J2ZScmdhjq3YRSKyVNi,1376,normal,0
bc1qw7ks84l5agla9rpkf9p8lcawkxkr9v7kwrvd9g,1377,normal,0
3Zz2M6Um5bqJZGaSPo3dgjub8TjwE5np,1377,normal,0
13wsPudPrSJW8ZNVELLh3uLz2vr5j3yd,1377,normal,0
1SUcHsnKshdWakkawhVeepNzat5oJ1xK,1378,normal,0
3bdD5WjpCTdFqPB385yzsfPPqG1kMT5Y,1378,normal,0
3QfhrdLrxDJBiWSdHa5R4wgoiPf4amGf,1378,normal,0
1vVZet758hqpywshdooSpudXPF4yKF1D,1378,normal,0
198X1DPNjWaA46YnL4PmNdxKsF1TLKdm,1379,normal,0
11XdzkXFvp7eEEtSNJ6ib9vubbkQpa2W,1379,normal,0
3ajYCHoBTt5Uu7PMY9bsrtjq87VgBKZ3,1380,normal,0
3aM8sqEB7WTVDK92VraMJZ89BWDmbufJ,1381,normal,0
14jpUBgdRmwgMGuaB1XijsZ4Nxa9ZqmZ,1381,normal,0
bc1q2ee5yw2q92cvwcrnjkardq4cgwukdkqem7ej54,1381,normal,0
36V8rbgqJjAkaGFXziPBUJsX1fr8WwYo,1381,normal,0
1ttpoAg1YjGtZ3uRT462D945WEKRe3JH,1382,normal,0
bc1qjhda9ewh5xxtlfyvs83hlthkuv6gq0ezzngh6x,1382,normal,0
3yEzxctT5RpYa6tVTnTHzzpzW7MX5Hff,1382,normal,0
18vCmfuqMza8Bgi9nfBpkF553epAUQJX,1382,normal,0
bc1q4v0ryhjzql5ge2r2x4x944x4kc9y5ul0zr6u00,1383,launderer,1
bc1qnyvj7z356hk5czsc7swvkn862w8ffe7lg4wtxp,1383,launderer,1
bc1qdu30pj7zw0lf0ean9gqf09j27p9hg439fh2zpn,1383,launderer,1
1Q3efBPDsdEEPw975y8v5Y7QRCRuGCBn,1383,launderer,1
bc1q0tzeqjy6cazdsg5j5jmhynwjlvayd07arm97va,1383,launderer,1
bc1q9gdh26u9znaj4wqwhp5h77jtuekjrq2qmracq4,1383,launderer,1
1jGo8CDjLz9zbsAR3LM22wW6bMzgB5f2,1383,launderer,1
16p6RkgXJG5khiteyzB3M6MmnZD7ccir,1383,launderer,1
1mMKC1zuwRu1TUiYyabp3YBeBGBDruWd,1383,launderer,1
3wvZ277zuCJtZV5QsuNRwxGajkmj26tM,1383,launderer,1
3oTwSYFupj8TaB87gsLiu6fBZ6kumpyi,1383,launderer,1
1ffhR12KLgunWn9771YCPW1UC74KMESx,1383,launderer,1
1iMjAKUbXSNJPoG2sY2VuqHLfydDAN8U,1383,launderer,1
1Hx9TRq1D3Kt5iHgknN1mwp4ngF6YSZJ,1383,launderer,1
18k9BQMmcHJQ8eXsCLevQuf4GZtLGxnj,1384,ransomware,1
bc1q3247y8ynlze2tqmqcu4ydl377ldpu45ze6cek0,1384,ransomware,1
3Ax8G973zsLtB6RGJ2KfATzE2hWJVViL,1384,ransomware,1
bc1qnztjtfqkr9hqy5sftda3u6xc4wa4gqy4lsgjk7,1384,ransomware,1
1EXzK8sErs2SHMuzsRMHjdqEJtoqK6yX,1384,ransomware,1
15PmT779AGqpNAtss59Co2KZjnzT2hK9,1384,ransomware,1
1ABHPKYpWg6VKscH5BYLDqDcCFutJebZ,1384,ransomware,1
3mR7YgjiKyqgpAimn9UxzapsHxqQxyhX,1384,ransomware,1
1eWX84PJ21HQRjjrjg9kbm8xrUVdbJRG,1384,ransomware,1
bc1qz7san2xeewt6hylsqlmrv6uld2ukpdcz8cnkdg,1385,normal,0
3omjXecSFcxHotWygbMRZJd5bNv2tMWE,1385,normal,0
3FdWT6Djyy4X2TMMreCMoAoiRW4kJfqK,1385,normal,0
1zc3KR7SK5oXBXA3nsDn1jXgD4fHGjo2,1385,normal,0
3jxJb7TqJ5PpUJvY4TqRFuBjQ8StRyyW,1386,normal,0
3ciAqxZh2AcSmjxuevQADSwnckPFbCb8,1386,normal,0
1zuUkpJ2KRAcPq5s4897qNww9BB1EH2j,1387,normal,0
1DdkniQvbiZoBMV7CsbfcUG2K4N5ngfL,1387,normal,0
1VSzHBHeNvg3fZUgfFDEWevo2sMSWbKh,1387,normal,0
3DiXC1we9PZ5nPSGmiPcC3JZN37sWJV2,1387,normal,0
1SSga2iNCWY9Z2NB1dLZspZQBGGsdajV,1388,normal,0
bc1q9e526md7v74aty4sll36ydmacrll9dq04sjhna,1388,normal,0
1CFVp5A1vSKrBQRsPTrvSGZmiCVxcAv8,1388,normal,0
1rhuKTbd4GQwUp7bthaLJfH6pxc1oBeo,1389,normal,0
3yG9xqtv4qirnH1MSEQkT96bGuXdyHV3,1389,normal,0
bc1q2vtqc852kyagxxgqyjeprserugq5y4s38urapa,1390,normal,0
16Hy1WHtdZattohU4aw588cJ7PfhAJgu,1391,normal,0
16W1dC3z7nXwYUuFatCowjFGmP1XytyL,1391,normal,0
1ZWJdwAFKiyodDz64wmqtquUVHWbRad4,1391,normal,0
1CNv5BTenkYzZkGKSvnczM35WZm8p61C,1392,normal,0
3UMdKa5GeoYXVDybkBLU4bow7JyHzneR,1392,normal,0
3BptAy7xk5u6BJnmNHrvFa9gVVfek8wj,1393,normal,0
3u4cjW92LyjwRG1hThZ9YBwWD9DK86DF,1394,normal,0
3DarXhrisf3dS4NCce7ZcYyjz12FR6g8,1395,normal,0
3ovhEvQzG3oNvkWZLrt1UhC47r36QAwL,1395,normal,0
1g3e9qQ22ALV8LChBDtoMyXvUsdemHer,1396,normal,0
3Uc1qUu7gAaWFxYrEK7SxgHMDCo8AWPG,1396,normal,0
1kpTidCqencw8N8kZxPREqKpQQwHqTR4,1396,normal,0
bc1qwc0ssuzcpp6d8695433k0g4n7mut83mpqpe6y7,1397,normal,0
1NwNGBJr5nnndcY1LVsfM3HRF6wfG7N4,1397,normal,0
1xdFxJP1TM2ArHvaAbHFZRrTM4Bzowcv,1397,normal,0
1Wo2jqVG8vffmWxdeFP1tMxnW2x4Sdwj,1398,normal,0
1DsFtC4EbEvRn3sTo1bABP4BdQ1TQkbR,1398,normal,0
1pkZEjbtfZQ4ZH9PtbHWDK6orcDZpeo9,1398,normal,0
14u1nYZ3SLEpwY3EuJECZSPr8Q9Ly9B9,1398,normal,0
1GH4cJ29A9nNt2QDejNtNRoD2dHrynKw,1399,normal,0
15Hnvo61ZSk5aeju19GRbTUmLLT2sUZ6,1399,normal,0
1XM4e43wCmNG3GHncjAbFz74XSv7HQxY,1400,normal,0
1G92H1VoHf1EfvKBvAfXawQnNKisGcSH,1400,normal,0
1WPoiUQQmvf1X2TTYHhbV5DEYwQkhQPa,1401,normal,0
1wzsecHrQKdcWrj56wyGSXvMtBNNvt7c,1401,normal,0
16qNKyAXfKRkzEy1ZKUy9WCtYgdM4pvE,1401,normal,0
16B4iACawFwqf6SN84EE5hLrj3MePE7k,1401,normal,0
3qQH1nW5VHAbLAa8phnMJHxFw5UZ4GBy,1402,darknet_market,1
bc1q4sst8ekhjkwjnhw5w6vmv0uwzd0nxmt6f9268s,1402,darknet_market,1
bc1qm9q348e4l4gdkqk58xd2skq5rrswlnznklw0p2,1402,darknet_market,1
3eyGgDeeeigwSEyWrLcwnHJxZyd97wD1,1402,darknet_market,1
bc1q9av8c9ww9ttuhkfzqccf7sva74kedguvf7j60y,1402,darknet_market,1
3oo2HsNmqZKqHCx8ZQEaLiwPiLad16QJ,1402,darknet_market,1
1K2tUuRHtvhv5w9QU45VfuaS2y1riv9a,1402,darknet_market,1
3kgP3HeChCDGFcibfPPs9H5ii8q2k3xM,1402,darknet_market,1
1eUJ5BwpcmWN4CMa4XzPJNSCQ4mBKAvi,1402,darknet_market,1
1xgAiSQE5dyPt1JLtBQFp1YSbRG7u5Cq,1402,darknet_market,1
3EZvY4ctRgZwVCDRAPSfpA4mmJi593HB,1402,darknet_market,1
1G1N6hLR3kBo89WvY13xkfUcLuXX64Tz,1402,darknet_market,1
3SorqHryJ8BRqmrqhYK545DBDaVgx1Dx,1402,darknet_market,1
1HvDbaTizuHPWpoau485p8HnwhwCmuNd,1402,darknet_market,1
1kgta4pYuqyAfXcTC1RuSRWC2KozHBy4,1402,darknet_market,1
1D7QiRKiHeACTscHa8Swx6aBP3unrx5a,1402,darknet_market,1
1xdWyfsqwQoAKrmEwzv4oJzD1Fc4b2mP,1403,normal,0
bc1q58jft2zef30qu4vtdy5s2q2993awgl32x3gz5h,1404,normal,0
1SHS3LqxCETui56g9qorYmL68jfjcsRk,1405,normal,0
3JrgJfeLDH4ZL8ZEzmrrxjKff2tVmHgj,1405,normal,0
3BTEhK4gxwSGBbFEM6rHueveYtoKSKC8,1405,normal,0
bc1qfu24g9hdaekhrcl3vmvmtz6jtnmcrx5wryas24,1405,normal,0
1arwFMSetru8fTDYHGK5JnuCZquaHior,1406,ransomware,1
3hLDBaPhkTEvhJfY9SkbyQx9Xg7SWEe3,1406,ransomware,1
bc1qk28uxqrpf0eh2k2ywd0nue8hwgnpnsvkfqlf30,1406,ransomware,1
12FY4dykrdRckc7cQy7bsxX8QGKuUYH9,1406,ransomware,1
1rUBxxarABYa34dnXXqEx7ZS7uNMAzeV,1406,ransomware,1
1NBpNJzW79s6bvdw8BhxVpiCSnrpurjo,1406,ransomware,1
3Cf2ySvC6CZn42ztBJfRmWrczr8zaUD4,1406,ransomware,1
19XTfqnx4UXJchkbhECR5kKN9j6rbeu8,1406,ransomware,1
3Zvs13JJngHxHHyDp795MLuCdqFTdSa5,1407,normal,0
bc1qzpuemhn3zntvvdehencppyr7d7ydj3ns2c3uyj,1407,normal,0
128QyYN1zKAwCiJsjJYzNwKiqagNBoVK,1407,normal,0
bc1q8nug9k2q624lx5rvygc9tmfjv4c5lgms2zrycn,1407,normal,0
bc1qajn0wtcdhnyjev8np7ldcq6fq9ms2qnya8t55y,1408,normal,0
1VkzuCJqhB12Tfgx6t2ZeFKNfWZpYZRA,1409,normal,0
1hZSNRzp2aTi3dxKm3ES7x2N7CSVBFXb,1409,normal,0
12Dbs4TMyXEEV8GhM1kNAdJVSiHaF6G1,1409,normal,0
1i1WNjx1MHV2dS7dNbBHfXNAgcY144dw,1409,normal,0
19oSQi5KBC1ax2WGgWYTtaKrsXYR64hh,1410,normal,0
1GYkr2SprE9qzYU6Q2wYsDdBRcQHq3FM,1411,scam,1
3DrNmZrXgAAqZ6RN1auUrE7F31YqTnGF,1411,scam,1
3Tvu7jwp7bXQWhWeDBm8UZ6ULpU9UhNi,1411,scam,1
3QTzSa9zWN1uNE6J6vVHHviBVrfTgnNq,1412,normal,0
1hmqXASQqz63eXimgbakx4GcXtwQ2xm5,1412,normal,0
19vXjpLdcrqrJWNEbwHvwDEGH6pqS2BP,1412,normal,0
1f6nrBvsBUZvT8jtuZTKmW6d9yxEbdCa,1413,exchange,0
3ZnjVuBQQ7QQQTuyCBqGgMqAVBi5RpVW,1413,exchange,0
1jUw1nNZwut6JLT2vpCd9y82sjuByE5H,1413,exchange,0
1ZubvC23FKJ5GCJUjJC1oamjUk5oRXtw,1413,exchange,0
1uF9tNeDVrtNESi4NWrnYeDYUFB37NhM,1413,exchange,0
3fuzXT3Mxmhd8VDCxNKGB3PeJrPTyX3n,1413,exchange,0
1YcRB86S9Bvvj78n7Pq5Mo5naWDBqLFa,1413,exchange,0
3x6jAwjN345aewFysoh7X8V576C3coMt,1413,exchange,0
3QhtQxSGxYfRQw5TAEiCK4QSp63HFF8W,1413,exchange,0
3EpJD8AxZX119EToeancfvAUtdyA1DUB,1413,exchange,0
1AmwgUV1ZTXDRp6hwd2u1f3TtKEbYwHa,1413,exchange,0
1hvH6rxsrPzDpVbL8STpDPrbdXXGDYYr,1413,exchange,0
bc1q3rwmfcns6mc7zzllstv5qx4crxftvrdwjymjm8,1413,exchange,0
1A7LZsnripwr7Qeu3JVeq43SzoxHC1ny,1413,exchange,0
1MdDZSWUY3epTocSAmwegxcYRwYUCuPy,1413,exchange,0
bc1qvs8m8dkspn68p909zj3ttzwn9dxgep9kq4k29f,1413,exchange,0
3Vu94AN5yA9JjvB3egovEB3Ao7vzXDsW,1413,exchange,0
bc1qlude66c82q88xlq6fysdzyhete7pyx98fhrkj8,1413,exchange,0
bc1qhgns09x9fk578a9ng298grpdrm0ky7wem5df7k,1413,exchange,0
3fppALxjyvVoHAhxs2opk9siruH2qvKV,1413,exchange,0
bc1q39zyxnxs87wm4q5ledk707dw5tp96na956h5zw,1413,exchange,0
3a6HirGhTzuu3SnFP37gn7U5sY6Dyu6c,1413,exchange,0
3VhpTmXDPJNKYhXDDDwhgf3pxKngmpVn,1413,exchange,0
1fB7EEbswv2RiY1bFhCY1K3XG3xa7X8W,1413,exchange,0
3csGvAhm14PVe1ANnZ9EoUbRGdffFYwL,1413,exchange,0
31WhyUYECpM71cy1Ws7SrbhQEKk9kvUP,1413,exchange,0
1AQkNjaFUFvBDKbMT8aZj2xsAfLvouJQ,1413,exchange,0
12Gbw6T6hYy99cnCDCHW5sxVLrCsDPyq,1413,exchange,0
bc1q3xwyu87772gl27hemu60q038hglxqrp4qt9r6z,1413,exchange,0
1syUgCwzzij6f9za8GhssJ6sSS3QrFK7,1413,exchange,0
15dzC7pssyaWdYnMGWALCqHRKjdxHkts,1413,exchange,0
1N4nY3C1rzXLPYqtEaAf7scEcAV2ZsDr,1413,exchange,0
1xSsG7Brdf8wVyuTeqyqgearNKA5N6hq,1413,exchange,0
1jEf5wzLgqRyum7q9VmJHP1Jvm8pEfhy,1413,exchange,0
1ivhiq8Mfp3PVKsivW1AND5LEoUwmeeA,1413,exchange,0
1sTjXbTG3MtZX51N58gEDFtAG7ZV5oke,1413,exchange,0
12YWiicYEGQVHt13CLYopq6AfiWvycXw,1413,exchange,0
1NYP5hXKSV6CQZFNp8cu246AmmhRAuGS,1413,exchange,0
1zFB4Pm7AjMGJjJnPzBcbeBF2N2c4vjW,1413,exchange,0
bc1qlj7ckzp8ezqt6g2h9dn2ddqsqakfs00p6cw64q,1413,exchange,0
3SxSEa5CekLwF3stPPWcrBvfrG3NzuLQ,1413,exchange,0
3zMK9iVRUoxhpkqYSBeUmibjRq5TmeCZ,1413,exchange,0
38LsqMantyt44UBEwZmAZTuUnLThG5of,1413,exchange,0
1ezvSCLwkZyzvoTiFEkze8En1Ze6ywTM,1413,exchange,0
1cQPRMrJ3smDb7szTQhDt13tpddGGN9j,1413,exchange,0
bc1q83chl4l2ggu7htznxsxhvrkvy6d5ge0ckfeenh,1413,exchange,0
3tBmfXpXuiQ3qaFdYdfbv4sXnLLNZNcq,1413,exchange,0
1UUt8cpoiGNnv4xRAPc7Yi8iqefjgweX,1413,exchange,0
3Bqrf4tyVffsLAgKH6x1PMSq1e6mAo4f,1413,exchange,0
1FDkw74gNwSBunNib5BCPquvbjfYspap,1413,exchange,0
3GGtuqG92hdPh8X4wumdrJvVhRKWJzch,1413,exchange,0
1ZRfcWkdghBuZ2RrCGcdHAzPpdDSB5xc,1413,exchange,0
bc1qya432ycv90u5a4uklv72grraj3zqgfqcsx9y6k,1413,exchange,0
bc1qgrc3gycf62wdnwmy23a8l4memw3dakmzfucfdp,1413,exchange,0
333CvNEG5nwDkD7U7s4kgXWAy4Lr8iSh,1413,exchange,0
1q2cKzAWgdMSjgmvZbAMuVuPiB9DZUMg,1413,exchange,0
bc1q8r930yx6xwedc032gswpj8gga7e46d7fygkqk9,1413,exchange,0
37cz8EHJ64XzgyRubAUkzPSYGpDpB4eP,1413,exchange,0
1gz9fsVkJpD9rcthJ4ePfz2uNeR18zmD,1413,exchange,0
1gALzXucti5ss3AQYsyaajyhHvBDxa1b,1413,exchange,0
1mrMYAXUmwpdd3Z9VDyHCBfgMiJU1vJd,1413,exchange,0
397Pi6qtiAEbcrno1giR59q9CBpjmmyy,1413,exchange,0
bc1qlcy3sv5kfv2zm5t8j5zyqrsz7ln8vuf60pkd8n,1413,exchange,0
1nRqCLnASfYviLenRrULb5U1E8t6KYbx,1413,exchange,0
1GxLnJPhmtdu6cMvBbP6V5dPASGEZzjK,1413,exchange,0
1vBvcVT5tykR7M46eJ7oQnu7NCFQ2V2v,1413,exchange,0
bc1qzr3q5teftgnr33kx6m02psmmn8t2fxz9ase6u0,1413,exchange,0
bc1q5yge7q0jsgvknqxsafr6yv92lvyds72wca6fda,1413,exchange,0
1f2Ukov4UL2xHQwHzdnqLdnzZU86eLHW,1413,exchange,0
bc1qdlptwqsuaea2qwaaw99vewtdux46495g64cr2j,1413,exchange,0
1AjZQfPGDSUMDusErhRXBPerijMaq6ii,1413,exchange,0
1uiVt9YYrjAyV78S2MYwtuiixwr9MMJ9,1413,exchange,0
1VsGHH77A4kE7L996uWFw9CLMt4FmaBR,1413,exchange,0
bc1qh5ffzjpcjnhrw5tw25925kqx07vlw32dug6jd0,1413,exchange,0
bc1qagc4r7yvgt3nvwrrwkexm0nl8lda4darfzp9ay,1413,exchange,0
1d4edbgK6ktC967sBQvgA73SJG8Vw5rY,1413,exchange,0
3SuQr14qS1WZnJnH8cYx5HaYV7MkfQdr,1413,exchange,0
13vg8UJLbvnkUpVdtWk1udQMfwcXf5W2,1413,exchange,0
bc1q5y8zu6z8q57sntlajg7tt9gz8wrv7u9hx9m2wn,1413,exchange,0
1GBbKzkVFLqifEGxQcPP6k5DyQMm3Psn,1413,exchange,0
3xBa3mmkpTjtS71bMs578nDDfCdL7ZqS,1413,exchange,0
1C2zinP1Ay4s2xZPCypH6KehjzAi2rjw,1413,exchange,0
1RYNoxe2S5Wvm4Kw47aa8QoeKjsBy7Ps,1413,exchange,0
bc1qwn2fa4gu3r68v3an43438epyj42vugrmd6u25x,1413,exchange,0
bc1qzq6wfzeyjgqkw7c386skj6mwxv0ry5a0utxhjt,1413,exchange,0
bc1q6pdly6pu9vjfgym47py669vulexvarc987h9yg,1413,exchange,0
36vRBysfidjcQ7V3gMZZ94uCe7tN51Gv,1413,exchange,0
1RzkittwFznYhsMMtgCJ5bUi57NWyitC,1413,exchange,0
bc1qj92tfktrk6u055rgpjurt79mjgyed45jkjflkj,1413,exchange,0
36Ugrw9EKTSXX2NiZwd9SasozLbZSZAX,1413,exchange,0
3jEcum6PvEVqsvrssQboZpX6D5cBCrt9,1413,exchange,0
1oqBgUFNGjuQioBRxrQV8HmTioNkaX1D,1413,exchange,0
1qRXtKx89Jr82Dp7mSJ2o1f53dSnF59e,1413,exchange,0
1fh3yTGSD4usmSTKu1RRRMETeGgY125f,1413,exchange,0
bc1qurzhvnl0k4h7t45e3v5c874p5hytutnaw7t6g5,1413,exchange,0
1rTK93KK4rEyb1NdWF78MZii7PoaqzQS,1413,exchange,0
bc1qfztam08242mj0n7xc7s4vk4wnal338emtam0m0,1413,exchange,0
1Ex1LMvJWHAJsquyDAbULhQn9t3aC6fx,1413,exchange,0
1AECRfL9XmDHAv9NJj6HP63dBuWMMSEk,1413,exchange,0
bc1qhhaygp30jtrc49qjry7n8cgz7c52yh3u93360l,1413,exchange,0
3ULmqVw8MmihredaDYuVFPyKV7gjbq5D,1413,exchange,0
17cx2QpL72jgsn2LpLuFjU4xN2hqvzPr,1413,exchange,0
1ib9adQdzPkXfcu1ADg7dSDK2sM1bEux,1413,exchange,0
1uk9BFF2KTQWrmBpB4XJ4LACMPd26YCA,1413,exchange,0
12bimwV9gPHaUSEkBsfyBdWtd8Qhfbym,1413,exchange,0
1iuKpq46MZBs6vDmD3jWzKhbExVhaLdy,1413,exchange,0
3AzgTeUhq8wdAMwDPPP9pwkDswZauNep,1413,exchange,0
bc1qq3snccumhv7npgujflmns9n000s2p48rqhp2g7,1413,exchange,0
3exhLT9en2y92cnCwnZH7on1qpDk5jtr,1413,exchange,0
bc1qy0dfz6gk86ahx3r0qwrdz6zs4lavex5lw0p4aj,1413,exchange,0
bc1q3tew0779kye4gjzxmpmm83wwj3l0g6vc7nyklx,1413,exchange,0
bc1q0fgdkmr0yq3veqxumdpkvl8qmteh72zljktv3t,1414,normal,0
1qvyiwD3cPksT1MJjHMT5jorgKqcZzmY,1414,normal,0
3jKZjdT4LhYmPczgy72erEm1ozMwp2uG,1415,normal,0
1CG4LoeJGi3dXw9jbfqpdsPrzp1Aog5M,1415,normal,0
1Pkd6rusEd4NBtWK8tTvEqqtSZJhhxUq,1415,normal,0
1TCvbwRb7Vf6ZN3PmLLaN7CTA5JbgDWv,1416,normal,0
3sdgDq6FcHABsfFbCUZ1uZ5WJqGwV7Ku,1416,normal,0
35W5NeNupTi4fyyesT3LQtSoe5SvTdNo,1416,normal,0
bc1qw3qpt4llyh6w2wa3nll8rnq50w27dkxxw8ycwm,1416,normal,0
1W6844zHEyiZs2soAt8F1iGraiHCs98M,1417,normal,0
3ue9iA6Z4HGLS92BPfZ3krjuF34dgTEm,1418,normal,0
1C8XmqES3gxwEVowuD5J9oM8HMCsUdyA,1419,darknet_market,1
3rg7Tn1ATphTELYgj2cHYyD1ALnbT4qp,1419,darknet_market,1
1fbgPovzr92JPUX2CRhE5FUJwH5DpQDt,1419,darknet_market,1
3Do7NZydmSnWMJZiBiwK5AoCo3xzhvPX,1419,darknet_market,1
3ovqKcz4qf1pgVxF8xgwKbodzSYjEcVn,1419,darknet_market,1
31z6AhqdFxsxLGvyg2SATcLbzg2jN5Gv,1419,darknet_market,1
1g1bFefnhsZtV6C2gtgiUqzYRdaKWLpx,1419,darknet_market,1
bc1qyn00z0h9kh6c2hvqhs950kfv0a33n38xu4wlg4,1419,darknet_market,1
bc1q8amaep7pfygksg549f4uxjfdk8y29pk79a0ppg,1419,darknet_market,1
bc1qmeq8s5d4ppl7ca6uueuaj9austdc79gt73vanx,1419,darknet_market,1
bc1qhz9npgyze84cc3svtq40kpflc4yu6hjplwuf5n,1419,darknet_market,1
1LFVRNNpkjcQtHXzcTGCBYMQaiUnD6sK,1419,darknet_market,1
3w9GHrjUuHa68L7rAygvjVmEMHG833Tw,1419,darknet_market,1
1rwA6vAkw2FkmjMvxtr1kgUTo5STajzp,1419,darknet_market,1
1cEDbeqmKWYeF6F5esWYjxk8HtEwXn1n,1419,darknet_market,1
3Rqtn9fjMFGEF8aTWRYyey19yZAvsFRe,1419,darknet_market,1
15z36dPh1RU3S2QtwoNCmvwsh979H8yJ,1419,darknet_market,1
1tcLJ8CfGngyG4AF7PeDjhwWbEaFcBBp,1419,darknet_market,1
1c3F6e5EwaF1MiRAx9grixTGy6gRCqLS,1420,normal,0
3Cmkdv9J7Sbjy9F1gKr9iSpk4xaFwoiH,1421,normal,0
bc1qwpzcqpqjs328heg5l3c5ng4ss9vs4jqudlkdhr,1421,normal,0
3VCZHaV5Wy72oUaM5RNy1ytqbrUHb1un,1422,normal,0
1s7ZguBZE954WQvEtR2D2QEgKB4LcEiT,1422,normal,0
3UEW2233XoyMU3dR27BxkjTPW6nKW2Pq,1422,normal,0
bc1q6m0kzkzaat7uv7hy7mxqt5qjfv0e9dgrtmgvm7,1422,normal,0
19A8JEFiaVxs14Kn1Yc32q2S2Stw5b2V,1423,normal,0
1raniMN5bAA4WX3XesyXwqb14262sdfi,1424,normal,0
bc1qmazr4sfkckt7hnhmgtt0ce0sux7cu7x3fes5fg,1425,normal,0
31s1FxCLG2dmL9J3zmhnPgZhoyzjeyJ1,1425,normal,0
1xg41KyrG7EPpSuYC5PvenKX9LpajeCY,1425,normal,0
bc1qa9rgykze7f75ee7ldsdghw83c0aeqv03hx59rc,1426,normal,0
3JB5hU6yAwqt6XqQSZov2yHEGrFLRZ2L,1426,normal,0
3cs8DSMJfkx1uSKtK3LcKEuLGSAhVS54,1426,normal,0
3dDD6cyEk562SenAbxGc6L2qERg1MPPQ,1427,normal,0
1S4H7r6ZruEJdcTxZA54SfayM9XZwYX7,1428,normal,0
39aSd7AgpZSnF9Hn8XFWaLw4EEnJC7HJ,1428,normal,0
1mtUPfEELpgwksnStfHx9eEZDYNSMhUH,1428,normal,0
1xAuLMSxBzpQffPSeyu4w6sQYB3dCFJU,1429,normal,0
1yJ5zDLDrUbKJCdZcgCuJjCFcpMNdoWW,1429,normal,0
34JAijToxQFtzwX19ehiSKWHhuhBfcAb,1430,normal,0
1hUiGjozyjm9BtxFL7hTgvhrCqy8XLPu,1430,normal,0
bc1qsvarr2suldkd3thkke4a2pts9kh5vn2xcf26te,1431,normal,0
3j2SqfPJZ83x9iGUivQ9AGMDMhcDiDDt,1431,normal,0
3QVfL6bR2B2XtxRc9GmUFnFda6dZt3Qi,1431,normal,0
bc1qxp2zxk4s0xhytnrpm037ky95r9774cqx47hqk9,1431,normal,0
1ziQaXVCehH7QH4xgmhWSfHWduV8D78m,1432,normal,0
3dBBarxK2MGysimQWwDd7RwZNLMcEN33,1432,normal,0
1EQLBQZjwqgndBuu5UbB3BQACEYshZvM,1432,normal,0
3cC6ku7hbGW19XxwHTVFr8NQaSUpvhqf,1432,normal,0
1G1thDCz6N62xVzjTBj66YBFmZibAfGz,1433,normal,0
1FnT2BdZVaiYsuTan3d9QpWog7jaRhVm,1433,normal,0
3B4e8URG2Jw2zgW2NgcrAKzs13osBYeP,1433,normal,0
19GCTULYDtSDGxn72Rfims5gbg2nxmbg,1434,normal,0
1SrDXdHsw7EkNmqUfZ7DA2JF7Djs2rht,1434,normal,0
1V14vrjpyRGC3quKe8h7M9JLADo4nysi,1434,normal,0
3QZ7eEGSs6h6eHKGoAotwk1gyeYDJgSF,1435,scam,1
1ASNr3svmVatUFTiULdKy45eFLZHHWYy,1435,scam,1
1pbexDVmvcCBTpTx2gKwkoUYEPBFfNs3,1435,scam,1
1PpDmGesmwFCPG8JMFTNoUk3yokhy1t2,1435,scam,1
1zyuvDCV8uAPtRYAxsMSZ6bMD8nkm5aG,1435,scam,1
bc1q88xj78jp595u6ggqf7lzc6a8r87h3f6gddpyqk,1435,scam,1
1hVtgp3WAmWNXhQvfAxRoBYM7GwDpYEF,1435,scam,1
1igf1KJidLubusUG4ppFtyX3fmRJXCjj,1435,scam,1
3YYWxyGg3YadhVhNjZNTa5u8fVkQ5RpX,1435,scam,1
bc1q82393gfx4zk6wpsyhaaj6fnm9h8kc0quk8e50q,1435,scam,1
3gBWF77vSRutc8PdPx5DF3wrYWiBmUkc,1435,scam,1
17mfChRkaarTcEmuy5KUWmUAq2Yp52AQ,1436,normal,0
1Rk9wkptfKvJjqXauruATsBM5WXRZRWN,1437,normal,0
bc1qcrulpr8jvwpzr3mt07wm03f3d8q7qvperg2620,1437,normal,0
3QMED468hHT9qP2ZjLBrDJYp6hpZoQWL,1437,normal,0
1qQDEnAipK72gP1R3s1dCWGexB1mTh2j,1437,normal,0
3im6exEkdeNkLo6PhXVraF6KtAchU1PL,1438,normal,0
1H5Y3D8u3WCa74cbKNEeurtp9Axebesd,1438,normal,0
1pxBk8KJnChHCdty524tAtKR5bsgMSwr,1438,normal,0
1qbp4JJCEN3KBzacX2QVGHRQKVMkd99f,1438,normal,0
1cS7s3F3inS2mQMpZVrLeerin7ZeG4Vx,1439,scam,1
1r65bukmPB3rSHwJPZY1pw3Xm9jRpkjd,1439,scam,1
bc1qdd3dvul534va6wzau7r0epu9jmuvqlh0rsawdz,1439,scam,1
1tGWCsRJXvgC3Kf238HrDupR3tHADMi5,1439,scam,1
1Mbk6AgasDuyc6pJScgEUnKm7MZmuT8a,1440,normal,0
1CtkixwSGRiw7Gm9V4y7zkcdCHMYfbor,1440,normal,0
1pwoybnPAVk5bDAVZNTHGc27rotDXRAZ,1440,normal,0
bc1qa4fpcs5sq2wjylddktskv7wkletfegx5j5hngt,1441,normal,0
bc1qmefqkfm5tgqjlr6eyjj0cvemjw3esvulmwl39a,1441,normal,0
1rAruetYJ4zmH44nz3vSRRDpWrSfz778,1441,normal,0
3XQpa3sofgvc8HAhmdeYQMb3XNDYPhYd,1442,normal,0
bc1q5mlsj50lp06hl6q4wa624pafrzljnazf89sqkz,1442,normal,0
1ytxCipgB5Fz21fu1XbXFAbbQhXxFUKU,1442,normal,0
1zeu4k3bj7mKMSFzSSxSvynx5w488AJR,1443,normal,0
bc1q4t3t3hdyv04p3ldkcgfephk35l0xkjgqkkqhcc,1443,normal,0
3NPYvwaH4V8wHtmue6By2gmVsiveTzKb,1443,normal,0
3LkUuo5N69w9R9v7awa84Aefcu24Nia3,1443,normal,0
1GfXKJ5ub3jawx7uxUYfRcXY7EY67px5,1444,normal,0
1qe5YCVbZ7J73GtJcEuiB2nuaWtBt1cT,1445,normal,0
1LHgp7FAL9jFmWsFHpTEsnMZjkXAo7qk,1445,normal,0
1vT1f4q53sssMv7YWoFRBqVjQx89M58R,1446,normal,0
1UUbe33VnGP897Byrjtg6Uyj2nTD9RZy,1446,normal,0
1i47miqX3Pe4J3DC4zQSjgrBk5M7y4Sh,1446,normal,0
3FASvMuf8sGcbUQC9HfARd1nKURzUmBg,1447,normal,0
bc1q3krrvht4j9pw4jwvf3mjaj6mlymxmgzrz9qawr,1447,normal,0
1RbtJ3N133JpoiGodYrpHrVqNcgiR8xt,1447,normal,0
1y5qKw7B5HywUvm5cB3PjWDrLzV5aYB3,1447,normal,0
1qWJaZt8Xivbmhnnu5KYGR9owSXVqK5L,1448,normal,0
bc1q3n6fs42cepryedrutx8gjlj6vf0l87vypx4kwm,1448,normal,0
1LA3bmoupmDM4UfErGtJvm1cPx6ZXMR5,1449,normal,0
bc1qxlfnp6wcq3uvyj5z258ash2seej4fxwes53qpe,1449,normal,0
bc1q4awd0gk93v326gpxcf6lujh20ydc6qgxgpe7pd,1449,normal,0
bc1q03c4xey5ckhx8xveehgshka52u4jjaqqtj4qdj,1449,normal,0
1y715v4L7tGAu8MwWAKEd9WurfP4Y2yX,1450,normal,0
1vRcQ6N4WfvNdT82KNwEK84RQLLFRtwT,1450,normal,0
1W11R7Vu2eGrocGfmfHQ7iQ2mGmN1Zcg,1450,normal,0
1j8UmsFNqKXHPwHkujAe9oUk4CsY8VoV,1451,normal,0
1rBmzKeRL4EJWwRMsimu6vhP7rtozwUi,1451,normal,0
3q1UGZ1gGucP4AqqyeJgBtr2ikfwdvSk,1451,normal,0
bc1qlqt2c3jygk34fphhd8342lnaxfvcaq9q9j0jyy,1451,normal,0
3b6wmgn3Nu5VSgLZvVXwbbZeEfydLKdZ,1452,normal,0
1p5HLHCK5XeJCw5TS8eXb5nrmQGijnri,1452,normal,0
bc1qjgwdf7zdvs86y6x4wc2aw7qllyn3vf3asr2m82,1453,mixer,1
18fi6YoPwjX672Yvjrn7zRL9kvgBuQRr,1453,mixer,1
1TypmcJNtV2avJp2cV1a67gG2if4SqZa,1453,mixer,1
3aacqCbvkKU4xNfzJx3Nb6D6N3frRrpe,1453,mixer,1
1gaTZ3tXRNChTqv7jmNxCh22omNwLuta,1453,mixer,1
1MrZCCxPqgVXCfwUYHn9cJnnAYV75RNb,1453,mixer,1
1WrG3aNWuKPzP9bBSpov6ijGhop1ZwFe,1453,mixer,1
bc1q6waca58sxtpspm5x9gz4s06rxycqc6mv0nxyyp,1453,mixer,1
1ntfieZk9hdNZrBo2DbhbSkSHBoWUus1,1453,mixer,1
1Cg2nGkwMAuQy5g8wUAJZLeyd4LkpWF2,1453,mixer,1
bc1qstlpapx9qe400qj838qtvadjg7y7z37l90kwqg,1453,mixer,1
1DhEuG64Kn3WPYNewXx3Q9zJTBmRCZW5,1453,mixer,1
1hGGvCbn7e1MDEBM26iPbhzj2TWJ1yxh,1453,mixer,1
bc1qx9jy0n87d7vjtlckw0m47xcja3s3fcswcey4sj,1453,mixer,1
3v5P5BcsRFpPEhg9juJviuAKvAjMfEik,1453,mixer,1
3fYiXQagsa3dFgCP2tVz4nZmeZsR2D3N,1453,mixer,1
38GEYFY3iYDEzLt7wTArccPkVH7DrwYr,1453,mixer,1
1Jbv2QcyQJiDaD7tKs6LYCgH54DN5ZoM,1453,mixer,1
1mKg2QwBc8qGYCfvHRjjcy5x8kUMDMLq,1453,mixer,1
377gdAtyccAcA97BZ9SDz9ETuQJQKi2L,1453,mixer,1
1DX3ZqvLkhXmLhL3ciB4pAnN7DP5F2ST,1453,mixer,1
1D81rvcGYarSaH8qjkmgreGW3jkJhEgo,1453,mixer,1
bc1qmyv40txykfjwdwda0yr2wcyzqnu6w072d5sv5y,1453,mixer,1
1PHZpWNj8VAKF6c1jAo5xao6aHWtrYjh,1453,mixer,1
bc1q6gnuug6vjj2300hpqqcgxk3h9ggehw0wfm3d40,1453,mixer,1
3i1ooduhVxKsNY9pJEWLvrUZ5gZDniJW,1453,mixer,1
122eG6TUtPj6Ut1YZjPGid4DGsAypG8x,1453,mixer,1
1uC5jFcggfh3EEqMLfQgYdoRy72wdX26,1453,mixer,1
12d6RDJn3FhpAtVXgjvVxHrYHRftYBNP,1453,mixer,1
1B26EmL3xsauFKHzwRWBXbqGnP26X1dZ,1453,mixer,1
1MbeD11dnNhTNEDTY6RCRMwepAUatwXo,1453,mixer,1
11nMPgsPHj8fcZ3B2LuizMyA3V5Ppapy,1453,mixer,1
bc1q2w9j7lxl9nxkwr2hcqmr8q067sa8w7wp59pzdz,1453,mixer,1
3JgtWYzgo37Sco6dexDna3oneUfMBqKL,1453,mixer,1
1LPC39TUr7VxvcSmPCZAgAECmctExe5E,1453,mixer,1
bc1q7urzl9ahefdgs3g9kgtg9sz4hg4x25wkwrfuzr,1453,mixer,1
1y2kCZs2xK5RYHizzqPT4X9Z574iACkd,1454,normal,0
1LuQre2TN4e1KQXZTeBrv6yZF9zEHW3u,1454,normal,0
37RLJANxgDvPnLLwZBF5HYpyLiV9Euu2,1454,normal,0
3fW1j8H5CzdZnv1TzrBRYu3sgP2qUZcG,1455,normal,0
bc1qtct2dz03tfd9zz54m5hjvt3sew3mt6mc03l4l5,1456,normal,0
1Dc1dYE4JQt5ZWGvYRD7QfX3gHnaBBAH,1456,normal,0
1hJTH4vj9KwrwbExtYu2XajdhdYCu1hG,1456,normal,0
1Fwg3vLG1Sqhg6uezk4nTe93Kbf4kZaz,1457,normal,0
3gUaZrGLFfS2Mog5DfYEr9HEX4MCeNLG,1457,normal,0
1xAApy1WnMrvZBjgCH7h8duYhpu4TPEQ,1457,normal,0
3gdoT3zqnEucitWQ2gaAVCzhsGCeRoCN,1458,mixer,0
1ZhNbgJ7E2kVXvfJGW66GqHrzgHorxie,1458,mixer,0
1yMoty5cHBvrBXZN13RJukLXZm9adQHr,1458,mixer,0
bc1q9rezlw9rhwk3pyslmhzld3u35aanytcs987vzp,1458,mixer,0
3e1H2E5zEBaCCC21w1WkRFqaAoNJHknc,1458,mixer,0
1NgLLZSqXQeouYk15pMu1CLykyvX7VFP,1458,mixer,0
bc1q2deej2qppml4s4lma7k7hqvut8hjtxqvhr83j8,1458,mixer,0
19w37K7q8RmDTPvE2eAyxdQKgFKt1Ly5,1458,mixer,0
bc1qrjuf733f3rw3zvxjqvms3dpscep4p98uxdzw5d,1458,mixer,0
31zk9nmvH5Padzuo3i6e75MxXr4ER6LC,1458,mixer,0
1TbrLuK6MDeaXveWKczWmFNxyMvvdikv,1458,mixer,0
3jTBa2gVZYRTWCSoUjWpV8nJQkD7zSWq,1458,mixer,0
1iwyE1sbRx815C4gMpxk2yjHbjqyuRac,1458,mixer,0
1ycRYnPiFf3MSVQN1yB7DuBtnj2SxzZh,1458,mixer,0
1pVtEDS7P4F3T3egWVBB3vLhKCM4vM2F,1458,mixer,0
1F1vvhnPfMCHLPNZ1Mcp2QskGJuse57g,1458,mixer,0
3S3mA8N4YN4Xko33tcSGbh3Ax4P9f2uf,1458,mixer,0
1JcJqUgWNnrm9yPQiuvJ4t1BDZnw8sDS,1458,mixer,0
bc1qxrzuwtcy49xwzcswd9y9msnec4e9hjr3eqpmqv,1458,mixer,0
1uRA6Lw7mZYTCuaEg7WVw7MautoPaKvn,1458,mixer,0
3cNYFWQV8kXcBLv4kBBT5jiH3H7bxJzS,1458,mixer,0
bc1qw6rqxxdun44ah4wfy5jz2z9crh0yr8rmqx2qed,1458,mixer,0
1pHuoDNVumco1myyt1guw3Lxj5pNhJCL,1458,mixer,0
1dubv5DhZ3jfTWDchGmPcYwtVZ35Dcss,1458,mixer,0
1s993yfcvZ7ifPunkXdca1DV4rS3dULQ,1458,mixer,0
1ZvgjxfdSCgCcqGWjEeWmeTTUBVutv7F,1458,mixer,0
3McxwDuvQmRgFcuKq3emNxDhYHQQrXBZ,1458,mixer,0
3kk9VKzUKwVMoNPE41ZAQCdtW7arCPfP,1459,normal,0
bc1qt4uq9vp3np209jkqzalzenv9pq7vl7uwzz9t2x,1459,normal,0
1nitueMUsBTEzPxhy7U3ptue5hi4iYzW,1459,normal,0
bc1qj4wc3qfk0jfpcu4ymvegmz2sqd2munpwjg7xka,1460,normal,0
bc1qejrhm3lysg0ks9z0ms0jjn0v6dn07x29lnjcdp,1460,normal,0
12QaorQP6FLDpGgDos8yFnuuHZ6dcbir,1460,normal,0
3WWZjHk8QdpMMGeNBPN4WPLkhutCxqRx,1460,normal,0
1ty3Zc8mXHSyo6ExbVcgBkaADMvMffUi,1461,normal,0
bc1qdrwq0gd9lfdyxf8pxdak7e7anrmgm92328rejq,1461,normal,0
3eGJnBedZTp5fzR51wpTw13f2dS3k4Pn,1462,normal,0
32jpM93nHAsKQhsCbmy3Wz5HWpoa3LUm,1463,normal,0
32YSCuh5f5bmQqsgUHTsDFP3m2YtcHWs,1463,normal,0
bc1q89qnrex5r95syc23gphy7vw9gpl3dn22zyywu9,1463,normal,0
3H6uDJpBGucY5L9YEABzf7CrUB8DeZzk,1464,normal,0
bc1qcp529j05jhqah9jepcwuekyce3uunxjl6t5l47,1465,normal,0
1eCkgvEvqxjSwBYy8ewY4WqWSMn6xN8U,1465,normal,0
1uwdYjzPzsBPedGhMVzDLKrS68Z6vVKh,1465,normal,0
1fHJCCDoGMKqJibEANGax45NL7fWt3qc,1466,normal,0
1CTC2LQ9XJBwfdhRcNyP3kvfmHU2pvsd,1466,normal,0
1A4o2fRYwbTt8xZYNCKkKq1YBBQnMqHD,1466,normal,0
bc1qev4prh2u0k6mp29qn7n45rtv2fvj99p7us7qke,1467,normal,0
3T4kHgtxXfcYLV6A1j1Wkpw4dzB7J9JF,1468,normal,0
bc1qs9m9qru7yvwemruu5fggkpyprjpsl68mlumtud,1468,normal,0
16ntMf4NgqgJVVJM5SwaFjyP6ViGG87V,1469,normal,0
bc1q4jajg7d6pz07jy8fcv9xg052kejp8r0f9c32kz,1470,normal,0
1yYt1BvJfgcQphwAx1UhVK1dWayB89JX,1471,normal,0
1QvW8k1KGngefq45rfaspqVVMoP9iq5n,1471,normal,0
1hkwMbug5mJm8Ky4XQfDyN6N3hgH4Nd4,1472,normal,0
bc1q3np82y025x8rcxv9ty37yd2y6323rxd2g9m5nr,1472,normal,0
1AHj2CmuNCVHZ5xMzaaAoJBth5g5Zmwg,1473,normal,0
bc1qfddnycfg5tmv73v4ktsd720yzekxzrqjwrhkyz,1473,normal,0
1vyZpa6vVQjB5U3YU1bxL4KjEbXa61SK,1473,normal,0
3XgZgbwXjhhNwzxezGnPnVntr9w9ZG57,1474,normal,0
11jWLMnwZyjy2CT84pQ3BTAWDcWNMLfQ,1474,normal,0
1GjL8DBS6EcoHMsmQta93P4L3zWVgHx5,1475,normal,0
3URk6CNRXzM625q1HVrASGdxRnRYUoMs,1475,normal,0
36wjwP3DD4JxYFxaBZzu6wcFSnBGZLLY,1475,normal,0
3u29kFzaQwpFV9dfiV5VyqWJmVuziVwf,1476,normal,0
3S4Mrwsi6TwTrg8Ro62hNS1nkSpqpLBq,1476,normal,0
1tzv7UBJJ5o78fLBZjYaExaMwGXcLEzU,1476,normal,0
1LtKFaWuPsBfMAzXvLZeQ5AKkYAp16f1,1477,launderer,1
1t2hHCJCTqE4RupnyRbfutLK3nbpzJ2f,1477,launderer,1
1tLe7JFWuFiNbLaUpapLTvvFyNMVNtwz,1477,launderer,1
18ouY1ECxPdSU3GsLymNgcoWbRX7QVqx,1477,launderer,1
1i5YcCozhmDnj8XxE3kX8hJBdw1Auaqf,1477,launderer,1
bc1q2lmwtehpye35zsmhr5w8ctx6k2ey0uh7nkdk5x,1477,launderer,1
bc1qa8jl0g8wpzfrcuu2edktw9pzk09dfzvcykaret,1477,launderer,1
1keZYoRFUuaYp5yQedXmATYGZdujferT,1477,launderer,1
1b4h1dqDe2Ko1TMJhnTxtvqF6xDQXygJ,1478,normal,0
1GaoaWF9ZG9AtHEDo1yTyZb6c4PtBVTV,1478,normal,0
bc1q0d4u7wkp9m26y8rvzwnxwdsma8uwzpsdhzfmlu,1479,normal,0
3rj9HdDkdKge7M7W1RCjdhRNzSacrjkf,1479,normal,0
1sJNacHgamvh3wCsUBFME5LtrDw7vhjG,1480,normal,0
bc1qpm5chpqjzffdy5kfvgqlyxs7r4skzqwhnxay27,1480,normal,0
3f1HJUvzZYydCxiWLqYXQukmArB6qHV8,1481,normal,0
bc1q4euxx70442rpqknze8gmv2azv82a5y2xuku9xc,1481,normal,0
1SWFAnGv94z2XzQW6Nk6tPUgV8LrAj8u,1482,normal,0
bc1q80w05gn8dx8afavd8dej8dw3da243sd7exvah7,1482,normal,0
1WQ1EGdvtdqoSSv8pkjnvhRqq4FiBjVw,1483,normal,0
1xG8qQTgCNrLUHpownWntVjEzdz9jKGq,1483,normal,0
1jfLwewwssG3jiqpfnAiNCWtfaGi2CiF,1483,normal,0
1SLSnZoUzyFwHqe19Nuac7tnTogBFUYB,1484,normal,0
1y8hrzHwAofsk8fB1bajoBvFWdpFNJbk,1484,normal,0
3NfkecJGGbhTychEMtZCn94yy6KDazAJ,1484,normal,0
3vpa9USFk2caUmDEAJaztwwQ9S9faqBn,1485,normal,0
bc1qhyqyssf6dmfec5q2tfml6h9k6maw2cxpdwq05y,1485,normal,0
16B3Mgex7aYdrjpb9EatRqe38Rq2R4yF,1485,normal,0
3XvTDJqQ8wfhpJTNw8yfKUsGFEFsioWB,1486,scam,1
3QrnqFmFAoBR97Atg6r4554UdziSmmhK,1486,scam,1
bc1qrpug43zxmt6ra6gusemy6vpg9hpam0u9k5fgu8,1486,scam,1
bc1qf7dygj97vwtzvh9uq4tp5eda7wqveeznh0vzec,1486,scam,1
1ciyJpG5TiodFkkDYn29sU1S2AJmtdgP,1486,scam,1
1nyvH8BNGYBxiU53yQ9DXCT34HAKSXBn,1486,scam,1
bc1qvcs5k39n9qz5tcnxc76qnx9mq5v38xr09dwrvr,1486,scam,1
3LSNJpdUPExZHxxBUT4sav1Wc9UfjUCj,1486,scam,1
bc1qy2rlnqcypevmeff2h4emh2ner74y7ptwqeru5n,1487,normal,0
1xgc9oYgaLX6JYwcLKP24kcJmMmDCnow,1487,normal,0
3MoAEpscNwXvqiLvSFMTnf39nrHBpFXP,1488,normal,0
bc1qvz4nmvxpyq5kf2ll4hkqz48358yrfuyn0swwt7,1489,normal,0
3bCYWztkxdA1kjR1HeVGPY2y7DhPdQZA,1489,normal,0
1gE7uK33gi6QDK4uXoahhNzyPpGMx3Fb,1489,normal,0
1oUqw71njTD92ZmbdngsRxt2SZMYLVHU,1489,normal,0
1GQnvU6u8Q9Qkag4EG1PgWpkmsMavJVX,1490,normal,0
1EedfZp7e551hWqJuNt8v2swUXXDWqu2,1490,normal,0
12SCMSGAk3vqBcUC14wH5Usj1XWb2WUz,1490,normal,0
3S27MVFTnYaKXwh9gDh6rSbXTmCiyqvY,1491,normal,0
3YvCizGyJnnvKfuES5serA3zGTUSoj8G,1491,normal,0
bc1qqp8awm23y6x9pzxc9259a98x5dxvkk5ny6chkw,1491,normal,0
3Mz8WXB6ayn3MxtVYPRNd8c8LJaf9WPc,1492,normal,0
bc1qfpjvh5hmrsekk4fkwct3y90mtdd6ygky6dz55m,1492,normal,0
3XkYQAMKuEFBNNHNVaFVZy6rvAi81fma,1493,normal,0
1VKL1q5zFuvN7XevvcqXpzzjggVuoGUL,1493,normal,0
3tPP1vJ16HsUPdyehbkyWjHwTHkUZUNA,1493,normal,0
bc1qtqk2autzf8dzczqd7f9a7hr5cldu9cxz5ld4gy,1494,normal,0
1Agnag5vBGprVeRiS1LoXHmcLsovqY1V,1494,normal,0
1PYALqT3QzjyBjvnybaYGTfAevX4LUFN,1495,normal,0
3b4bkeKgU27uikaYGtfhi4ZhC3QcGJpg,1495,normal,0
1Df42i8qwFquERwbVw2rS4tU4WeoiYYX,1496,normal,0
1Ye7Z4cSpVwHrPD3kPR4Pn11QCJxGNYy,1497,normal,0
1tGFLSaeKPCVPgCXUXA5wzLSjCKpo1o1,1497,normal,0
1suYm187qaSKwnLkXEv4VEL2Y32UF9WQ,1497,normal,0
3GjJoTZnymbDARdLwk5tCkjPHBZ7qCMV,1497,normal,0
3CvNoiCZ6tBGbAqWZZitb4KWkCrQA4g9,1498,normal,0
1PHA4pFgKXnZRpEqVwZyBwCyKBN5VMo9,1498,normal,0
3jEuXDvHx1CEsB1yU4qmwyiky1EXknUx,1499,normal,0
1uD8ftupx4WSjMjTDvkJDaSxhvWdTotB,1500,normal,0
3v3sgn4DwnQuuyBVWuydjR5UpAmJ56UR,1500,normal,0
3Ch66tDY8wQNL4QZxqia5tXLJBNLJfBn,1501,ransomware,1
1KbcqNgDboaty3Tqi1xJsRiG8w675cfv,1501,ransomware,1
1aSQypavpnsiwY684r5BojdcM27GAngm,1501,ransomware,1
1yVXj47duekKBNHgYFJsx3nMNfxtdNkb,1501,ransomware,1
3oL8NaJvvw9741d4dm1NrNLpGarW7yWN,1501,ransomware,1
1b1kusv6zvRmgCxr11mXPznP6UUwNmED,1502,normal,0
1ReWM8u2aPkthLLPQYFJewwLoStGhQ5W,1503,normal,0
3zF6vwzvM2GEsep6aPg1u9njvSXMPtBg,1503,normal,0
1qowVYk8LV4SKGmKx45B4GtgJA28Sfww,1504,normal,0
bc1qymcxgg506rfe50ej43npv2ynx6g57k2fu34ksh,1504,normal,0
1a8VxaAN2xNaA6Xi4U5rMQuUtdb7PFgD,1504,normal,0
19yZkpQiDYTTeZqgQqe6tMqxjXvjh4GB,1505,normal,0
1fRVQvut6T11C84p8fqJyMKbu5MEjVi6,1506,normal,0
3543CupdP1iEKJAjxQTkTLFb3LoHCgKU,1506,normal,0
bc1qflnlk4ul82hj6nfrl704vneyxa4tmfcfdqhpvr,1506,normal,0
bc1qqhxtxfjfkfqxg7ykxfnhfgxslwla3fcpwsxyuy,1506,normal,0
bc1qyjkdq7nq4eyzdsu653c37v02f7gtz39vr5w5t4,1507,normal,0
11VXQ8ZJhSQoDsCuDRskt3GBkRAgXhcP,1507,normal,0
1ouEfv9t2DzLEPcy8h8HBuHhZNR7tPkw,1507,normal,0
bc1qkve5gcp4y29g6g63eqs4nsgkc48tf6xkcplqxc,1508,normal,0
1gnQrC7USFMfdiV4iDQcYa4PFZTuA1JJ,1508,normal,0
bc1qegtggq9582faz5dvsfky6vk4n7970uqts4lf0q,1509,normal,0
1cVTwau37SrMQEmvWL5cy1mnEqGFFXtA,1509,normal,0
bc1qq3u7acpejeqmz0karhrlrsn5uxaattvknyu93d,1510,normal,0
1NghBRXmneK19rUJ71cSh7KBUhLRNRC6,1510,normal,0
1LSUoQNhgzSfb9tBQ218GhhbJwuNvJKL,1511,normal,0
1QHqkVzVGAvdm1B94JetChjXDYn1vWn2,1511,normal,0
15ZoDyWdmw12FuNKLNKcC4AKf9nXBpBK,1511,normal,0
13AWRHTZc8QaiZcmWcZHe8CdEKDrr2no,1512,normal,0
35YbeP5imzxtYUdF13Y3VTohMC79V9HM,1513,normal,0
bc1qkqdzne6m6tjwjjzrcn6zjwzfqhjlxu2jl0gsld,1513,normal,0
3J9wENgs8oyW9wrmPYSLKUxSQrxgbKDU,1513,normal,0
1we95xifHrnu1ypPre51RQRH1SuNYLuW,1513,normal,0
1ezfpg1oQK3DsDNdsZm66CN7MLy2LpYV,1514,normal,0
1NaHajJXuLGU3g5PH3xZoXSFJjugXiJv,1515,normal,0
bc1qxs6t4pd3uzg9e97xkh3285smtptx36n3z9006p,1515,normal,0
12U1PSGU2hpzNTgkTrXBWjS9sy1Dj8yy,1515,normal,0
35PFTsy2k139oqTRR4wkiHsVa4JtW6oX,1516,normal,0
1DFA6Asx3LsLQsHUCUSiDG1vRewGwLBz,1516,normal,0
17CjZ9r9H78vRL9JVXpxwqGQ3SqhHWvj,1517,ransomware,1
1VbAs7FWDW19WFt6T38ERCQBPMTQ4Jsk,1517,ransomware,1
16R69S5rSDZBetEdw6S91GLmDbbey18k,1517,ransomware,1
3VMDDZJAodQ6szjrevF9wPTwgPjTTw7k,1517,ransomware,1
bc1qmnsaeqsagrh4a4dg58mp0crtc5fw60saurv6te,1517,ransomware,1
1DXcms9PhpkvnYgyGe4gt32RWoceU6TT,1517,ransomware,1
1FnMj6KS3GzSgCWaXfLXQyg4sqoYPoXZ,1517,ransomware,1
1h1LwQebN3JfLckrgY9L8Ao7xFYe9iz3,1517,ransomware,1
1LT6LEuQvRMyqHgSvyQ6RozzLZadDSjR,1518,normal,0
3znGXt87DKTG3JRJAfZuPc9QcKAs2Fg5,1518,normal,0
3EJ2B7Ng1H83RUYvt7XGxdrmPDoSvTT4,1518,normal,0
1bCVvWMqrH5eAX3yn4TTMNzaEcuGoXd9,1518,normal,0
3VNF8GemXtqP6F8tZLCgPRiYVbKh45Mz,1519,normal,0
1gkX4EpW6YzWLcMyWN9c4DLjRpNW3myu,1519,normal,0
1CfM1bELYL55UqksYB7cwyWV6LKuxNTD,1519,normal,0
1JTCKW3vFnDJXvNvFDCp75eAtFKKJPWk,1519,normal,0
35ZhJw4987QsQftauQqBqPVPNo7fRV81,1520,normal,0
14awy2VLHrxAY6UT4iJ3NxqmbqGhxzXY,1521,normal,0
bc1q5ncghcqtfkm477qym3t0wau23xwafnl2zvutml,1522,normal,0
bc1qk9wmjcpd33eknsz49ep8alkr7al4ls68xr53g2,1522,normal,0
11SdTV3jGew6T6bsazsZKSAyrF9LRtaJ,1522,normal,0
3j5wUSrcNPi6z1shoL6LrvrNscZiB5Lo,1523,normal,0
1cVHQq4y1UFC8M2wZxwpJYU17RFqFnP1,1523,normal,0
3ifgCpRUBDBYSig3cGf3XfT7W1AfF4uK,1523,normal,0
3hVZDVDy9Bx3NVirszWiTTns3J2g7Xsh,1524,normal,0
3u3a4JiDNKeGW6oMR9brHP4XD6Rb3VKc,1524,normal,0
3cBcrL46vYybsNHmKYdbSyCwBgtVFv6r,1524,normal,0
3efBFrS2nor766qwSw8zW2EEkjLdTCS5,1524,normal,0
1NTDEY1LMop9vrSWweQo21phqLuAsnYE,1525,normal,0
bc1q0gr4sf9q3zs9lg7rfzwl8msxdfg3jg0rsl3s0z,1526,normal,0
3dqBjEg959ZuKPFygUwV3pQuQv65s3tB,1526,normal,0
bc1q0xx34h98w7kh0frt7zppw6wz9xlvy5g2mung5h,1526,normal,0
3F5T7RkE1XwfRgSkYzGRG56w6X5uA2La,1527,normal,0
3Qg8DdWo64L61joCrYQMSFv7ZsZ3TXHX,1528,normal,0
3rdFFsAvAN3Tzn2VyFkhRUCF2pYi3ePj,1528,normal,0
3Xd3GNk771X4iCBYfJMxAD74oGQnMhd2,1529,normal,0
3Za5t5joCc58H9cc2Bs9cHFaWs9cSjJq,1529,normal,0
1Rew7Fm3TfirgezGkmpd934n6TB9x7GM,1529,normal,0
18jn89Sw7xRqhpjDocLaYw8mDLDCuVUZ,1529,normal,0
1XTPJQiLxiP9cQ5xzuEPm2DCdhAV2L2C,1530,normal,0
1DnkTCWaBd6Ug9ZH3Vhg2nuHhZavgpq5,1530,normal,0
1FQMVd939DD4Yy6fJs6shG1kvsrh1Thp,1530,normal,0
3ZUFgnn4bebyjPNGCH5pAQfV34GD1o7E,1530,normal,0
3qAE4DqyLc5f6ZzDFwnAxpYSxB76Y65K,1531,normal,0
13BF5wLumUQhKLRth5hXzYVXsEG8qtPA,1531,normal,0
19oJgTmjj3UngWB98WqQ7XGxUia9X5ts,1532,normal,0
3Pf3i5aFVU7CYaHzC62B5NKXgsyP7k8T,1532,normal,0
18hu6cGNQ7AexJB8b79dMFksGv8eY2eJ,1532,normal,0
3q2TmRZVq6Z7PqaCN3CySsHnbe2FNULg,1532,normal,0
397tvcDfXeNbNpmWqK7V48ZxFLaxgji1,1533,normal,0
16zHMr22GqFLom1dGnpfW7hN9DYPEE74,1534,normal,0
1jUsBC5o1gnjvFmAg2YHXYHNjXTyLEKD,1534,normal,0
bc1ql49qvq2j7xrfd4t4dtqvlzxzn6j4s6uehpt702,1534,normal,0
1efPEMP3Bk6swN12MQAxcZiZ9rG6nPmr,1534,normal,0
bc1qdx7u9vzykcanzeg8lvsnqy7grvxccelg3aguhh,1535,normal,0
18DmxAy9uoeefEwRUnPPtmXtWb6smmTz,1535,normal,0
bc1qkquh9dytdrv4na4hhjxatrs0q7w94u4rzpptj3,1535,normal,0
1j7cPQMmkSqo4PNapmpn1DvhWt3eKfZJ,1536,normal,0
1btniPoyERHk83r1wnGkYrmrvc8h9eZF,1536,normal,0
bc1qllx2qek5em6u2f2mrsmyphjvj2wjgrp2glczmp,1537,normal,0
1DbqXJq8qSPGVnS6V7oeb9X3UhbY8axg,1537,normal,0
bc1q8uapnvqpnxp25l5dqrtltm75gp9qj880kjnpv4,1537,normal,0
1gvWhygRYc4584PAddqipBZuLx6LQDHi,1537,normal,0
324jfoxe6temc7Cc1mLKD95ZRjKSUJzS,1538,normal,0
1ci7J3G8EVgHEQ7Jt646fm8B5JCeRu4k,1538,normal,0
1GQntBv5CLZvyVjWYdEvQ7xXMq7zpCEs,1539,normal,0
3S2ACLRFuJL7SU4orafHmk6F1gTrnUYW,1539,normal,0
1rwoaxrixJYsf2zujUfPJaVVemxf9BhB,1539,normal,0
bc1qyd6ycqn6ldjqc060qm3p0ma6u605ya4ntlt9kc,1539,normal,0
1z2QmNmLYJXUH4Nn8DmJukqeESqDjNJH,1540,normal,0
1NpEJKqR8pGUDgCFHPjY19EnjkW4zkoG,1541,normal,0
17fvPoyBjgoAumLwdtkLRhL5YXksf71V,1542,normal,0
1nXqtWwTwyHLycsotTBbkbbyt7WgPphZ,1543,normal,0
bc1qhwgqm9gnas6hqpfgdudwlfpayh5e4yvr04uukl,1544,normal,0
1V1RKxWa8S8djPuvnUJpt7JzQ37Ym1dc,1544,normal,0
1bTAvmdTmhLeZXcbr6H1DGuAZfWpU19g,1544,normal,0
158wshYpjyJUH1ox1BfD8f5p9e5y23Tj,1545,normal,0
1aP5PAjLUq6X7M4hNtzU1gQ75sdMcMpC,1545,normal,0
1bzkvHTXxriQGd2NhMXGE9ZoCox5tqo7,1546,normal,0
1P4cRtteV7H9YaNMoS677HpdE4fEahjx,1546,normal,0
1UX1upKVgoS17XfVBtYGedtcbswP4wzw,1546,normal,0
bc1qkkjlae5vd8d2j3rzayp29872pldrvywjs0rkxy,1547,normal,0
1iKKsteMe3M18hSWvgbc6KLHEVVi1J44,1547,normal,0
3XV3T649eKTSbgPkdKa5dGVke4k6Vam1,1547,normal,0
1JtN88YtEvWiCpUR7Rc4J514rf67m7Ae,1547,normal,0
3qMJE2hdf8BrthGHMy7tDyqmisz9eBbw,1548,normal,0
1UrR4tq6mEo1hD29xfPndLFA1Yf3LMQB,1548,normal,0
1cebZXCVESrRvUiasM51q97Ma1qfh1v7,1548,normal,0
3kaTd6LmYcXJXeqDV5FWA8wEyA9eWnBx,1548,normal,0
1XHpJyiZjdsgk9THtcMDHi3MTpbtxKsh,1549,normal,0
1jbysPckidbyKm4JUkRt8sD6ff1u5P1T,1550,normal,0
1cckinAzZxmVMPqEfSg7aVnNeGJAcBbd,1551,normal,0
1iUHUZcBzdUKk7G6RFZZB3A1zq12W29U,1552,normal,0
1mQVYVdBUyeLcASBPspwfebJsBWcRByx,1552,normal,0
1r3iRHjcDxi7FkJpKybotwVneK34hara,1552,normal,0
1oHdVpn8tyWegcAL7Pau4ZuYqJGwbZ5p,1552,normal,0
bc1qlwkt00fv0vm0ul02pfhuhj7qm7mcltlnaa2y6t,1553,normal,0
1bPkzpVTxmkbXHJEWyAYNKXw3JjJFtkV,1553,normal,0
3Yjfs87EJ2x1hCxU5Qd5duHRYnB1EMkG,1554,normal,0
1tS81zuLMqPVwVzTRmKC6m6ZcEyE4rZC,1555,normal,0
bc1qapp9uuxh9flx9djfu29yphz8eg9quv5ajxpxc5,1555,normal,0
1ihKQBayxdZc6qt2Vvars3v5ToGgQ6vi,1556,normal,0
bc1q908n9e67usjjmy3ghx5rn95ddghutx0ztjh9cv,1556,normal,0
bc1qfuq972c5zcyhpdp87upjt47c030vg3xqfql76f,1557,normal,0
18b55XkDNCzFurYowxqEXvv5BeWjFxo1,1557,normal,0
bc1qkheeg24wrtuy3dtgy0fmsnjng6uyf732uz6xe6,1558,normal,0
bc1q734p5l7634jk3k8mjkyetar0fwvv6hc5pdqyl9,1558,normal,0
1RVi2bfPPD4GajVTMbiQJWX9kXVe8V89,1559,normal,0
bc1qj75x0q4vmh37zpdwufwkwxnx5dhcm8u30zzjhf,1559,normal,0
3mVHuZQnX3V6UGFkx6C8wT7cZqvfnQML,1559,normal,0
1DyzUbfxUCshWX6kBk1NBXy5i6L5i24b,1559,normal,0
1aMnNNrw8YsGJbC1nhukXCZxA1RhiBqb,1560,launderer,1
1gVqkCQQwA68tDijpRFzB3CPQuU2CXYP,1560,launderer,1
bc1qnzlgma2remqeyeegv9nu42mdt0h006w6wujh4h,1560,launderer,1
1eQ5Gcj7m5QjhnPBRtCVZoRjuNCY7vVJ,1560,launderer,1
3VbonQrireDx7LvwbNR6GVnDyH4keNk8,1560,launderer,1
1JwuTbxeun6UL1KSrJUnnjzwwUkN8UfJ,1560,launderer,1
3bCM52r5grNck77BgPZ3ViXReCYK1pYK,1560,launderer,1
1GbYJVWXdb9bTgUNEDBmWR3meigP4azp,1560,launderer,1
1TU8UeTyvYjyTnwAtjUoqcjCqNmBdCcY,1560,launderer,1
bc1qhd30wsrfx0vee0w57veykdn9zm5caxakz7hwwj,1561,normal,0
1vzNxHcaiePfFJMBh4Yvkzs5JS8Uf7Nv,1562,normal,0
bc1q689k2r3r2r9k7lhysrsr5x5wsa5sftwrtr62tf,1563,normal,0
35R2JEzXKA4XXBMBs6bX9FVi5cWmavpA,1563,normal,0
3CUrZacbfu7j9W7236DyoHAjj1phM13F,1563,normal,0
3sRGvJ1JhaH3iTYSHtSWWPKTbc76eRiV,1564,normal,0
1MHmAe8xaP4jLLM2rVRX4bsXF34pTeUV,1564,normal,0
1pnr17adVpve8T2kg8Hy2sjL4eGbCQ1k,1564,normal,0
3kzWuXDLsEZ7MQ646wtbKEQrFU9FSmxZ,1565,normal,0
1YzVyER1qaK59h2gjj9sAEAHZbgcinGV,1565,normal,0
1ZXd7LowwGgMLkT4iwjfSPqsxbukcdtL,1565,normal,0
1aKysvYvz7nrtvYZ3oLmQ6Bu6K3N9gCM,1566,normal,0
1Jxe3AgvzYxwVdEqQciAhCy7Zu8EXAzh,1567,normal,0
1REuY8X4aAaaXYwBv9sXFAz4pt2T6fn8,1567,normal,0
bc1qhj3kn7zlm6hr33a0z7zsg47rx3algjr3230xqj,1568,normal,0
1Fxi5Ex2TqK1mia2eawXrXboWY8qa6Yp,1569,normal,0
3wjm1b2ghmT8EuANKu56UFcgEweVeY7i,1570,normal,0
1kV7jXu8zu1N9p3YBEF2StMpPK9pQqfY,1571,normal,0
3VV1id2KsqhnFt5sQNgKv8AJ9Z1DFz47,1572,normal,0
bc1qy2s400pms0vzte69ydjuf288qqdkgfddnwzg2w,1573,normal,0
1NArdNz8yAQvzL1owp8ynUqWvP7cuxTT,1573,normal,0
1FwUsHh7BnoT9yXUPjego4oo4rggbsQR,1573,normal,0
1K1Eh59mPSEBWoKgcB8TpYPidg6cXehp,1574,normal,0
1px5gJYZTHJh6x9SZWNWaqju97iBhGWr,1574,normal,0
3mXESQm1aSLoPctmnXsPmVcbYGo5D7E2,1575,normal,0
1dzQ3kUWS8qZNHjXCN4wDNyZdbnzWuXd,1575,normal,0
1dJDRtCxqve7sGe8BZcGh3ktdpkkthWc,1576,normal,0
1r7bxShgVMMsrijpCi5nij19rXfzMcEN,1576,normal,0
131Pn274jjP14inZUVB2CqacNYxpjPpn,1576,normal,0
bc1qs4suejgknx8qrmfyx2jqtndpk2yae3en45axk6,1577,normal,0
14tnrWKCj6JZ7k7HgDecr8V1mr5j2aTn,1577,normal,0
1Tuti7qjUUjrT7gffRDv5Am641GGeyUK,1577,normal,0
bc1qct3ttuhl77d0fj73dl2yjkzc6juzhgpuh49e48,1578,launderer,1
16cCqE2ugRAU4MR4BMDV2RLMvRv52Tzz,1578,launderer,1
35ET7V5EgzCbAiWLpgfsLaiYcsW4frwk,1578,launderer,1
3D6AWAZb4jBkZ3hGzgqbkJ8veJkSWP4i,1578,launderer,1
1bkUbFkBkKPNuEeKiwV16Ax6WaBBhvJr,1578,launderer,1
3Zm6wRzKqJqeir6AtHDNKMm9RbwiEdPC,1578,launderer,1
1SFzfQNG2oyUjRMjqmfPAVSRQK2QWVc5,1578,launderer,1
31oRSre5Dp3oyvE9uruEWFmLNr1JfsSX,1578,launderer,1
3vbCF6offzkQJoK1ampULGx3xNqhkavX,1578,launderer,1
1befRQG2iEFzibxFcaWR2ygpCrgQKbCw,1578,launderer,1
bc1qhhneka9hs88n6tmt89lyzvfv600xrfaqw008lj,1578,launderer,1
1hD3S8VJEPxZZda7bXXfGFhmSEWhCxse,1578,launderer,1
bc1quj6c03fzqxldn4a0g3k4auetv8es5n4hesssrt,1579,normal,0
bc1qm8k2s84eehr4mx76dmdkft9dtrknyxcl2nra3p,1579,normal,0
3Q7zQB68Kuacw9SqZeHaitG8aVZSH9uR,1579,normal,0
bc1qtmp4jm0elxqz5dua4f7hhy90fxe3r90vwk759f,1579,normal,0
31KkpN4F81oxuije3rCzfzm7wjcjDb3U,1580,normal,0
bc1q5c00ezakrf3eugn43x5n60mva0gdctur0svddx,1580,normal,0
bc1q2q9l2w7plydq22edsl3arp73d8ml08usey8r75,1580,normal,0
1HiJaKx7gQTeMcchzbdwESUKVmUnkfjk,1581,normal,0
1rZQL1uG5bdnQJuHF5wCfn3VT7RaanEA,1581,normal,0
1mks3erHnhWS3vtZinG2aaZw2UoLd8Tp,1582,normal,0
1CQ7yvwDAq8EijcVGBueZUUqqibKuqVW,1582,normal,0
bc1qewdt5xjxan6wx2wxz7sgjg27wga9uwvfwvsqmz,1582,normal,0
3zYESBvgUz8UqMnnSTKor9HYmXL4ftRr,1583,normal,0
bc1qw0laldf2avl43kuudlm0sw0al24kxq8yd5l8wn,1583,normal,0
bc1qvpw22apjzhgxwr3lmlygkzqclpmfkarnnpv4e6,1583,normal,0
18fzXNBnp98LDNNt4ewgeK4LWdhrKKgS,1583,normal,0
1KymsNYZMhe3FnjaijNa161ZopVQ6ugi,1584,normal,0
3bJjqBTfK3dCbhPKnJoNbnaZzotxTGHP,1584,normal,0
1xwSPZ5zmK2fekZAr7rYQ8PiTEM5QtpG,1584,normal,0
1FNnunwrjVgbzTAiQaCc9CvHgoB52M8a,1585,normal,0
3BkdPNrHNQQsAJs9FN7u8zv43z4UNsX9,1586,normal,0
1mYNgXYrPpkpMccLzoTSfA32Ldmcd2TH,1587,normal,0
bc1q4mkwc67mp605qg3gmkh7y2mf0lxkj98fxaqcxv,1587,normal,0
1SnxjWVWGAqa5wqppCzgRpUhYrk2R4x2,1588,normal,0
bc1qayr5flg27kdlgzjjtkrfecjn40g78e2aw5ckqm,1588,normal,0
38vtksNzvKJHH73JNHGKbiGNkRwz2Vw7,1588,normal,0
1Zmh2fNRj2EeYbEnqGNohDEnSx82LKFY,1589,normal,0
bc1qx5wghavrqulkthvrj6azsfkn78vlj72xcmfcnm,1589,normal,0
bc1quxkzv0v5cx3ml3jnug0wcdghzaxsgnjxrpzrzx,1589,normal,0
3765vmwrukBezKn3Ggpe5diycxhp5Kid,1590,normal,0
1i7U9JZ9NyLBMH3ZojTViXMTSYwsj1YD,1590,normal,0
3Dw6tHf9K8fDuV2kdegD9KmtkePjmSJ5,1590,normal,0
1uSipWBrkMPtgY6F7PytFyD3S1Xp3JXY,1591,normal,0
1hf4u68sqgnY3kDzF8Qj2rJhQp6cJ74Q,1592,mixer,1
1mwYZGJNJxS3zLin7ihSnNBmsBCCoUor,1592,mixer,1
bc1q7468pz472clcr3x8hcezl9rmx033vd08r84w2u,1592,mixer,1
3G3v33ZwrvFuahM8d3emr73oKLHbeDkq,1592,mixer,1
1k2CLfSj9Dy4p1mGcG8rHqiWSWah9G4x,1592,mixer,1
1cjUCHkzvSmGHsgrNWvpCdxJv2QPtNLt,1592,mixer,1
3X4KGzVwbNNcv6Vr5SbF3VNJtsfAow9C,1592,mixer,1
3D1RmtR2gMbEkDqkzEHFC3J5vRGC9Qpk,1592,mixer,1
1BapVsix4CXsx7M7yosoqDSSuXqgsAss,1592,mixer,1
bc1qzpg2w60fe3kc6nprutyuljmmz8pqqd9wwjzxfx,1592,mixer,1
1NEHDfXLxHhwMogzr1YByqM47vLwqeAS,1592,mixer,1
1W5tjT4KZCrhCqguiFbDzjqSx3jr8j1J,1592,mixer,1
1ZZUGEo46nG7jWHGpuKojeJj7mMDRHr8,1592,mixer,1
1uAWhYWR3DAo8rTZUBHPhMQmnjjS7R7z,1592,mixer,1
bc1q3h37szrx6tqhs7m0t3lmqqsfvs5shas42n0de4,1592,mixer,1
1vkL5sRBn5XHia6yZjkmttAuJuqcDiZT,1592,mixer,1
3QbbBTdaaJ7vz7ZoHYtEAsPxa3mqbSeT,1592,mixer,1
1Zf8Db3TXvPL6bmaWPJqhpPRa3L9tGfh,1592,mixer,1
bc1q07y0kcrattf92qmqpz5v09a4ylreg4mnk9zlmy,1592,mixer,1
bc1qn95lzt95t9sg99afg35ymkawmdz2ahk90a6784,1592,mixer,1
bc1qm2ctpuzp5dx9a9duf93tq8upaq4lnhg9mz5pa5,1592,mixer,1
1pMFim8pHgJ38wuhCrEjvyoTY9QHjoSo,1592,mixer,1
3o7cLxP9KhNGVzBJAAyAc7xq7NpZjnvY,1592,mixer,1
1yFhEy1oxvTwsXmQTpNYhvGRKdCXY7Zg,1592,mixer,1
3mgUaKiVKstRKuJzDDrkW5CSSbSR6dm8,1592,mixer,1
1HskFVkWgVUSg1ZqVRkGoPtvqEzV84ES,1592,mixer,1
3LFuquZ5k1nY3kwHvW2bSYVuvGHoYXCe,1592,mixer,1
1swKt2cbUwJ5dZDekaBwXw8uqcTnRb78,1592,mixer,1
1e7eibcL7fHSyHfw9qvTx1HHphbbMfeU,1592,mixer,1
1raisdvBo9psEogGhJF65HdcHJAEAfX6,1592,mixer,1
1rDX9oTKxMDDXowE467en1JNGJWZkzr9,1592,mixer,1
bc1qwj4zmh78aq4jvh67emwtgun7mhcljyg52kjmrk,1592,mixer,1
1K3ZKwEPGHJUeogsBZP9fKLcMiKqP3j2,1592,mixer,1
bc1qa7u84mmxzhrf53x8qante3qx8tps8zqf4gvc8l,1592,mixer,1
bc1q7dh4dlwhrrql42sdhytk8gquytmku9a5p84jdf,1592,mixer,1
1LEaqAqwh6ALtSqPCB6ExB1L87nsp1q7,1592,mixer,1
bc1qx2lsj6nvtku2vprlc29s3nkm0tnse0c3l942z0,1592,mixer,1
13wyr5XwyjMwXNpAvSYYxgKgEqSJ3ceu,1592,mixer,1
3woKEMWc8zLAq3FX31D8rnp5NzVMAtJf,1592,mixer,1
1JhtA84dxumPu9F86emt7orvt8VRn6sW,1592,mixer,1
1hzLcmWEp719FKzP2mwacP7e9WQzkTBo,1592,mixer,1
1AB2kTba8McLSG6NNEyrQtCnutgT68Xw,1592,mixer,1
1o6Q4M72YqUjWHnGwfhrEG6waDQabt4E,1592,mixer,1
bc1qk4cnrm9krcgx03ce0l3mjcpjufwuqcfamlat0h,1592,mixer,1
1NRShT8HnPwAYKDu3BytjhsYiJxUw9UQ,1592,mixer,1
133bTkyyZsfWGyVQnxHwA6EZ9aDC6YG9,1592,mixer,1
1hQVK1PGuEU9cXTkbcnrqrXsrHyJSouu,1592,mixer,1
bc1qfnrr3pmc2twtaulw0r9a44vytgpvf0n3d3dh57,1592,mixer,1
1fhGLQu6HZjzJG9dkATUMALTiWzvXSnA,1592,mixer,1
3EYkLtWxovUcnHCbNfFt8i6hVXWtAVFs,1592,mixer,1
bc1qk2crjy4h863u8luwu7gpavjjgrtlm5mq9nwha6,1592,mixer,1
1as4jkgu5Qm89Yy81otZJTVhwKwFUiiK,1592,mixer,1
bc1qjluue00ph4z6qeguv66ftfd36dtsl3zdefk6hg,1592,mixer,1
1BrmM3svaSKQUTFCfvmz3umafetMvLvh,1592,mixer,1
3FazE6sY6AsYiN1WWSXWvttpHWkdn8CC,1592,mixer,1
13LSfxX5B1rjdi9u5bmeo97tXbRNUeS9,1592,mixer,1
3MPbjp4ERNQhZwqZBny3JqjER4YuF96N,1592,mixer,1
3Ndk7P4Dep2hKSiA1Xuoni3ek3BiLWzi,1592,mixer,1
1R66bdNg5LxrvJ8ALSv9WginJ9JvoFfU,1592,mixer,1
3XmDRk893skjVigANf1DEez7hpeCTvBQ,1592,mixer,1
3PAbAkc6DkSC2g16zekfGhgEX36RNi2Y,1592,mixer,1
35ToV6A2mx5mrajhjKeBssgosTiLoHbJ,1592,mixer,1
3rt4Eif7zXFN7Ys82zR1KHV9rFnekYj2,1592,mixer,1
3bNkzUyaChf6v7VHjdDy7npzow4cSwzX,1592,mixer,1
3e7kxoZFdW5bEM4E2V2Y94wQjwB2UVBt,1592,mixer,1
18s72kZCT6cWmM6St6nc33CjTKvcrVkh,1592,mixer,1
1xMh3CcABeRWJax6HPwTp1TdsQaWJWSJ,1592,mixer,1
14XRj5CyYGgtnXh8wvRT3gdtiKnuezce,1592,mixer,1
1af7SCeKZgeBr481vCLSZG4aLEa1ceEK,1592,mixer,1
3nUTrMUzXaiNeW7qWTS5NASsVRmogfCD,1593,normal,0
1nT6wAJDpdmwu1Ak3cD2RL2uN75DmREe,1593,normal,0
1RS6jKmcHGDMi1xHvcLTrDiUGevmzSUF,1594,normal,0
1qQSozvumhUyZ1u4Jvinq537Tazz7Nhk,1594,normal,0
bc1qfazjcsl6t5yqrmxfnkazrgzef7f9y5ec7kr7lz,1595,normal,0
31nQRUQfPedwNfVpZ6au6ebw9jzKe82i,1595,normal,0
1offyQD7PUn7Bfq6YUxvc23T5g7GAGSW,1595,normal,0
3teyFUDRnpU5J6H6WkyhLnaKznyEGWL3,1596,normal,0
1NMRbM4smh8dB3fZPH2wjJ3XmapQDC7v,1597,normal,0
bc1q2w64uun80a8ejaa95evlnelmy6gggwvvhdt9rp,1597,normal,0
1X9z7hq4bVUumj7ZtAjfjMUa3wgxwTLP,1597,normal,0
19W9M86P6PGksoUwJWYE5GQvi7FDU1xY,1598,normal,0
39NCpHUMSdAeWovQZ4NtrHyjgpZoC2oz,1598,normal,0
bc1qeprn6fv6ff4erkqsqtpjjf3wvq66f2qhtdg57n,1598,normal,0
3ovdc6B3PzHTcnmhKnxt4dA97k3z4xT1,1599,normal,0
1Lm2S8ANBrwQ2NEM3QjyoFFCsMR126FC,1599,normal,0
1ZirGkETDDiBTWJarQVYEPdWzTgMPL5T,1599,normal,0
174uEsnkmUuKYB5bKfLUr3LpSSgNV8gS,1599,normal,0
1aLtdGKowBRPLeKhmpNswiGAgkqH5crW,1600,normal,0
33sKPEmxKw4tem5xFs1aqc4o5k9R9siA,1600,normal,0
1XAU5mmTs6znZxWPH2zWEEJ9qaLc7R17,1601,normal,0
1JU4KsMzNTx1NGb2gjZBZSgMXu6w7kFm,1601,normal,0
bc1qs9jc7gac5z7gqrn8rkgm0587ys9araql6sl05z,1602,normal,0
1kUTGUaHaxuNuu4ExNVT5QAh6TmKB1My,1603,normal,0
bc1qvt9glpks5eph577xkk0zpv8hv2jdycl6dp2mdw,1603,normal,0
13guyu9T8przXY3g3JmqYpzMRyCBsWC2,1604,normal,0
1ubg25X6pBM22txor6VtUBhFQdqEaTAj,1604,normal,0
1AWDbSkVP1h7S7XJS3ZbR1X6XQn6ZfvN,1604,normal,0
1MbpUjcdAgUX3GgAAmSJvzVLs3ixmofG,1605,normal,0
1nzKdyZ56m4ufyt89ZwCipBANHdgBXZt,1605,normal,0
1qcuNt2U4MuuC18L2jJq8brLvyqbjvXu,1605,normal,0
1cn9d43TpqKQ9VMQe2PVMi31cXgJs9X5,1606,ransomware,1
3wyZ6A7PRfyXCa3uR1Tut3LJFDPGzbJk,1606,ransomware,1
1zrj6VNvsteHkpkfpwASThagt1cT4f7o,1606,ransomware,1
3LeTt2hC1QQdjTmP4vhNM6sUXbuajQCa,1606,ransomware,1
1TbRMaDXdwyraGAztsKCZrtDBdH7LobL,1606,ransomware,1
3yTZWbYga3uzXZs3GiSXiVzkpRWP2Dd6,1606,ransomware,1
1vK8Vm4cSkgmuFfgYWNY2c7fqV6HFEao,1606,ransomware,1
bc1qmr9qmqgs2zpjgnl8arc9aepa4thhcg6ra7fetc,1606,ransomware,1
1JLiijMxcx5kwrYF1Rz7LcL1MftT9t4x,1606,ransomware,1
bc1qah6up6epxw6x7xy7vnrm0p7sh4frc58h8qxuuh,1606,ransomware,1
bc1qgt4vh8df69jl8huq4evs86p7xlzhxjuz3z3lh0,1607,normal,0
3p3sDckqXqzYx2sSW7K1AfDLebjZpcoj,1608,normal,0
18hAeUTdTJEKsptN6poLimUwWHnZ6Dcy,1608,normal,0
bc1qdd49fkt54psyrpfgr5ahs0u8qwtd2mcpvgvul9,1608,normal,0
bc1qthjm69c5tfarxuanxagzktxsxj5uc4x8e35unx,1608,normal,0
3t4KPTTw79Xx6LjBe1bSJL7BnQnYPypF,1609,normal,0
1j4t81h5NnAMHg9tSanjGZcMq3rcH5cr,1609,normal,0
1iwJZNrhATPC5Z6Q7KGvuYAYm18Wg9zu,1609,normal,0
1k5F9B2nhR6cYKoKN1cFbbedynM7MArq,1610,normal,0
bc1qggxf9e98d5qwgg72eug5ajjmn3gat4q3fqctfk,1611,normal,0
3TSwad6D7KpMxY1sJhyHBe4akpjhmvcn,1611,normal,0
1tyZscCDpchLH4GL3ZVuxzRkXNH6nSGa,1611,normal,0
1LxDC4WuXJ7vDAfch8J5ktU77anWQ2CG,1611,normal,0
19pcgzELb4LJm9me4g64mmEcwsJCSTJi,1612,normal,0
1aM5sqpxB89TSpbMExbc46ncJcAFHBPk,1612,normal,0
1iW1C6RmPx3oNSVa9HReH9tZfsVN3tzT,1612,normal,0
1NnPUwCW561vv1cFd56FRkEcM3aFTcBs,1613,normal,0
3wWr8KJx5P1M5ufdkuXqRRPCQqVmu2ft,1614,normal,0
17XVXkzhJ4qtDSmTkVctX8Axr7cqDcto,1614,normal,0
1qw6qW6pVGkTVNayPiBxpGP6s3yzJHnW,1614,normal,0
1cdyAuKxxHMk7hzuA68Gv6zFaDXp26rx,1614,normal,0
1NiwwpVRG6YwUKju1hxBKbRNXfUmmDtZ,1615,normal,0
bc1qfune8jenvkydthdpzl74d9war350qdn3lkq6cx,1615,normal,0
1H4JxpZHybB7TXRFfYDVQT6bhdK6x86e,1616,normal,0
3rWbif8SzpHQz1uA5LAhH8r5wWMjKmBC,1616,normal,0
1LNB4vvwaPTpViXq58iqTphJwhU1G7Kx,1616,normal,0
1WbHJp87xhoVMmLX86eQdr7oU34rxhjq,1616,normal,0
1Jpim6cnWoXRRkFGHT5SbusPiNdMw8UU,1617,normal,0
13nzSodj9cvP2FQe7QmZhdc63cHNYigc,1618,launderer,1
bc1q00jpxjwx35qe0vtq6njzn9uq67xjn6sw09rywx,1618,launderer,1
32MHkM8CTkpzxW7H81gzvUZuPuaGwNiS,1618,launderer,1
1dFkNobRPGbgFWJGBgSHaYdFHbzPtooZ,1618,launderer,1
bc1q8q7uzjmn6dwn5p8tsv2jyuuckrndlmk2ulj5lz,1618,launderer,1
11X1UCGqHh7KF2q6uK7PXLcKfbGE9keM,1618,launderer,1
18aAhaE8zg2YYJeft3G6fjDQZfJxAf2d,1618,launderer,1
bc1qg8pd7h2j3ujmgxzvsp8lee59upzfvdyue322c7,1618,launderer,1
39CaREoSaW11DdhB9ZaWZDS5kye7giCR,1618,launderer,1
bc1q8kgtffr8jzqq8s2aaks8dwqrsx739ynsz5pqmx,1618,launderer,1
3FetpCiF1uZDPdF1PaTYEW7xcV7hErRq,1618,launderer,1
1HYsBE5vmimw8D7HNNCSNoqhh8PHsYZz,1619,normal,0
1W74xyfupLd3i1s2zF6YocKfoBa2t9HR,1619,normal,0
3JbVdZ2yDADNCCajojLf287mVxXX2CeC,1619,normal,0
3CmFu9cWEk8KtzdcE7dbGaqJ4FQiBD9X,1619,normal,0
bc1q2kukr38xhmd5hd4utct5482gxz9dcautghys6n,1620,normal,0
1J3EE1YfMecbBGNLyQ6rey8YEAPbAfCR,1620,normal,0
1TENswRJN3PprXpsnxzFTF3BtzaFoARK,1620,normal,0
bc1q6t8ws75vd3txm4a3cesvnesstxhfv7d0djjueg,1620,normal,0
1b8X8eUFZmUJsG9mTzY6QetPaVQon46B,1621,normal,0
1Z9sVn6nMgdc8qKVmoJ116D3CYLtu4Xx,1621,normal,0
1bDNzKD78fbozFXdGtofj9MHooYqfLWS,1621,normal,0
3aDtq9VHnrLHvBrpU8v82JUkYxSKnYgx,1622,normal,0
bc1q2jevdqzslqs7t3fs23843y5zr4g0lxqgtup4eg,1622,normal,0
1k4GqBVGbgALiVTJpgd8jsSt4hK6MS1t,1622,normal,0
14XkiejBobG5wW8YTwQCzVcR9CA2HPsi,1622,normal,0
bc1q7pe3t7udrjz3lj02y6qghcfuypu0z959k25mly,1623,normal,0
1ZBGibARV4YdM8mr5dohYLDk9zp8Eh6J,1623,normal,0
1iHouX1tYZ1ci8i21aZTZMR2wRYVgv3k,1623,normal,0
1t8maKHdgLHzANMsBBbAX6gsHxM2ov94,1624,normal,0
3URqBoZiNTbUUAmTaeKExzPhEtpJu4uo,1624,normal,0
bc1qpg89s05hgj4fdw59klwjdqsgktfesr7z373sv0,1624,normal,0
32EyGoBqgMLBgA1TJFNerVeqfj4LCjDw,1624,normal,0
1VtnCicGRuuTy57mF1tUghT5SiUr9DGB,1625,normal,0
1AnaBLMZ9eu7rXfdeP4dz6vyNiE7aSFN,1625,normal,0
bc1q60dduc43c59ku5kutnaa8pnww5h7v5s3q32lp7,1626,normal,0
bc1q4khvgnh624a7vtl69hdz22zavzy75wu8hls8ea,1626,normal,0
bc1qntlm9ef6mps4s4mpyx3jl4xvc20ru3e9newn53,1626,normal,0
1okWk4HEe1VNtKp5s8uJfDc4Myfsv66T,1627,normal,0
bc1qly6eql335khlvzf6tcdzdhegg9n2y8laz8anl7,1628,normal,0
3D5RGYbPvsN4tevyZg161iL8YdqpuRmx,1629,normal,0
bc1q7fxs3wyxf3czpnr57meknwpwrs5p5jyhrwjh3p,1629,normal,0
bc1q9xmg7t6qd0v3tk69zvhgs0jpp6v6avuzm72p4r,1629,normal,0
bc1q0z7ufk49ccrkkjn5panklha6s7npl64ve97esu,1630,normal,0
1q8HZbExwZjNRzCAvjgoo9GSGgTDzF5z,1630,normal,0
1XqV6tYcy6xSrh3eir5ECieJdJddgwQz,1630,normal,0
1p1Mbxk8oi1JSRSvRCmJtBUtbtgwzLA8,1630,normal,0
bc1qasuv4cm2kvwflp99wjaytuhrk2wm87pwwteud8,1631,normal,0
3ZiKqV8X85hXXvxscYxN3TSTfzoRopUZ,1631,normal,0
194Ae4FCRLQ2UarXogaZVEEKtBG4MpfV,1632,normal,0
3kwsBRCwRgrpEBdzcCwKYqaKHTK9adSk,1632,normal,0
16QX3irrLfX5x9gLRvW8Q8FkE7NXi5XH,1632,normal,0
3CEWzSZesWqAv1FeuzHEX3hmaB1Kwqg2,1633,normal,0
bc1q9j9laak9fz4jsrdllnsdcqjf4fu559h78j0zlr,1633,normal,0
bc1q84v6xlm8lwpg7kqqfxsv4z9mpdrk2pr3xfjlh5,1633,normal,0
1UoMqNP1USwkY6WBvXAmqnrGSaEHEd6f,1633,normal,0
1XHoqhhbtHGCG5FFmyrHzS1Qv3ovGHqT,1634,scam,1
bc1qrugq3fl9vy0us74zfh20vuuqf8g9ls77v0nqt7,1634,scam,1
1vH4xeEUumPgpDLBjJ5g2dxgBddWA86H,1634,scam,1
1E3ZR96y8iJmXwKPoznie7qMy1RGoFJs,1634,scam,1
3jsho8Yaz3EnCenRDCz1a4HZLMsdsEeX,1634,scam,1
1VyYYHgUoTbz1WntxgqKerG2d4Sng4fT,1634,scam,1
1Zx4PPafEHxu1dnnMSuPnMQmpuAAAZfX,1634,scam,1
bc1qwjjfuw4uc0v0c2jt3ck0s30cqcjuc5slt3up6a,1634,scam,1
1fL7VcyFDGzyywtGnsQAYJXvLS7jtgVz,1634,scam,1
bc1q4knz0dqqkpdmnl34enp0wc2hzwrryjsu3rag4a,1634,scam,1
1tiezkAhZEAcPJPwcJnsVwC1s83hoLXb,1634,scam,1
bc1qj294fsy5dyw37zpnugzutgutczv9agch28e3va,1634,scam,1
1rK3UvH9mBoYXARtuAvnruQ3gsRo5eGd,1635,normal,0
3iV5x4oPzdApkPk6t3xCfKmRoen7WcaM,1636,normal,0
bc1q2njmvpf0jfheal855x5znjna2wwwh2d72vde82,1637,normal,0
3KcRQHCka6Gk3WLUZBEX1g3a4Z4qigEQ,1638,normal,0
1vzUGiE3udPwXExHUdYc49a6rt7rr5cs,1638,normal,0
15VSSomoamrxv8pQ7feZBB2zq8uNoLFv,1639,normal,0
1qADFCVAPq57V9Z1fiBiLnCMD3mZiLvV,1639,normal,0
1a6oLEHS9YS23jXhE1A8X6jLemNbmvHr,1639,normal,0
bc1qpvzkf2rawugnkhs0x4u967plg478qxt90f7adr,1640,normal,0
1hXMSYeHJioZdsKsrGkpVGznDVnQPz3P,1640,normal,0
bc1qp0nva5km3wkzxh9za3c2w64l6maakrvytcf87x,1640,normal,0
13QL898VkJzBPwtr5MLbSX3nALpTT8oj,1640,normal,0
1bYQAtFyFDPH977jEyQpAjHEyGsdECzT,1641,normal,0
1wJU1ZidTm3qsTFkbfnwyyvMY94tAPJZ,1641,normal,0
1u3aALM2ysJkvhkUnRFrjucPBsDfvx8J,1642,normal,0
1R2id1uaJwdidUM7ohUHFv31zzHGaWp8,1642,normal,0
bc1q6cvasvfy2cdvp5pwpjr3g2ctdwahm3qla4w8ru,1642,normal,0
3EFfvLAXgyunP7DGwaxbKzyJytDVdKUS,1643,normal,0
1o5WhVW1t8xHYXLfMkbPXheE1siVoAff,1643,normal,0
1VeiDHKiVxTNwPhtvh8XVvuTztF5xZQ8,1644,normal,0
1PEUAtqwbTQ8RBjdtECfJpJKd7YqktDT,1644,normal,0
1MBBpze2VZL2voZ13VQRDuf4pHLcEsfR,1644,normal,0
1t4mr4FtoC7So9SGHbN7yWSkjY2h5fbD,1644,normal,0
3mDLEgYJ2p5UWcXKHZbeo3iABNvFXWWC,1645,normal,0
1ofsQg2cy12SWUmWiJ6vigoMH6vciCPU,1646,normal,0
bc1qux8m3am302ql7uhs8egn9jcmkzz8hvl0ntuzzy,1646,normal,0
bc1qc7p4uj92ejxjeq3feug2ascj47jjgrkralg3sa,1647,normal,0
3CJR7Roy5i9FpmbJwR8gFtAo4AABpR1w,1647,normal,0
1H8ve2u3iMy88389wxskpuYVzGfPygWh,1647,normal,0
1Bh2z4UVxcDzxQiT5XA64DYRsx6uGbDe,1647,normal,0
1BFtjb8sWthYwfGomdC9uCcFa1SUVZQf,1648,normal,0
bc1qqrva99rxzdt3dr6c0q7dcaly0p3jqnfpvhcvs0,1649,normal,0
3dGNFECQxCdbtbcSNqBoWm8DTaLwGy71,1649,normal,0
3A95yHC2qinjVZ1L6v72hBXUMPfQXDBU,1649,normal,0
1mmKtFsWgUU6hegxwgXmogtg3PpMrtyw,1650,normal,0
1X6TR3EmH4fTwBKNjad5BXeiUZXCcEi4,1650,normal,0
bc1q7hf4t0wg37p9jqq9z0lklpvpl7p3c5takez5yy,1650,normal,0
1DGCchM2NaxdwdByUErjdTML1equ8nyP,1651,normal,0
11SuXNndMs2jPG25QTiojKRmdmpXghGC,1651,normal,0
1bjiN7zFRoyrbfs1rwD7Z6aUQjMxWB5K,1651,normal,0
3dfMuHTP8nF6nwYTQo4AdZNXNQzyhQQS,1651,normal,0
1siDe95xJ4iT4kNFcKQLYDpPk7XeVz3w,1652,normal,0
1w49AGzAHEkhMPG5xHC5SHjZF5tu8V6u,1652,normal,0
3DykdEWz5PPLQR3TNrL8HochSj46gNZb,1653,normal,0
3S7FusrMMQ3ConU4EBxBUzKmSJ44KZve,1653,normal,0
3KcHUxSuaQfan7Ldwy7mZv9ePP8jCbxk,1653,normal,0
1zRRkcQY6bUK1YLezj1fLFPFy7Grjyv7,1654,exchange,0
3xi3cDeBKaKdTaJLcvj6XXGthLpqJyUV,1654,exchange,0
3PHP5HMBabr8K352buLh3SFgYrktNNq3,1654,exchange,0
1YS52mLk1F6h8M7xn7kn3L9n4kx4Aji3,1654,exchange,0
1udAptC4ZUT7wYQmMegJF7kZrYxprizc,1654,exchange,0
1kELDfTmPcngVhdBc745GCBmVa2f4zR9,1654,exchange,0
bc1q7utq3lua5ugrj74d9dyp4a3kh63usuyafrtjuy,1654,exchange,0
1uHVE54a4DESMW66W1xT39UA9xwtZNax,1654,exchange,0
1ExycsiwJJoXCQ5NGXpTWQpQVw9BE2GL,1654,exchange,0
3LekggkN9JznEFCUWNXy3DHk1aT6Rt8W,1654,exchange,0
bc1q9t0807258wy0xvqx5ef2ayer2js6mdp35mkx4h,1654,exchange,0
3DZEnviRx1jjaJK64CqeWZ5JeYaSjmbL,1654,exchange,0
bc1qh4pu3npwcteahgngcraadyuppuedtamfr6f8rc,1654,exchange,0
1NA4utN7KqPxevGhka9PTMTijCY23MNc,1654,exchange,0
1zbXB61Vo4uQwmANrKULqVPj2Zx8jDbx,1654,exchange,0
bc1q88t37s3na4a49csl06zhw8c74jrrj0fseg2egl,1654,exchange,0
1fN6bJ7EGSxXAQ7N4QrmysZcqJZEcSDQ,1654,exchange,0
1zzH5H6Vhr4AwHg9Jt9GDx6tDDvY3yRP,1654,exchange,0
3hrKaMmoYuD4YudagV8thSuzfqjTmxjC,1654,exchange,0
37vG4TSKri78M5FkjDVQ2uKvm7ThU4c2,1654,exchange,0
1kc8vqz91VA8qyVw76P7nfchd4xsdDNP,1654,exchange,0
1YX6n9DBJb2P3rXSx9qT7w4D6gSV6QMk,1654,exchange,0
3fB3yqFFGqtqxV95FaWVvZ7RZ7746NjV,1654,exchange,0
1zE5F2297wYm7kS4jKSMAAtnMsg5Ufbs,1654,exchange,0
bc1qvv6u63lrr7f5z30cpm47jpj2re0yqv0q7qs8a8,1654,exchange,0
bc1qt3f68qfmx0v85r8nnksvduhv8lqy5tg3qctjv9,1654,exchange,0
bc1qkqs5h7mu6fvt98lnee447ykyg9c9txtdzqzer7,1654,exchange,0
11rUxBd4UFZNXHV1HY996LPu9mq7Fko1,1654,exchange,0
1kK2KqEEvnJDNsXTp5rN8jJ5qQj3sfAA,1654,exchange,0
3kyw8ZLywnfCkCgFBuWQkjJHNT8gKMPa,1654,exchange,0
3RkPUxHeUPixJWk6LxHEA5PAFnjU5f5H,1654,exchange,0
1mppcLGcwFvY3q7ZBGDyUfeAXjsP2sgf,1654,exchange,0
bc1qlgjg6557hr3aggq0m39eyugmxjxkzkhuy7y5gt,1654,exchange,0
1KDYbToaGb63M5EAeZ4nxxWTCAy1UZsC,1654,exchange,0
1YRmZooRm9J9UK64dHvyMWbpe7Vb4pmG,1654,exchange,0
1qRY6Tdm2pdbTmFJoPuwMDwTJsHqZso3,1654,exchange,0
1yy721xKyVr5ZaVnyspwMJphxkhizdSW,1654,exchange,0
14FZZxZdhxc94Nqhj1cxPbwsWcnkPuCR,1654,exchange,0
3xFQroQza3YyD9XkP3BPPy8b3WFyXWdQ,1654,exchange,0
1sUmasoQAaen2PKS3LaP2DReDn2Fij5i,1654,exchange,0
1SwqKq4KXAkBnnujri3hVWPYHyw8nYb8,1654,exchange,0
bc1qez99lw7era3xxkxqsvjn5y2n8akkyqyygd28zw,1654,exchange,0
17yvUohTVBUFpvuzLoTZSSDMQDPKQwhU,1654,exchange,0
1tZu5KQ7DtNgzuaeWs8MSwcEGu9G6H4c,1654,exchange,0
1GVYDiR8WWymkrdYV1Fp2dRLVPofQyys,1654,exchange,0
bc1qne4zfzxw6u4ut2l36sm4q6jmynanhadcuw885z,1654,exchange,0
1D48WeWu3ZnjLr8rKJUkvLSDeFC7eLEe,1654,exchange,0
1gCisffDBrXXi8GCArCv4Ueje5bW6HNR,1654,exchange,0
3epVafbe8WK1hbQwBJZ9oQJ9BbvKcJsJ,1654,exchange,0
bc1qs2d6673u5nfmum7kkezdgdr4r5rwalgqalla8h,1654,exchange,0
1nf6Xu5HYfYrzD5sNV4ZsEcQManvW1Ji,1654,exchange,0
1N7fsTJoxSDZvD5hqkGfyr6urJMcwsZK,1654,exchange,0
1sURVP2AH3R1WjMHJpWGDHyyAuUuFGLA,1654,exchange,0
bc1q04z4xhmqdpk55tjue6qgm5l2sz3252cmj4tvlr,1654,exchange,0
bc1qlapme7vtg9ljrcx0xhtkjexrhwyzamm2z8ujje,1654,exchange,0
12PkGJwedKCdSumSNfbxMk3uB3Q7K4f4,1654,exchange,0
1LkxHC6cbbbJhyfKh1Ejykxavv2788Nd,1654,exchange,0
bc1qgy5txgpyprd87r9m9akaa2r0cx4p0tydqesplk,1654,exchange,0
34zhbiPd3PZSSsEkZMPbTD6UChqFEp8d,1654,exchange,0
bc1q52q634lge3pfetfh2sv2scrztvqct2hjy9rlvd,1654,exchange,0
1nkE9f7UxDjoipTcRzLTM5vDghWajwYC,1654,exchange,0
13dEn5fcLoZPNExbS5mU89HPjPD3pJe9,1654,exchange,0
1k7AFSH7XxJFCaGKZkJL419nWmvvrusz,1654,exchange,0
bc1q5794qls5epxmyqvcwlcrm66e2z87pcyn9parwr,1654,exchange,0
1TpoR6vT9CQvMMMssNSRK1aRk2TFG7AZ,1654,exchange,0
3neZpwveu1Vs8ugLs76qqhpqCy6ChyLk,1654,exchange,0
3ZmGabxzfoad19hXoxfVtHQ8v4aS4F4C,1654,exchange,0
3hAQaDphSLZn7ug2WmKjxJt22TG24CfK,1654,exchange,0
1wDA1dTcqxwEjjZeENuSuTh4DfFfHj5p,1654,exchange,0
19HfVNnWLkPdKcyQV214Vt8TYyDn86VK,1654,exchange,0
1ajwpVtRkiPaf43nm8hKA28y4Tbuf7N7,1654,exchange,0
3BZwZptHWF5wTBcSwwboTvY3wjKchuAu,1654,exchange,0
3nmBmFLQXTGAcG2zDLMAdXyActXSbnjn,1654,exchange,0
1DyAtYkstYGhV23tKESkcH2UM7Cattdv,1654,exchange,0
1ejQ1Fj8MdqBLB8pwz5ZRkzVyQNXBJjq,1654,exchange,0
1JSEam6HCXASycBtd1x9gNvCF4UPK7qD,1654,exchange,0
1VZu6LYzBieWet4GXs7hemG9aCh5tor1,1654,exchange,0
1xMph7kSuLRGaRugEMGWDCLFXouutn1c,1654,exchange,0
bc1q30zk8m7thsruj7mspuww8f90h2u94pvy5wfgus,1654,exchange,0
3GSjNNjLuKF7a6nNYS9Yw3n5x6jYkbhN,1654,exchange,0
1zmg5bx34zPTi3Mx9saQNBr8U4WndgSB,1654,exchange,0
1dpRngfFDmTtUzCEzbexJnNbY3aqiMpF,1654,exchange,0
1PJCYUReWyeEZ4aTACU4M7YJaTkgoX1w,1654,exchange,0
1ziy71ijSvKpLoswNTCJdF8JHDPDFet3,1654,exchange,0
1a4y5o4ssN5GtyfgLBGT63ZmCNftkfNh,1654,exchange,0
3bdXJhrLvvykFTJJ7QVxGaydwJf5k6R5,1654,exchange,0
31BP2LAsj6NNPAHf68DsQspXVmraFrF1,1654,exchange,0
3dMCScbc31g35f5YnW8CY7PcysLedc1R,1654,exchange,0
11htMcshEEFb5fkcRCK1aRAYZtx5K84J,1654,exchange,0
3wKkjmG7Cq4go1zTCjSYaZfLZLuED6rr,1654,exchange,0
11JbfKnEU5rkFwsEd5NdZCxCj2rpQP2A,1654,exchange,0
3kvDieUyL1FpjDmuPubzNomUBTe9Mrxd,1654,exchange,0
3NKUiyFwbBzoVSSNx7XQdQbHdqEeePn1,1654,exchange,0
1iJaDFxHm6msgnKbL6qsc1nmTx17Dfx7,1654,exchange,0
11RLqjsU3mUA4Ykd8CqCkd2MkE1H4ZCi,1654,exchange,0
1AAEek4MLYjMJTKSKWU4eM23yr4ZSN5p,1654,exchange,0
1YGDrsynrF55cW2emsvoDFL395zKHg7w,1654,exchange,0
bc1qdmet5uh673pfg8974p68gp3dx9pn73gnf790sj,1654,exchange,0
bc1q4rnn7chan6e70muyujft2pwjzfjhehfav7g8cn,1654,exchange,0
1QSDZdKC8bLm6RfnY9GWkPCrZheoWWkP,1654,exchange,0
18U8g4deNgu6ns5dkR9G8suwM52Q4Ycu,1654,exchange,0
18QxZvsHkbExHyd5ZcXNbkDA7BrofQ8o,1654,exchange,0
bc1qwrpa6jytss6y5df5txzcyg023sp7gqzchmdmc5,1654,exchange,0
1GsQgGXG3CbVqK8eYNWiA2yfrYrSF8P4,1654,exchange,0
35m3bnxJm78gwje3zkrFdgJjHR48uSQc,1654,exchange,0
bc1q3z9zmmd22d8r7055myuh3msrza2qq0vulpj47r,1654,exchange,0
1Yqdva6d8fF4pBfhb7HrhXo2uJEBHEQN,1654,exchange,0
1DusdCUhqigmCaBAH8bJoCFLLKTzqiXM,1654,exchange,0
1ENw8NmtodXeVHXqTqmQAAZacQt6pSqA,1654,exchange,0
1uz68ncv3PU2ejeAUzqrBn4ecVJnzUgi,1654,exchange,0
3FKPpU4wk5qu8eLDsjDo9AkcUe5wXYSV,1654,exchange,0
bc1qlu5wqlvv52xs5f9m2plvf5y3ws949ngeccgmw4,1654,exchange,0
1FpNzQ2JK4AKSPEjANjxMXinXkbJQ2RY,1654,exchange,0
16mLC273mpp2CpdaJbPwjD81VJkRJNtp,1654,exchange,0
1mbtWW1uKGEiHqWNkYnSCMH4fGwdmnAi,1654,exchange,0
1FL6Lrr78PJL3jfLBpRASWYQ2LMSzbuK,1654,exchange,0
bc1qk6k39jq030l5ksrudat8ugqlxzxtf6g20syxh8,1654,exchange,0
1zFvxcUcnPMdw4qNKwkGMgbRAujJwqR1,1654,exchange,0
1g3XUycvHmRAniDEjeNhMkMKoqEtqvF5,1654,exchange,0
3JTi87c5RPAMnLBTd9uNUPk34cBu38ww,1654,exchange,0
1REqWaY44fMagd14ucZUaEM5b7Dh5tnh,1654,exchange,0
1jX7ivsdLcMJ6RseNWq5XY22jEza7j9q,1654,exchange,0
3vj1iCCXHrnVigJDe6bvfeKhRrW4qkFo,1654,exchange,0
19cbJmiNqFgLMPKTXHQtxRjC8VkTwMnD,1654,exchange,0
3kowsUugcA9oy762x5oFLjMdHrsE2Ttc,1654,exchange,0
1ZMQwTbmewqQzcpCG5gxYZ63SFnLF6xv,1654,exchange,0
3258BkoJpECCyKLJ8TMfM4sLGG3PwLD9,1654,exchange,0
1WDRnqeg9ZB1kN3VYsKA49qvN7pE19uT,1654,exchange,0
1fmD7D41SuFLpHLj3B4eEe83DRZzNtyG,1654,exchange,0
3w6urFgsaGFUUhLhgVuFw2qmS4g53teX,1654,exchange,0
1ZPYmXHT1J2zzFZS936A4HSHwwT8AaZs,1654,exchange,0
19ErQrBWFj6Sk9xpnbt84F6ZTevAgyPz,1654,exchange,0
1JNNoubdPgkM58eUAGTfQdTTdNDv9GFn,1654,exchange,0
1LGRyoGpshL7eZmYHbrAvG6gUV4oMu2X,1654,exchange,0
1X8jCrRPeGkSo8fmbSj5QbKZ8PcNx5Cx,1654,exchange,0
3FLFX2BZJHsBrSNNeeF6Cp5aByWyiZko,1654,exchange,0
1EZmzzeAr9dpFoKbqiHekyPvNSve6Na5,1654,exchange,0
11yUgAH2RJSWyTCGHm9cB6kKp4Mum1Zz,1654,exchange,0
bc1q2y5cd8ekgccp4zvxmgvrq2u75cv243n3dqnd5t,1654,exchange,0
bc1qn05sk4lkntcqgujag479kmrgrpgsfltwvnf8vu,1654,exchange,0
1pRgKQN5Q1y4sMtXwke2tyUFKgxueikV,1654,exchange,0
bc1qa59jujmkyj33tzru7r7fp27uwlyp5azmng4sp0,1654,exchange,0
bc1qq5mypahfnvq0f3jtlr8tkgvgwyk7gxy0xt4262,1654,exchange,0
1ehmo8JBsXnMnYiJgLLeW6b51FdGNG32,1654,exchange,0
3wrKbiW9bqqgcc13VpXE2LB3R5fdNP7v,1654,exchange,0
3V51cvobLtKDWuX7HP7aZwHLXTLGuBsE,1654,exchange,0
bc1q07t2vr2hwa8u5gscevkrfclaucyn8lqttfh7jk,1654,exchange,0
1gZwuHkVSJZePQTVwNBSzHX1pCNU4bZe,1654,exchange,0
1R7Wu7UPRinWRUUwM9ZM2GQPfFRdGsNa,1654,exchange,0
3fqpcn4AgSUAbo7Tc5LdyDQUYq42WfG6,1654,exchange,0
1cKNwDp4cLmC6bqbZvbzyC5iDhyCea4u,1654,exchange,0
bc1qn0jmgedf6d7fwmwr4e5jtjfy097eya8cz5ql06,1654,exchange,0
3J8gqN1sg43nRSk2vaXfmr9oTWMeioDB,1654,exchange,0
1W65vxTAMpKW4i1sVwQY7CYpbrSL6ZMv,1654,exchange,0
bc1q0c8rs60d7rhsmajeuc2mqthyktgdhqp8mc55av,1654,exchange,0
3UimbpM8X3mxBnJUH4U8xBctJBLdH7ma,1654,exchange,0
3b744ikdQ8kkHj4J1i4Ab8En9tDsHS9R,1654,exchange,0
1HWNeE8sKdhXUdJtTVr2jcAYhxvoF5Fc,1654,exchange,0
18bPnLkjE6quKGEni4Cp9zyX7Eu7V97p,1654,exchange,0
32Ux3wMyM2FBbTsKn5k2oH6eRXr2roja,1654,exchange,0
bc1q5j7uly6djhc9h5e9emsfj3u0zdjsetpavxpetq,1654,exchange,0
bc1q0yk39rdvdhzwsywwdfm6deeejj9th7rw0qkmq8,1654,exchange,0
3GckXYt7qDQ9Tt2UsEcmTPrDJ43zav4u,1654,exchange,0
35ryySFsQjR1tdXmz1jWZ4Hn9AB6NEPn,1654,exchange,0
1CLGMvThEjHwMsfxQfkCe8nueAoBeonR,1654,exchange,0
bc1qdj33fxdv07gr2pugpne9vz60jns6690qcdqm0n,1654,exchange,0
1i8NFRHRKHe7Mhv3xNwFdjMGmK5ZFeJz,1654,exchange,0
bc1qr073v4hd5dphw55mag7e67fsd8fequhntk7l3c,1654,exchange,0
bc1q3n45mj2t02wmnwx45j8cwx9m6uw5jxvh22ptv4,1654,exchange,0
bc1q6ze9yr6cjl03pp77acrhfzgljycg8ykav06zj3,1654,exchange,0
1TVvvqc3rg2zz2BFND45mWLYwTZLwc3Q,1654,exchange,0
3oVEMWXEpqbLUdcXwgBrGRFXoHPC2qY5,1654,exchange,0
1Sbois5L5Y15tqdJ57M88L7SMrQfbxg5,1654,exchange,0
12fzy3wxUtWNJyByVgNqTmYW5b5wf9hV,1654,exchange,0
3EyXSBNsCXbeWEai1bawx7r7rw7Vywcc,1654,exchange,0
1jBfBAwCn9LWJ5ZNZCyE5tBoL8gkMMMt,1654,exchange,0
1RAPM67uB6T4ijQdGQEH3qK6YiNL191J,1654,exchange,0
3fNwm5fudtDeHgBk3zXLmpSTKaq3RZG1,1654,exchange,0
3oBTvGxGDFtvmo9oiECJjb2mxz6pwMA2,1654,exchange,0
13k6gb1oxrxeAmMkM6N5pSgoEN8QFPGc,1654,exchange,0
1HY1GJcRQLWEY5FvmgENnjUrcaehEDCH,1654,exchange,0
3uLEJ4HsDtjaAJP9GNqaZ1RLqmZLM6rp,1654,exchange,0
bc1qw47nfgfdu7szftj6zz6mf2cxyzdeatkl9qgdq0,1654,exchange,0
bc1qfwz32uema2sr3quncmw90stehc8kkwpzlm8jan,1654,exchange,0
bc1qvalj4yqvwjn49r4tmqcqepen9yckrrr7l0fhnf,1654,exchange,0
1H3KmSV9Q5goCgTiBJVpq3NpY61tsSgx,1654,exchange,0
3zgB23YfL8ycmQqj57kdp8contLnhoR9,1654,exchange,0
bc1qn944cae0nt03h59uy5j97dy6444d49s6sl85js,1654,exchange,0
3jY7FbnEWgoVLLmBPhZY55CMw7ki8qhD,1654,exchange,0
1pQh1YxoazQKLJWxQFigPatbNeSpsYvt,1655,normal,0
3rFVa9Qpwk6mTuD7NqaDwuB7QLdUTH9Q,1655,normal,0
3swfKQRjuJBm3tbdCiyrXWhhwSVhKBBX,1655,normal,0
1mfVZD7pG6SnBac5U3iMMFUAmbC7ob27,1656,normal,0
bc1q8g4y70q06glh74sm7rx32e68hke5de3sygn3wn,1657,normal,0
3tvvTDPsjnnDGb9dJchEueQjdmoP3Yt1,1657,normal,0
1qWcZPm6A8rBMnLzP1w5fDh8tq8PmaQh,1657,normal,0
17qanGsbuzg7wCEhBSpnM8RtyyeXNQj2,1658,normal,0
bc1q82rcfv4ptymxx9jknfp60hmelhjlalzkmzyrqw,1658,normal,0
18Dyh5NC1BFqGrv3LG4tV9WkMbbfTXhN,1659,normal,0
3XaqDJho4SjR9g1pL3cqUAxujpGoctME,1659,normal,0
13iwxFKjuEN6kxvZBnGzdfvYrtwL6VeR,1659,normal,0
1Mwr8kXYMiLQtccNhQVN3J97Df9YkTbo,1660,normal,0
3a3LSiduyr2N3knwgmNELizD3TNj3C3V,1660,normal,0
bc1qs3a9v7xm45qhcrsu93kj0ld3ww5z0ycs3cx0cc,1661,normal,0
1yyEft2ZqLtjeADmoC6qsFC3SyqKDFmy,1661,normal,0
1Jd6zJgcBY5HJXTb7iRv1zDzdn1RHVDR,1661,normal,0
1PW8SiJNuTCwwYi1QbQvukNnEezZh27g,1661,normal,0
3r5jYpf2RaT6x5kkcE6bxdHApC9BmMbG,1662,normal,0
1ijnXQ2uSPk7VYYhspcCNRHrmMhHSWcC,1662,normal,0
3M9sysjLPJmnsFKndZ9yyUnhWyXbURyZ,1662,normal,0
bc1q7duag3wlyqjqpc3x5y0jx5s4ef59427jcpg5p5,1662,normal,0
374WA8R2sA9miYhM2GU2JL4CRpduEhdC,1663,normal,0
1J3BKRh3aLZXtBMcLNGBVzRtdwzLoiN7,1663,normal,0
3Tqsyk4iq2X2Lqmz8PU3pHeE5Bsoo7Dj,1663,normal,0
1oK6gew2beiNWBArQc3doqkekxbjddSd,1664,normal,0
1wB4mnREt4jAncz1534pKJ3qzSJz5Bav,1664,normal,0
bc1qnytqlnj48pv844z4f2s46dea0ygg3rlrkq4uf6,1664,normal,0
bc1q0387raqfx5t6hpdk7mxz646ysv4se4lm566rvh,1665,normal,0
1hP1QqFvdDQJ9RgbdRRDHgagrbFupnTN,1665,normal,0
1vJ2v895sRmQxYtxtNJ6QA76ErSeQtWe,1666,normal,0
39iDKB9ByagbyBBPgmD7PVjnunUx2hFG,1666,normal,0
314RgdkMQP8Nkkis79kz4pUhqLPpk7CF,1667,normal,0
1rofUcsAxiStu1NBhBfu3GMTdFPsBU9W,1667,normal,0
bc1qerkyal4t9l3vx4yr8t3gpxz6ktwaxx57s05852,1667,normal,0
18GifzDRGNMrYFh4ipfMdKn1k5BntZPd,1668,normal,0
12odrMUz97oBRe7cwRxn2pJ4dTDH6iQZ,1669,normal,0
3hx17kdD2xgQoySqh4Xs4r9hVsRTFDbR,1669,normal,0
1hXFTKGXcD3GKsZHxoBHiRGWbwNh16yn,1669,normal,0
bc1qcz2jx2cnrjd2g5aur9233zw9v6mcn0dwpxujg2,1669,normal,0
3J3o6QpBDG4SKiD3m4wsRHarTU4pDL1R,1670,normal,0
1cP9Ch3otxkzuddbutua1ACRA5ftw5MX,1671,normal,0
bc1q9taf2ked5gfznsqtfk6d09flaszkyclls0zdzh,1671,normal,0
36Ewj4M5d76SxMj5NZBoDxbxWniGi9Qt,1671,normal,0
1ujyFqeuJHZm4KW3hEBndHvuM5L4sfDR,1672,normal,0
1qeczGqbMSBQQZY4f8mLo2joeGYZtLo4,1672,normal,0
1jRwWWqbSi4NVMs58Q5Gf2osrvTUCnDV,1673,normal,0
3LUXwWLDcwr8SDY7SHVGwRkjuC6xBYg9,1673,normal,0
1EhspznyQjCue6LYbJEewQ1xFd68aiXG,1674,normal,0
1UiihjnPD5Tr7fxDtP19emLTDEcaT6Ak,1674,normal,0
1p5yBxhfG1SFHqmMRAJiMC7AsJXyjADT,1674,normal,0
3mzmohNja4LyPHEXvsybYLoqrPvNSuY3,1674,normal,0
1xoafDhBwqwB6GPPf4MJQPeZnc7irhpb,1675,normal,0
1aRLHFWg1m1NbaV9zixB7Nvv7qKXxxyT,1675,normal,0
3c1iKdxHdYxXYuekn5dHyRJeenpcGqzy,1675,normal,0
1nQ8R2ZzeG7m2oHn9mxhUpvyaRz1v7uv,1676,normal,0
bc1qy28a5ulfxrlccs3yn0xd222pxp8e6evfvpff3f,1676,normal,0
1444188qZfiHvLkr5jStNLpMgX1giRYz,1676,normal,0
3HrfzdAt3dnXVraxb6Mqk5k1HhLPqB7z,1677,normal,0
bc1q0uz8chcmqfqe88ljwwf8pqe5pqlsxw59ahdpuw,1677,normal,0
1GUPuRKHCAVxZ9MjbrUjFfHPS9MfR9D3,1677,normal,0
1UDFXrCjrLWARiRAtvxv4i8wYvyoaebE,1677,normal,0
1bV5sDtBy2Uac1bF5PN4MidAqiPYWM7i,1678,normal,0
3ZJXBvPo9qUd5gwvJqQjVqpxP1776Mwy,1678,normal,0
1XGZtz8tD2RXQH3PHaQi4SUhF7zShQKX,1678,normal,0
1Shz7vYXqB4ei1NiwZ9xfinPTq3HxLN1,1679,normal,0
1xieJ74xReesXZVSLx75eGsHVnSQvsPD,1679,normal,0
bc1qaace6wrsnzzrcn7xlymdzggjxn5rk2nn4xhfep,1679,normal,0
1XsNE2u6knRA2gji7xmgM8dUJpdPhhi5,1680,normal,0
1mDf5zwQjSWcMMXjGCbyRB2ZmZ35CZbu,1680,normal,0
bc1q837m567vqch9ev6mluh3yull24ezx95ztsm6u4,1680,normal,0
1VP3Rnnfxgn1pmKBTiL8LoZ7Vuk1f4gK,1680,normal,0
1ibeFUrrdxq1PgnacawJQUbgXnBj3mUR,1681,normal,0
1ZHrWvM4hakdRs8u5REM9ciFBU3PxHTm,1682,normal,0
3RoohCw62H1MKAUvF17g3ojBPBKrGdxh,1682,normal,0
1S8PEEPH8AkV22rrKAkZhMA58nSnja35,1682,normal,0
bc1q7jujfqd956687vd5rc2vuwlcqv0xlh9sv3mt46,1682,normal,0
1bCA9Th9GXSJPTMudJgtsh97S94YLteY,1683,normal,0
37jinksNbi7N7PZJnTbpdj1DDeX5MNGY,1683,normal,0
bc1qmlddc06r33px03yefelgq2thh60klpydnnsdna,1684,normal,0
1VTuo5wRPJA4GJCunxF4p7noFAFmzgbi,1684,normal,0
33miAcPf2mTyExPPy6ncrZuMyZNkvXLi,1684,normal,0
3BY7zEbHi4vHDChGjxLAbeUXXczdn1Fa,1684,normal,0
3hmnPh92upM14LoD1bguXwLaKuGPeaTA,1685,normal,0
3FjS6ZzF6ZNZ7XoXpmZ2CkbtPshS11Pg,1685,normal,0
1kCK5z6znuHXCLzitLDrJRXJ3Y5qSEAM,1685,normal,0
bc1qf5dfk9gk32q78g2yelm7lgm097430n0z7vpgah,1685,normal,0
bc1qhglzjltd0seut48069dxluq2psla752xvzah4j,1686,normal,0
3RLr6nq263PqhgxpokEej9DmM91Zd22E,1686,normal,0
3eifijDVWaj6Y5VJFNQVdFjfYNWgdewb,1686,normal,0
32yeyVqFKRQ9qYNgQ3JnbQoZby47nFX4,1686,normal,0
bc1q53mj774lnau0f3aejdqv28tnrf4pxnv8r5p2vm,1687,normal,0
bc1q0vy4gyarv20nsrrafuxmam6n0hyydc490nx26j,1688,normal,0
1vmUp6rCdevhQmVK7n9ZLu2fMhG6dpcn,1689,normal,0
18hN5SJCVgsAw76KcBHJ6pvnYZ3mxc2s,1690,normal,0
152TggzfqiAHrVZY7NQxgTC2xMwHAfDE,1691,normal,0
bc1qfuu49qjwvuc4wmdkrmgk5fhtn9rhp6l6h4qcrz,1691,normal,0
bc1q6urmwszrvx9rhxhm4w6t00fgpaucjt9k8yvtx9,1691,normal,0
bc1qhcv2xtts4yd8909yzqr4srnaujdvl7lev3yjk4,1691,normal,0
bc1qv40gv9ejjk9l7v2tujurfz42he637d3hmfdgap,1692,normal,0
1E4MszBxzV5cG5fKcHEDsoSVJecxGf4B,1692,normal,0
3bsv7wvfmJe99pks4JXhpGhhpVzWw9zA,1693,normal,0
1VYL6w1nnarpPmjX8gj1nrgqvhrGeH7i,1693,normal,0
1RNVtwYEytW3vLhDsmMfnHHsrzf6x5kd,1694,normal,0
bc1qt3q20c2a5hkp7t2wf5mrehfeh9wgq7g53h4eqe,1694,normal,0
11bh4quoTupkjhPpSF6WMFJXmdrbyrRB,1694,normal,0
3FJLDEXZvTvNUimBnkag8pf7ooaMmZdu,1695,normal,0
15sBd2sq1dKiEF7amDxFNszueMbfekwo,1696,normal,0
bc1qyvlmz5m220qrelxhem8s4wf7vcug6cx27qz8zr,1696,normal,0
3GqUNfJEDqPvUjrmyJZ7ahZNFRnUWWMb,1697,normal,0
1ux2zaexVvvD5h8Qs97cZ9FEtoU7XTmw,1697,normal,0
3BMRsRU5htTCMCk1tkBWQmUXegPu7eX9,1697,normal,0
1b5p6Fmwf76ck6gnTSbSPo8epd4jsG1x,1698,ransomware,1
bc1q6q67ljvk4qvp87k9zqhqhael7n9udaz9uxv2al,1698,ransomware,1
1YCg6Gz6a3K2pvW8FgekSe3T6JDjtA8Z,1698,ransomware,1
bc1qw3kgg40r2yy5vw53qjmz2650qrgv9gssvges6d,1698,ransomware,1
3dF58RmioRoEocUqYacu7PgVNbTpB5G6,1698,ransomware,1
37wdQdA5iCowe9aq2uws7YL2phfXoGZ8,1699,normal,0
3dSHUEnkRRdCg8krZyiostKF3D4C2hrw,1700,normal,0
1pCf4v8J3TWmNQcApcuuFKktrqiysXwU,1700,normal,0
1R4ixxNLQLYHmJcqhsqYazoMBhpjERUs,1700,normal,0
bc1qga2fxeygtfpm7lf6mhf0wvmav9nd99vfpe27dy,1700,normal,0
35FaXD2RjG4srX6SeouoC7iAzBUabC46,1701,scam,1
3qjPFsVZrhEErnHJu9Ghyvuiyobjb7ZK,1701,scam,1
1G8BiU9A7fyiyGUTjrr4kcCkYzX2xEuS,1701,scam,1
3C1cRS7wkj7wZ74ZQAPTssUyfWCiJx6Z,1701,scam,1
1Po3AAXAvf34GNKDBYA7CezMoCWiJ2Q4,1701,scam,1
115gkWcDWsXoooA589597MfZTEK7czq5,1701,scam,1
1JUb9Y5uoPtKZfUfpDcxkykxySVETKZL,1701,scam,1
1Wqj34XmVxT2yBnfURhTAyMCV3Vgb1ve,1701,scam,1
bc1qgv942qkznv55nrzadm5aqewqv0eg6tym56h9n9,1702,normal,0
3bBXDQGB4r43qFYgwksdMCc2UyEtTDNC,1702,normal,0
3Z4w6MozWUsJ4edcWBYsR72ymUcVs5em,1702,normal,0
3CF3VpeD7HUWnomkFrY9hSJnha3V8gZE,1703,normal,0
bc1qr5n8u2yq3f3nzvqjqr6uad9mwrslcfdpgwddqa,1703,normal,0
1tqdp4nwJEuk6Q6n6w2pMTZHUj2B922J,1703,normal,0
3veVGqgE9QKEUUzwUiYdiFpeWaDdWk2u,1704,normal,0
1WoEVZCjszCkjUNWiq2oHVMdtpq9Wrdr,1704,normal,0
1hEzCCRJ8KucBwBeHgZrKYACQn2gYQN5,1705,scam,1
1YzLvmqbC1nrRhFUSrsgdBZLPcAEHtsB,1705,scam,1
1yiK6u4md52Rvuyv3gkGdAMwEXM7Cx7F,1705,scam,1
32bP5SEYYjXocvsHu2of8Kax4gAvpSYB,1705,scam,1
3PqhJj4tGngAG5dRBvArU9qHNJCiTQ8U,1705,scam,1
1kkba7qF2dA7AUpbBeDhrCSuVdCCSaaC,1705,scam,1
bc1qgefu35d3ve8mvyc4ac95wkq82l30qd4peptstn,1706,normal,0
1Hmkk6PHZQJyqbMX9q5R14WPahspUMTN,1706,normal,0
1WZAh8qGPfrH4qdqz6tqYvUT9SPvU4uz,1706,normal,0
3Z6pF4xDEYCjbAQGRAt2BynQae67hETU,1707,normal,0
132vpBNhvtRbVs8Jv2mv4HZ1es4eRtMJ,1708,normal,0
1L259E1cp6nwKU54vy9mnmo6Uv7bQTEE,1709,normal,0
12CDYR2Ck15SFr6hYb6LzdvhpBgKF7uS,1710,normal,0
1LjCqVPHzWp4r4dRwXJEWaaanQgyso7R,1710,normal,0
1nbCXuzENm8xbai9Z8aT2Squtoo6RNhX,1710,normal,0
bc1qc50ez03fle6t94ly35kpkny5angry00k87m9ek,1710,normal,0
173VvvubYdUVcGDxtMYJexfd46zKDDKR,1711,normal,0
18bUviTgfH6bkEMdaRHozCHuecA74D7M,1711,normal,0
3FWjzndtQgw83bYhWzBTU9Dmty75hTkC,1712,scam,1
1d2vY2iUZxCncmHNSUC5z8Z18r2aDH28,1712,scam,1
1cwo3SnH6D9tHY71SeoRFwxYQRXitQHK,1712,scam,1
3KygUDPEfH43o8ivo3sBFXgUwk1eDLfB,1712,scam,1
bc1qc9kdz338aycum55hhsxvtyxevngwdz37djnv8x,1712,scam,1
1uvTCjqDHF4B5Ctfn6yY8pLVUNYD85PZ,1712,scam,1
1V26cd9L39wrtUEHzDCPZVETdcZobpEC,1712,scam,1
11xJ68ndH7N4M7hxsPBjwHx3FsAqZQKi,1713,normal,0
1rfwBVqgT4jNwk3vR1Hvedvci6L2LqK9,1714,normal,0
1ZSaQWSjGuPT5SL8JRpptEnPMCZNGZQe,1714,normal,0
38mJPVTy7bs1fd16CZCSWFXTTShEuXzW,1714,normal,0
bc1qyqut9dep2wyt6g5lyflkxuff2286wazfjvrvhh,1714,normal,0
bc1q4ncwqf24l9mp5ygf6sfky4yc9ha74rwy9906ph,1715,normal,0
1UkjabiB2ViLWTtwYY2khf1EGdGk5gP9,1715,normal,0
1i2tG6L2anxdLL22qWUD6o2VmAZo5YCj,1716,normal,0
3yfoT5bqRPskK3idbgHG9Mo8iaHVQ1T8,1716,normal,0
1Lj6JkXU8LvhaVtaJAD9VW7K2Kb85oYf,1716,normal,0
1f8ZnQG5ks3wUcGDYN13wigxw9HC9G3M,1717,normal,0
1XCt2meLcwP9ke4uLqAAqPzuJjHRPgE6,1717,normal,0
3qgbp1pJZLoAUFkjddcBjRUsmesFiUuR,1718,normal,0
bc1q5r8c6n4xezhw93e038j4k3l5xrltppy4j5003s,1718,normal,0
1aCdAndDVERSi3JV4i3Cu1SajFXFsEsr,1719,normal,0
1ZCfsaQjGVuBFgDpLrDHX4iA14n3KwWy,1720,normal,0
bc1qsrljymfx9m7v8t96gxgz69096yy4kxuyvdqm6l,1720,normal,0
1o7GfwBZWM9Vo8Jzvz7rWs6THt75r1L9,1720,normal,0
3LGM3CffyK24UXfFzh6jPiPGbSysvgzU,1721,normal,0
1butTUwjDPsEipWekD3mwfkKhZXYa3kY,1721,normal,0
bc1qunqzmw7gy092z5rf7jkyncz98dn2pqm4fzt96j,1721,normal,0
1G1uYeawy2ZVf4XQcznZKVFou4D2LcQd,1722,normal,0
1WMMDxrWhFSp6jL2L8M7Lzijdiz7VXai,1722,normal,0
1bZUNKmUsYAGpC5FMEcDqDCt1xWEna24,1723,normal,0
bc1q6hrc3jxqlzf4fuylhtyqxlestx289nh7jwdu64,1723,normal,0
bc1qgllp2yytexs35kt70kw9s0043vftgqu3erq3n9,1724,normal,0
3VgMnsDS3Z4iKha7kkzrMUradC5SSZhb,1725,normal,0
18tG4Jy3MfNQV6FGP3nFfHJVBgUsBAEv,1725,normal,0
3nCqMWPHbiP7hecYgW6MUDohRg3m48MD,1725,normal,0
1BWwiGARPQmCDEDTFWVNPe8mexbnj7QL,1726,normal,0
1kgnGxFgnZSdmzVTy73HrgBhko4swLRD,1726,normal,0
3mHFfXwuUd1Rhch5TSEmc9newXAc6F8Q,1726,normal,0
16eUAB7vRGALcjzHfKKL9KfghfiZZ8Dt,1726,normal,0
1EPbzqeLTwUajE2rTg1hHZRcBgVcoPbJ,1727,normal,0
bc1q4u29ehpqlquk3tmf0v8pcqre4uag7ksss7eal9,1727,normal,0
3pm9oWZGEjUS1PZW2CbrULTuHUhcVSQo,1727,normal,0
3ZACx6Xj1Y8aR9QhutzD6hhhBMqZ1aVn,1728,normal,0
1hPz7m94FEYGFAQyQeDi9qT3gp5ngRZD,1728,normal,0
bc1qm7hqtuau4d42vxy7df4y0jk3k3hfx3rwwz8l2f,1728,normal,0
1X6Dq6kQQ8AYL42fvDJHjph86cnUSS3Y,1729,normal,0
13TLHjrkT4vEGzpNagy7PJrqTTX741ZK,1729,normal,0
1yjnQY2g2PXQ1EVUHHZFkXzsrT6wKBzi,1730,mixer,0
3vpZV13sYKECQt1Auerht1LrjKZahEPD,1730,mixer,0
1r3QKdmi8wuRg1iuRsw5iCgE1C2ugzvx,1730,mixer,0
1KoyK8rwvK24AytJhHdzdjWcnWznMyrt,1730,mixer,0
3gSugHHuYQ7s5dTzWdFxdZapXoeBErFt,1730,mixer,0
33YWSunSWwQ4q5siYVbNB43pB9gpxaEC,1730,mixer,0
3ytDoXokJEZ9JjuKgXrnyLBiMKWr3dBj,1730,mixer,0
bc1q0xlf5r5gk9ydlwewzpevjequ3uzc53pnhu30qr,1730,mixer,0
1pHQWExonqSHJQ6xWCk4zeY2tZsve3bA,1730,mixer,0
17Kgp8n3H2u5qGjWvvNW61XEHjCZSxqK,1730,mixer,0
1fLY3bPkK6FwuHewowsdpiM4KTSquC3F,1730,mixer,0
bc1q46awr0wtehtdlvsefc5gvfgjjfsekqwrg5fpjx,1730,mixer,0
1EiS7E6UxufdAfj6kTfLTTBmZun6ajUq,1730,mixer,0
1HZTqfdreGyEsRCTdyugYArNRZXayRsf,1730,mixer,0
1kmdVmciNE9Ty8gmMM8xTubnNAqdTQDS,1730,mixer,0
1BHDrajLPTZAPRmSoiNyQUpbceB66TL5,1730,mixer,0
1H2dxWaGXjw4dd1yX1y9a4E4Pq8qCtby,1730,mixer,0
1RZsD6vWLNW78fFVoTbd1U1LrPUtKDEA,1730,mixer,0
bc1qmpd75t9a55n2gt4hdtc235p8a3dxqm86pt5xrj,1730,mixer,0
3NPRu4D98YBZYMfH9HTPWmq1sk5v3x3k,1730,mixer,0
bc1qz7v70ye859psm4k4zwxg2ujzyegdxx9a7kt3df,1730,mixer,0
3pzRhSzh4ogjkJzxRVRDgBfrW87mwhAX,1730,mixer,0
1GgkWJfjBxDabSNBmCMyzDb3X177Pj3T,1730,mixer,0
1PibZx8G5WcbyRtgwu8xyVxfmaj781S3,1730,mixer,0
3ummNw7SZDog98yenASzmW5LfUR17tZQ,1730,mixer,0
bc1qqpa2g29sk7nt2zj2y0xc2rd33tk0kc7njzcvzh,1730,mixer,0
3jAWxwTdjqvowK2ewFF4uuKmafvMqz2N,1730,mixer,0
bc1qlrfs2kcfrdz0480rl3ynx72k9relha2spncv69,1730,mixer,0
bc1qc532ku6e2nrdqtqxu7w6cmz7jdwesjlxhqavae,1730,mixer,0
bc1qcclsx7fdlks858rua7d56eu0yh0q4tjky6gdjk,1730,mixer,0
1MkuoMxbJBWXGYPxTMzWudCFsX1pwumF,1730,mixer,0
bc1qju8gpfgsdz0avf5cmw2a4qelpc827tc7glpyxm,1730,mixer,0
bc1qxhfncdqq5hhehn7d45yzl2x695wlwdklh7mvy4,1730,mixer,0
1gA76T3P67g1nyGjjUPCtVimSMEiKNCq,1730,mixer,0
1jqZ7Xre3GZCuMzMxL44ECAUUuBLTzgt,1730,mixer,0
bc1q3rnwq4m447z3v95uzpux6cp29y3gcdsjahdnlj,1730,mixer,0
131S2aVdkhQ9scyuDwRRYvM9FRnD7kxo,1730,mixer,0
1jxuTSrDGqP7SYRi5g2E4dFkhC5UyDQ8,1730,mixer,0
1LFmMXRaKS5BTB4vnEHtEiauFf3s2wf5,1730,mixer,0
12EsJuDGx3n1KFJsKc8w7wBVpPzBnmP1,1730,mixer,0
1dxJAHnLrNhmBHVBCAqWX5DKksWsAhdH,1730,mixer,0
1s7fD6v7BMYDibMoxGTp1S8QHyQkZCt3,1730,mixer,0
31ZXdpU7PfzoHf2WwNz91VSQ9yZTwrJf,1730,mixer,0
1G6tJ4jkn7Ka9qHPnLDzh1SJ5N98HTGa,1730,mixer,0
1E4jWTA6zvd8AhuVTyK4Z1SKmGWbPLjC,1730,mixer,0
1GAj1ssggXCPC95PfBdjc5SvNVCndkfb,1730,mixer,0
3TMSTBfoZof249aKH3BEMEJT8UTSPG9H,1730,mixer,0
1UMq14PBgWceDB9H85zrYfpJUsyG96XH,1730,mixer,0
bc1q3acytlslqjdf6h4dzf2ul5q8rjmlr2zss6usan,1730,mixer,0
1ie7xkxxgPrdbYu7DejtMYkrpNh54Ban,1730,mixer,0
1EUdV8kNrkBoGe6eJyqiT1egSJLC2Pi4,1730,mixer,0
3Fn6rk617Qct2oPuEYFecLVBEaTUBZH9,1730,mixer,0
1bXs8SghbEcvW84J8Xuntswc79nj5Wz2,1730,mixer,0
bc1qakwu7ml0sql2d8g22huks45kp902g5y4whhzv0,1730,mixer,0
3X9Po9husVHEqHP3MGdvkTVS3JVaTRve,1730,mixer,0
3BkksXiXAfdtBdJQfg9dkokshjGMetZG,1730,mixer,0
bc1qddekyewvdhhx3u6qtc8qgmspgatacrc8exurdf,1730,mixer,0
3BPkk4GvEcHvwg9Fis8cmsyJmcPndKA3,1730,mixer,0
bc1q2plphyxy306a9up0vduy6gfz86lc9xna5x48rq,1730,mixer,0
1LmZHGdTVWR9APrjPNKD2VydTv4YM1DP,1730,mixer,0
3VevuLm9ZvHWssj5tdcvUWef5aeuFk9c,1730,mixer,0
1bfVjhG2rQwz8PxCbZ1nHd8B8uiPWcs5,1730,mixer,0
14YDFvyS97fqM7MrcoJCwbWENPWQokQH,1730,mixer,0
1W1Ya4iDcvR7zV6nB4XTZ7FWL3WD4nMQ,1730,mixer,0
1nDEvWASSiSYRDDC8mPSBcUgRAiHfVPG,1731,normal,0
196kEgKrRF7RWUs8BW4CofTMJt71sYXz,1731,normal,0
1QZxGNBZoJwEn76gr2WVrgiCSPqWogWc,1732,normal,0
1y1sTj1vhej6vrJmHdtcMjPgdVfNdRNz,1732,normal,0
1Ybv9RGuiHKzVhENu7XeZJPYn6mmg9zA,1733,normal,0
bc1qlq9fajn2c4k8g4prwzrf9k5kwqdenah54dajts,1733,normal,0
1ybwaBvAxBabiAxrWFh1r7JmUcDVeBjP,1733,normal,0
bc1qdx20v90qq7nz6gfegmz9ym8pcfz69fe4k9t3ed,1733,normal,0
1Lf2WPBy9ciU6fgukbNhpedVb8Q5H3Yh,1734,normal,0
14utRaYKj7V53bEwwQyWHm1AS8VFqJHn,1734,normal,0
1PcWHp5ZBtgmtbNTSAg5wP4seCnSX5y2,1735,normal,0
1zh2axLHDqhgauGrSBtGXnGFoi8YPJZg,1736,normal,0
35fRH77kNA9vRESzW7FbN2rNzptjWKoA,1736,normal,0
bc1qjmwyfcet06hncqepugft48kahhdgvc5q7suuc0,1736,normal,0
179DbUcg8mUVBtGr63FcNJECMhm2nF81,1737,normal,0
1ahhk8BnRP2a2zWDMKNY7Z62iJ29XLTw,1738,normal,0
3syaGkzB6B9pazG9VQrBr2h1GFf4uf3Z,1738,normal,0
bc1qu7697l6z74ed3te5jynz49m7d0tw5z5hs95pcm,1738,normal,0
1PXXGqJLrQyUk1ZvuJaiodZS5MW9fHVq,1739,normal,0
3qredJBpLcMLcgdAeFXfHUErmqrrMckX,1739,normal,0
3RVrkgPkYS7dzrz6jgK57zktYS8pyTW9,1739,normal,0
1XFEKY76L8YMG8646iZKDXR1VG4wE2we,1740,normal,0
3KCuvXhzLMRhxT3saSzLPyZjybGNbpaZ,1740,normal,0
1VrziW43qErQctv49HgfAqTg9L93Z4yx,1740,normal,0
182D7w9mNzLCDgpyJSXu6voEAZn8zDmU,1740,normal,0
1bX4p7QWRECihQdVHrr3MCDU6esUNkxu,1741,normal,0
bc1qv6jcagfpl34swvke4vqa8znjvet6qj2z9aqjn2,1741,normal,0
1QjcEiirsneCeNkoyrmX4g4MaPHvSQjc,1742,normal,0
15QzFBpxBgJ8ZYbPncLscrztazLrcceZ,1742,normal,0
bc1qth9er8k5st7lfeuhwjw2xgupqel5un6tgjv89f,1742,normal,0
3gPRehtL7LAHMBcQ1rfB7KrWE24dRxHt,1743,ransomware,1
3SFQhjd9AQxNjaugsFochXLAh2RAoeDm,1743,ransomware,1
1aY5LzzsH2QKfjhjfX7Zq3Ui6wCcB9qq,1743,ransomware,1
3XxSek7R1hRc5zUQCsmDZCtKHTLemyXK,1743,ransomware,1
1ZYhFu41w3qrqoCPq5SwWhBnfL4wd33K,1743,ransomware,1
bc1qrze5v8vexflaqwj5v8cxq7822u9mgudv6663ks,1743,ransomware,1
3UDjvkFdSqRNivko6GiNdz5gA8vyKebn,1743,ransomware,1
bc1qtu2qc5hqg80vcchrvqper7trzsl0v0nmrvc9rg,1744,normal,0
1ex4FYaFs9s6ucodBtdqn3YB4to5a36A,1744,normal,0
bc1q8tg4cm6j65z2z6q2smypsthyppzhy3lwjzh3n3,1744,normal,0
3F9Y6GwVgWdB6UcUbzv4vQf6tpeDnLY1,1745,normal,0
bc1qcm8qffnpyxl5399ndv8pvdgx2888xm76895kpn,1745,normal,0
1sTq2iYApyoQz4ZYJG9u55gSnGHtwucX,1745,normal,0
1Gdy8fsSxKEQDWkWTDZ6gQDary9L7Qrb,1745,normal,0
1jz7bTykSCj1VeRMEdXKAd8ZHZNXR5Jk,1746,normal,0
bc1qmm2xwn3ghypqu55unnczr3cp2mswy63vm2gxu6,1746,normal,0
38CoVGR7CBzNs7esUgtgaP6mgbLmfFyj,1747,normal,0
3G2VnK9iKdNoTf4ie8znFpfB3o4i1VSG,1748,normal,0
bc1qe4dal55r5p5zud7uzndkss7urrddr9a75n4vvy,1748,normal,0
bc1q85xppk026lzwjyzfj8cs3u70l3f4mtcf5gag4y,1748,normal,0
17o7bXEmf6z4Qo41pHAkJ2ZydgtzMju2,1748,normal,0
bc1qxrv0t73vxr90hutkz2lfj7y4pe95jxqdj6gswh,1749,normal,0
1JUNgqZZcrnhrfU4LMsF5hpVK68mnXG7,1749,normal,0
1T2X4VYCbkQT8QZBcCZ38LdnmMmPcchC,1749,normal,0
1PF8F6WzoCsk8jqpjdbHChJkSf8Aw7M4,1750,normal,0
3qtRmP1v1ex42xtx7QqVio6qC8EWxLZp,1750,normal,0
3WCbDphy36Tyze5SSJH9cZnn21MMJAgL,1750,normal,0
1D9H6s4RMdb8Aiastur9Q5Vxp4ZDEwTJ,1751,normal,0
1WqBZPkT3dCWAuVREoVMv8RLgiMhJsh1,1752,normal,0
1yh1DuiBMpo9vtiurhHZGNAo8U4pgVyc,1752,normal,0
1VxBLXpvQvstGAo4GjB2uf6vEQqCEvKk,1753,normal,0
bc1q2v3zptpnuvc9a6srcsqfge4jzgpr2ph4rxtjqt,1753,normal,0
17s3wepufENZfQiHGiZPMNMUVFw5s6HH,1753,normal,0
1MzvkiEjiD8KNBtN9tcQYWtWNpKtJxMq,1754,normal,0
16F86g2c4Ftvrb52FMAniFdHXm2vdxsd,1754,normal,0
19V6w4SH5PARM2fhDCELFPahjXakL6hQ,1755,normal,0
3z8TUKt4mTpPesVabi4Rvcey6EGTjNLG,1755,normal,0
3u7TGg2Qvga4KA27gBWf8xTYca4WXBf3,1755,normal,0
19MqupMq2ib4aGiQzfaM8peE7jbownjZ,1755,normal,0
3bNUhP9fypnf97kEuuQ3qzsYzdjbmurN,1756,normal,0
3K6sxm2Exvew4VhmKogGJwMRp7EyTCyr,1756,normal,0
31RMHn6B5yB1j294c7fpiXJPQq8SS84w,1757,darknet_market,1
1YNV1eBE4S9SUqZ6j67Y32np7NxaVi9J,1757,darknet_market,1
1cYKKQRpzA1S9TjgKEp1LU7eM2LKXasB,1757,darknet_market,1
1SEHwmwP8nhhK4mrt1mt5d2Spz6mdpY7,1757,darknet_market,1
bc1qje80fdrk5jneur8vd9dm8d28f0taujaes50xa5,1757,darknet_market,1
3wDw562JzAPFUfnYnF9CaBkBeTkr47Qa,1757,darknet_market,1
1SbM66ms2z9CG1Hz7WgVGBdE8mfMsHPd,1757,darknet_market,1
bc1q04r3ej0mcxhhvyy5r5m0pyqv0077995xlj62cf,1758,normal,0
3KniU5T6sozUhXsZaszfm7q8tAE6oegr,1759,normal,0
15DxfTp9bkuLhokkem7VT5JbhRvHA3Ma,1760,normal,0
1wuyVd7oG4wG92CEtXqAquQBjxhG3k2h,1760,normal,0
1ThM4gP9QEYLwvAn9mzos1t5qd628MgT,1760,normal,0
bc1qp6canq52vm0wnuskqxfz3e849eluszyr4svt8m,1761,normal,0
1NFjB7rVw1xLZPewS3KbXU8pbirTBCjG,1761,normal,0
3ndmfrx6fpjV4jECk4YbEAyxgGgk9XUp,1761,normal,0
13cunHvS9pkidEXSjVvvGcRSkEQnM4oN,1762,normal,0
3nvmoPkNj4A7zZwtkUKDf2BQn5KEN5zR,1762,normal,0
13AnUSdYE7nQX6RvWr3hdaJyWZqpLrRz,1763,normal,0
bc1qv952ny56ltnuf69zzp2wrjn0cu6tr7kux38tlu,1763,normal,0
3izsESc2iBo4mcSddbxia1LNNGWXBSLo,1764,normal,0
17RDTSzE5gtrzj3KjKRtYRR8dJY871jm,1764,normal,0
bc1q4er3yjg0ee2t675rjr68fw6xjcuvlmyu2fqty4,1764,normal,0
1mrtDhjy6qHoD28SjgcL4vpYrtwRL2Zi,1764,normal,0
bc1qjuuga9uhvg6xjc0krs983nzfcfq3d84003d0f6,1765,normal,0
3145PFGKCp9PpJfqBABckfPUchC3wXWN,1765,normal,0
1ZXGJ99dzipHoRZ5WrwY7kVQX9weB16x,1765,normal,0
1drQW9s85czq7JFviz1KUD6WaZEwSTVH,1765,normal,0
34zDMezV3QqfKMunTSSZKhy4qstYGSoV,1766,scam,1
bc1qpas46cheqp00ya09nm3stkteu36687u9y5cxgh,1766,scam,1
1QZ4wF3sgqpAnzj9w47S7Ne99YEmHDs9,1766,scam,1
bc1qaukkfh4rjxcnn76w4d2ygyxhal2k3xqkdry22z,1766,scam,1
3MPGgAm9rgCVyvjydRYNwnmnCTnvau3Q,1766,scam,1
bc1qdy530tn6yesmt5jdywupyfzyqmnm990ew462en,1766,scam,1
1bLA6BPCUPZ2YhREusMjBdQd7RvLt5Ff,1766,scam,1
1ua7pnPAQuxkLAf4YSB9aui9T4GvE1oa,1766,scam,1
bc1qvkwgychlxmqm4helyxc0v6ulv7tumu6dftumnw,1766,scam,1
1UFGJ9obD1ntnGEgMWmzxVoRXLvuYoqp,1767,normal,0
3skoPbJXwEfxm5CFAdYdyVhYCqktA8up,1767,normal,0
3EUjjbKqyaULQu2MkcNJHZgdLowWRGxr,1767,normal,0
1x5A7ekBnBxqzxN2iuVuaCY4WPKmHryk,1768,normal,0
19PP2sPv6phczoHBSgBXtUfhBQbWgtGt,1768,normal,0
bc1qgxmr8jlfmsqpu7vvq5hkyvxwq8p3t0jseufkm4,1768,normal,0
1be39YxbZ5v3QNFshVPNBs7LiaXBEmaR,1768,normal,0
1MW2TBhW8JXDVsEUW3hKbzWq2pRhjbD8,1769,normal,0
bc1qch49u7yj4dy7kae9qky9xmzt7uk900r7pek02j,1769,normal,0
3SptZE1DX3xtH1hc9P5QCUrcUqFfMNAm,1769,normal,0
1MnseNFRrP3zgPSTSERwimpJAhRX3Jvf,1769,normal,0
1JShCRFfzuztt69DCcDqNebUQjQBEod5,1770,normal,0
bc1qqq004q0690pfyn57t4gv9awr5fyq7nxd9laulm,1770,normal,0
bc1qjztwu05gnr0zq8udt76usklf403jt5ag3mscdu,1770,normal,0
3ucUcsBW5D2Jf63WGt97Aue9nNJt6PFs,1770,normal,0
3xhDYaQo5ccVNPFwuXDvDisVHpUg31v2,1771,normal,0
3gBpXsghBiTQLGJ7cHvyovV9Siwadwc5,1771,normal,0
1bXTRnNV2aTKnKfYUgWKPXdQ3d5W82Wy,1771,normal,0
3bpXdvXJnZ5HEoAVKA1s3ZaHSptGq7Gd,1772,normal,0
1hvRx4pQyVK6j5fR8q5df3PZHHeG3P7v,1772,normal,0
bc1q4hyqy2xyprmsxee0l4fm59navh8nnnltlclmwj,1772,normal,0
3rpanViQxHPc5dud316wdLu6rUyVPijP,1773,normal,0
1E7n1hACkM95WZB4cyBgtL3kYVkZrEhw,1773,normal,0
139TWWgweNtdJ3EHGWqVLhrixPBkGPuH,1773,normal,0
1bhnyfruMyp1sFk9gKqz7fenmeT18d83,1773,normal,0
1Y11m6fzSdfx4sVzgCo6xJAV3jjxWhxq,1774,normal,0
1GNoj4er9ombjA4xpzktYEfH83Ehqtce,1774,normal,0
36pstUcJf2158kTM6KUM4k7sGfUP5X7A,1774,normal,0
14ZKYyLBdiaLBLN99L2mZ3Dmvc3Rjszx,1774,normal,0
1GgjHxkHPQCPqFtdop7cdje2qAiMy35d,1775,normal,0
36Z8vMvvczusi2yLtYChzvTYZKjB2Ef7,1775,normal,0
1jSaWtDERkH8jWMnvw9Jjo58dhtRVQdM,1775,normal,0
19wZtt1effYANxU6jN8bRUK3pzEXbRHb,1776,normal,0
bc1q333qgazj4vn3u0tdcs9tm2k0jextds9psxczyu,1776,normal,0
1ie5qoQhvrnh8KVnDAgMYtQQ3bjNj5Ts,1776,normal,0
1Ur4ipApJCRvXk71aorf54Vh8PWJLakz,1777,normal,0
3ykNCqmPsV7YHFrDnxVLvmrU5NLypf4E,1777,normal,0
3A6Gsr6D5d1hog2QQo5fqynFqWBhksDv,1777,normal,0
3RKQExSQNUwBaK6NWQfPXkZoYxWg9YqX,1778,normal,0
1FBZqtN2UadqVYQ4GyPtx9rd2y9AjS7A,1778,normal,0
bc1qcxyl5llzrwy9hhljpyclg9rwatpglkydlhekwk,1778,normal,0
1Rr9tZTvu54okvxcVRVAidRyWBowBGaN,1778,normal,0
1jTbmcabUHFLDzed9F7zjFLzJT3wZTKw,1779,normal,0
15MEDCa8K2BdruvgmcTU9ezCc5L3QPvk,1780,normal,0
bc1qq9xv0lmq2u9ndrmwcq5fdhkspfq8ew88rt0l5d,1781,normal,0
1E7igWGi7UvfF1KGwFP1cNSAK6BcU6oN,1781,normal,0
bc1qrqq2ku9ynaw87sp95t7rjdfazvan8w7yr5xdt3,1781,normal,0
1GBNPuVw2VCDMLwwwwyytULTmW2eKkoT,1782,normal,0
1vfi3dUHuNvAyHrd75oYEXAQ6J1Uy2Uv,1782,normal,0
1TqGuPpK8fZXrsAoBrEFMANgcf3Nki5c,1782,normal,0
3YaMdaRMznU7QRmFHY3puYR3qBxXd6Dc,1783,normal,0
3pqF1YHgpPxP5SqTqfmW6JWXyeWCH5D2,1783,normal,0
3XNK5qaiMfVmgrwy8pAegsphE9uSde9o,1783,normal,0
15u5oikAYHowrMbZmnrdMPuVdotKXG5R,1783,normal,0
3ypVps7KLmM7mi4zw5bAh7UV57KknSfK,1784,normal,0
1rPCfNrhFDBmSdNbfmL3QBrpV8VWDhbq,1784,normal,0
1b6KWLz3RS3TyhcrU3chDD41QnBDoxm4,1785,normal,0
3vhhUXYHgLfKTnJXZeFLze8r9vktEHQj,1785,normal,0
1vqSewCauQukVYa6uvJJ3kDRqFZ81QB4,1786,normal,0
11XkoNQ2diQBTyjSyQ3f47Kt3q9CEZZr,1787,normal,0
bc1ql67vxmtza4g0kk9jm3hj2wvkpn7mvymfuhkmyq,1787,normal,0
1JSVYsaiD2VtsaAUQmaVLH5gwBesnhBo,1788,normal,0
1f2BYHCPpuBpZ9juesYZvyqChUE3mnpk,1789,normal,0
bc1q75gvrzjgezmrss9gmumq8xe7tmh8t0cavydwtt,1789,normal,0
375KU4T2u7n4ByhGPeBaKQoxEx9vWDrG,1789,normal,0
bc1qy2vlt9j67twa0enzaz5ekcpqlm2d5znya37f9r,1789,normal,0
1EA3XvcgBYzTFxmQGiE18bdgbASmrS9s,1790,normal,0
3huUdDUkNdx3TgjwktqoyLVsoj5cbR8F,1790,normal,0
1vgbAivNuiSdC8jWJK1pmrNHJ6WXyY97,1790,normal,0
1XMr2xaAsyU9hZ7P5isimBohTYYt2eGs,1791,normal,0
3fPajLXzbnT8BJvfFNB33ZfEsSsrWnDx,1791,normal,0
3JrS7ABL5cYENzLpY3S8TezcG6YLBed8,1791,normal,0
1S9VUYuYh7ozDnk9AP5PXMMNzhKxRMYN,1791,normal,0
3hSsNi2X2Hce5KdgFvyhBLHbhbrJa11y,1792,normal,0
1XjdUsALM41gHoRHdLQGHJ48KbXfbX3S,1792,normal,0
1NrjBckMCWBXcyFArNXq5rsPD5M1gHjk,1792,normal,0
bc1qanwmtq580qctsasfxew3jk3cssd45ep3yjrpmn,1792,normal,0
12FTwfjAj6VGz7neyw9Ckkm6NwFbG4Zm,1793,normal,0
3LwF6qa251uxN9nb7XHovj3AP6QsMHnU,1793,normal,0
1s8e2ALjEEDxXrN3W4V4vxeTR5pzAhkA,1793,normal,0
bc1qakfpyzx5s6r9yc6dt86fddttj9ernkwy7ls66z,1794,normal,0
1wrHSSPjtV7NdRWrWGvGShykBfqNikaV,1794,normal,0
1TT6ccFUP7Thi2kZLzBLk9cfERTwFVnU,1795,normal,0
1DQioJiGP5WEwu8Z7m6XQj3jxrLYpHdS,1796,normal,0
1Mz9YLA7kxKTqBSuGEFV4iQmLh7szRM2,1796,normal,0
1X7JfGskR89vjAxPP38c8xEtc2dJvXqa,1797,normal,0
bc1qrlstyhxxlqxnj8ka8c3ux0tq5nuplrrjq8p6qv,1797,normal,0
1Mebd99zEbhbfH7t4RvyvhH814smg1Dn,1797,normal,0
1tnXxVhkgutDJkcTUUpDuSvqSzXEfLzi,1798,normal,0
36Ah2tgCrAJ3ziNnb4YPL7hV8ALbiNE9,1799,normal,0
3oJFWM5PXtL2NLr8bAen7aMjuwdMquvj,1799,normal,0
3n4jeqt1imFRrKBF6dgzAE1HU7X4bH5c,1800,normal,0
bc1q08qhdgul7e5u2cmzxnc8dg35evzm4z6vtn2rkf,1800,normal,0
1ZdvMXqKov4eqBMSTLchBQZxUAQtLJng,1800,normal,0
1D3qN1g18ajYopPGes4udbJFhC5GxQor,1800,normal,0
1QBUbcNABMbqwkXvvogVEotbgf51JkW7,1801,normal,0
167SNJD364GcMz9H6RoPazHii5aW3peb,1801,normal,0
1oeeEaVsYzy73iKVzAUoomXYJbeJAbcP,1801,normal,0
34LpLKL23xQQoC2Sk4GxfjcbV8SGXT9M,1802,normal,0
3iNKu2RxqPCxGGcmtrtm7GiNed385df6,1802,normal,0
3BatvzUpWozX9fg3rREqcQDHxk8aj5bt,1802,normal,0
bc1qljpe8epdgyjdm2n677wy9pypajll4pfc9awu38,1802,normal,0
3cWPEx6CCKBxeQFXhEkdFRHcYUWJS8UE,1803,normal,0
36s9Z8sLpvkUX6CcvDuviD2Z61rox4Ux,1803,normal,0
bc1q0c3hyjn7w2s57a3nnk5pxcauc5kdn9dqshr7wc,1803,normal,0
bc1q7ry9k30dtp3rctrpel2y6wewkr74v4hpz2zd5x,1804,normal,0
3kppY6Hj71sowW2aE3SHTSf8ZDngRXNF,1804,normal,0
14LJeWXwcAb9vARH2NnNSDeYBN5KzJ1p,1805,normal,0
1j7fyemaWkXF9amtRVpeKvPi96ayy8Nh,1806,normal,0
3ok8EQ1LE5aEicDCLfk154ND5K7NAVzN,1806,normal,0
1ugixKJAo1xEmuYajrvT2nvPnRQsCpQk,1806,normal,0
bc1qsm427zhadggy6uw3u773rckgektwtyayxcgj3d,1806,normal,0
1ak88QUcHBb3WneBZRaNkpoLpNxjxEaD,1807,normal,0
12HhCQyyHSY4djez91Bff38zpWTJZQ7s,1808,normal,0
3tjfVRhFnyQHcKVBtZLR44bpLUQKw3Y2,1808,normal,0
11qXwAo1tfgp52svuwzf8ot3vWJys1rD,1808,normal,0
1rbhJe98GH59Np96dK8duZrdChs6e6VD,1809,normal,0
1MAWtJZ3qYYFhkEfkRHYqSCPCvowgbFP,1809,normal,0
1nbDGJebxjmPbXG38Hzta33BAwyVRKQC,1810,normal,0
1yDU59uehymBCkUWUgoxrPYYjdcsz6eq,1810,normal,0
bc1qhxumwhffkcck33v8dzak5mrldj8czn5dknzh73,1810,normal,0
1JVf6bRM2sVqSHYkjTu1bdBR7HJtJ9bv,1811,normal,0
3Wa3WGWkeYFVbVTgfNdWG2xRZZxbxvNC,1811,normal,0
bc1quzmdmz4ny5lkd3xw7hpn6ps83hx9vnrylqytft,1811,normal,0
36uvy46zsVAmkxbMS1mTrJfvR3RpdEYt,1811,normal,0
1Q6Fu72PmRkFtWaz16khQvY53L8CvZKE,1812,normal,0
1Y2uBTSxLdfxvzYbrubX6nKYLdJEEhwR,1812,normal,0
1EpfLHrB6F7ajGHEL7bW6tSzPL7qEKrV,1813,normal,0
1XpN8YoejmC3zpPns2Afcikdg57ng6Sm,1813,normal,0
3B3hpaTJNVrjPG2juCbtkJMhfNbHCsXe,1813,normal,0
1bbJ8MR5fcq22ZNM5m8byKeEZzBYA12L,1814,normal,0
bc1q82h03f69hjgm3erdtk48wtltuyp0vfwryazy9f,1814,normal,0
19e5Z9yNq5WGLLEYWZ4X7WKPeMUYnMsV,1814,normal,0
bc1q674e8pwa9c80kgjvn59el8pwumg8l0ymrqpf8z,1814,normal,0
1g61HWqTu8ZokwYzY5w5r7awzUXoAxqw,1815,normal,0
3VUCNA4o44ShfhHZufFLxqXWoeRq5SgB,1816,normal,0
1XeRQX9CQHPpdSW2iXAceeyRSQ7x8UJX,1816,normal,0
1uGwt3Mnk7vwVwKAvitcCB8gYhuY8bih,1816,normal,0
134uA6a3qsmyAHGQ214NZvai8sPUZhfA,1817,normal,0
3tt6inWSr7bL4PCCpz8U2NyT33vLTDnD,1817,normal,0
1LKpPfpgLJ28V8V2RSMLAnCtfD6YuaBX,1817,normal,0
3pgvMZTfpFpLaPxgSAkhKKFrxZTuFFjC,1817,normal,0
bc1q5ll622cx6ezd26dr08wdlm60pchhfzd3q6uc2j,1818,normal,0
bc1qg4wq87nrygllygevyzm79vaenymhm26hk5gm54,1818,normal,0
1UZBJsEP2fJmpytVHT2XD2FoDcvztdLK,1818,normal,0
1zVRqtKHuHfok2rvxSxehPWUEMTjQvH2,1819,normal,0
bc1qtr2xlkdxcdzyyg6440k7ndt2nh057pccv8fldv,1819,normal,0
1FPCqyTv4N8CL42qQuUQSYouTpUq74ig,1819,normal,0
bc1qxev0r4wshm3kx9chccjzfdlmskc6u3rks6caqm,1820,normal,0
bc1qfzge30rsgw5rr3vqfl5gvghs32c6halrvzvw5d,1820,normal,0
3EJFhnSxWkBqWxUYRnXYUesivAp9az32,1821,normal,0
1wdNj8sJXAB6k5NqzrpCEBLniToCEgmQ,1821,normal,0
1NzQGFvH1MZUPKx46abvR82PKpyhghP7,1822,normal,0
1WBjZUMmBFkvAzpVE7yvrdecJ8GZwxpF,1822,normal,0
1QXW4o9gTbLyKy8h7JzuJAQSwNyFahTh,1822,normal,0
1FXariHRWB2eM3SqrKsdPvYKePdBz3Wu,1822,normal,0
3MToGN7FhK1bEufsRudzbdKQYdc6UpX7,1823,normal,0
bc1qzz04rrhqxk3sp9wxu3s79lalfdkz5ws68dvsau,1823,normal,0
1UUM2YTue1hnRRKhGswEMmNN2aD2Z2eZ,1823,normal,0
1DVBZNuditPB8duXkZioKa8bx2AtgG6j,1823,normal,0
bc1q7nhr08jkdasshrlana9tc2zvkxfq4w0g2mywsj,1824,normal,0
1ZvJWz2DtuUxrWaEoaxbRb1gbWjyEhi3,1824,normal,0
bc1qwckpdhsjcq7y67ykqle9m0rxrzjn4kcfyvhlqm,1824,normal,0
1r1owUCXZNpGmrosyURFtnhRESeDcp9F,1824,normal,0
1CLMFbGdraNXNW4AsH74NVFB1ijySjqC,1825,normal,0
1gr2wppf7Mqb9YNZLaBXEqaEQBKZLD1a,1825,normal,0
bc1q7cxjkuerumlzdea6typ0eefzwnqu39ngm96jha,1825,normal,0
1Ac2NggpTGk51fZi318jcRV59eikwVs6,1826,normal,0
37h1diXX4nD6jJcMc7v8eJ9mBAk3rNhq,1827,normal,0
3YpBUQUpFYeoEMGUmyQvRQyNWX3Viv3K,1827,normal,0
3xAKW9zjoookL4u1azvREYj5FdxY1V3e,1827,normal,0
1biotVxFcSJdX2jg1PnJv2X6bGa9ExAR,1828,normal,0
bc1ql4jx89sd2r8pj826854zn9rfm2vujtfjkd4axn,1828,normal,0
37qTYE1AHmmGuJpyLZCarsWFN1Uf1wsA,1829,normal,0
1xJnyf8PZhTmMurd4f4XKCNSYnDD9aoD,1829,normal,0
3QNApU6RCxQN6LL1Uqn1gnEAt5PH7dXZ,1829,normal,0
1NLyjZXgj7X3zCy4E8XmLhraAso2APvH,1830,normal,0
3PDTYh47cqq4eM9E2G375LJogFUjz1rM,1830,normal,0
1jR7TfjXsmt1MCCBn4VDAtngKex8ReYn,1831,ransomware,1
33p3AXYuNeP8A5Sfeio8XTzy2mz3Kf6E,1831,ransomware,1
bc1ql7pvs7nucvjwyqjd3hr2yg5d23xetqmn0tpue7,1831,ransomware,1
bc1qgn43klvcc5a4gcmr8tygufg8hgryylvzdj3u09,1831,ransomware,1
3UxRDo7bHw3mCg6iTn1pwzzEhLqi1EKR,1831,ransomware,1
bc1qayghtdj0d7vqxzxmhnlusq0t2jmgkhgle70lr3,1831,ransomware,1
1WpR7c2KxAU8GrTDKocmzc9MKVjucSrw,1831,ransomware,1
1QyR1CJnjqoLDR3T518FcRa2Z3rGKgjn,1831,ransomware,1
129ZW7d8an1gFuvqzUKk4PzZGQMCgJkm,1832,normal,0
1tv4K7Q3W1m3Knn1aHpaEUbF7pvrwQbr,1833,normal,0
1KHr2gXCFusQ6F9NSnrjgBv2XU2qYL6u,1833,normal,0
3c9dui89aexFotyHh6EZFCFBstKgaqbX,1833,normal,0
bc1qhcgtk3j6kk0ljvjklaghugdjj704kamfl3fcf7,1834,normal,0
1xavN4mQSETZu21C2uBWxvbXf8wYHr2i,1834,normal,0
3xkHhTQmu8otuY9hQSfkrXag1Fb1uToU,1834,normal,0
3pjPpkk2w6VGQo2xi9ASVdRm7uU1w8UJ,1835,normal,0
bc1qfzzlen66qrq9hmu7yskchhcf0hgvpysmqq7nqk,1835,normal,0
3d1FSBHXCEkjS8AVdFW6mETHVtzvtNnj,1835,normal,0
3ZqeeFdicTGCvDRvesCjPV2WrMwazqkg,1836,normal,0
1E1yV2k8nnspD4XaSHParb5Mu5XKUNP8,1836,normal,0
1d9cUfQBoxwJXJN1HaT5UoKMLpUv9bWL,1836,normal,0
1fiajYrJUbP6mRPPuCxzKwbAAfMb2fxB,1837,normal,0
bc1qypkvf0v9luhp2vayfdf4s53kyjhqhfm3phv4f5,1838,normal,0
3fatfYebwfVxQ6ji7yiYy3K7b63Nm43k,1838,normal,0
1srfmuhkkjPJSdyQSm9BFJb4EYevbz8Z,1838,normal,0
bc1qg7epk544yzdg9s7y0vynvrl6fk9dhzd67ys0dc,1839,normal,0
bc1q6taxk2tr46r6rwv5ca08q0emskz8vlc8curjej,1839,normal,0
1CxPXvVGQ8itUMriRwqRSjRYujyaLPBG,1839,normal,0
3FUc7EgvyAaiyJ4MijhX6V47Mv2SUcti,1839,normal,0
3KmJ3w7gptufzqDWi5xfByC17k3sd4Sy,1840,normal,0
3Ar4s6mCMxsjuCTkZwG7NJ4wxQHvaZrZ,1840,normal,0
1ArxzEZVWjXEs6PRWB4iggohxhmUaBZV,1841,normal,0
1HSj4GQ8hGCDBraFFNrRdNQfMtipyuMc,1841,normal,0
1Hcobt1Td4aYmhrhhhbmHnfcTAmsc2AK,1842,normal,0
15yaxra3iAV5cHzbpWiKvbbxYqLz9pZ5,1842,normal,0
1YgG99KgHFURNqFqeFTjRZXM2Hnz7upZ,1843,exchange,0
33bKGJ5p6yh7suNdE9bktwFsiQvMVVeG,1843,exchange,0
1bYA8uLjPwMAsWy86Z6G5pAR98pDQwcB,1843,exchange,0
1CJ134ABDdqp7eYJ1aVciycBwSXVQK82,1843,exchange,0
bc1q03pexqfmaj43ex3qxy6neh3pr6ln2rpl63h7c6,1843,exchange,0
17QhrDLaGm6shnFwpDtSRk2UYYHriKKi,1843,exchange,0
bc1qgj3mt3j35cv6hcn5z5cgte0luhzu7kftmf90mn,1843,exchange,0
1uss19c5vgz7M5UgKkVjU29NMFwxEtnh,1843,exchange,0
19QVFNuEzbQCn6KZpsZvs1MzZCvCkARE,1843,exchange,0
1QrpErwYLVM7g3HM2FCL7EdGjpFkm5Kw,1843,exchange,0
3jM4ExUtVP9SpP9BAp7aVuqqGsREXq4u,1843,exchange,0
bc1qnjna3p9jg3twf8gu8trg7ymvhfgu0y5gjwj3wq,1843,exchange,0
3ZVQSbd9Wut3UjyhVbQoi8aR1oqPScBr,1843,exchange,0
1C7YFkvyFpUR9v5H2Q2pnhFvwQLwAr8V,1843,exchange,0
bc1q4pkemhyqdmyswz2n3dwqx9sthc3y00km3myu6h,1843,exchange,0
1Z22AknAsaR5mPu9PJHwHEjkEmRaR6M8,1843,exchange,0
1MJYqNR2D9DWmrHCq1eak2xtHHP4GHrL,1843,exchange,0
32RZrvRBwHQYGLr9X9B8m2SmsgYG558a,1843,exchange,0
1k9FnQi9sUQywoX9uyjtQHnKdg3kMBu8,1843,exchange,0
31Dtsp8RgL9k8uJeiUwstK93Z34Q8DFy,1843,exchange,0
1HjM8UUFp66fWSLU5EoDjjt3iFFeeZRU,1843,exchange,0
3uxiFNWzuxENdz1JY6mkWCHQ893KW79r,1843,exchange,0
1ADvVaJPAkEDSx4XFxHQHsLYEA8HS5af,1843,exchange,0
3wF1vhHQz3AqkZt1LDCazb9fYJNvVnpk,1843,exchange,0
3pPjsyCaMX2KM5QkFfX6FwZ9b185Dmvt,1843,exchange,0
3uXuWDhhzu6QP83pn42ms7aTQRQSSHAa,1843,exchange,0
bc1qn2evjyvs84j7j52khmtec8nv8kcad3xulad3c8,1843,exchange,0
1w3To9tfpyKUyQif3fxCWTAJtjsnaSf5,1843,exchange,0
16JmXYm5mzBv56xqLNsQiaxBAcCjN4y8,1843,exchange,0
1GzgrYVFicFHfapuUsbCBQzGh4S7HS3x,1843,exchange,0
1AAeVmvRURtLt4ijf6RxeGxeW44GFwV8,1843,exchange,0
1qaDaSCV3RPdAxcuM7JNgLkc5uwGfHm3,1843,exchange,0
312WrptQTKqzncyKfKMxkK5DiZTTK83A,1843,exchange,0
3KpogD4v5BQv1d8QhBg4WvUsS9dAgZtM,1843,exchange,0
1LNy4sofX2jg8mmL7K94Qtz715Uzofa2,1843,exchange,0
1CW2AxUeSfXRzioEx6uwmJpwJx3bLefU,1843,exchange,0
1xybpZvJvvfp5w3G1ErSs8pRJhm2tC3S,1843,exchange,0
1hy7LUYY6DLy2ezP64KCh8zQNtCSdtoY,1843,exchange,0
bc1qn2hy09tyrt7dagjsq2htdr237at8qzwezd8pyn,1843,exchange,0
1VpYrEr1ZLU8rTuVB79Lfao9xLPxUhon,1843,exchange,0
1H2CdqHz48rs7hSX4JmgrwBSjtkry9bM,1843,exchange,0
1wcPFbF3fQse7nXe8ndMacHCDrkdVknt,1843,exchange,0
1VXaMq4uVXxuAGeSPAzKpcxayK8gs9Qy,1843,exchange,0
bc1qjstksh6pmlj7rw3fe5km2vl8m7fd5jf42x7hml,1843,exchange,0
1NezSaA96uSfcGTm4AGjzNteFaLX5U5P,1843,exchange,0
3a36t8Bnhb5426VmXmF2wH2dP8Y8uRqZ,1843,exchange,0
1JUNMVEk1VMwJKw56TKzC9P4z2EieeAY,1843,exchange,0
3VK59ytDafirZAUrNXayLE3tZDtCpr1x,1843,exchange,0
1kscqkD3eWBMamXK3WJZ3JSqVwp58ZF8,1843,exchange,0
3dGpg9cUEt1kTaceU4ipaKt1PtFEpGRB,1843,exchange,0
1HJRPR4BiQ4NifjV7DdbUFY45i4WzsWK,1843,exchange,0
bc1qgmk9a3ny4k9g2gld4hnpwwwz6nf4ed3t6csmc6,1843,exchange,0
1NsoPrad7U4cbTPuh4ynb9Q3mnGkhFCk,1843,exchange,0
bc1q53wrflpl9qy8mxwelrrelc56sz2wp2vgauztc5,1843,exchange,0
1mBAuq4zBuiwmeAqhqTHujGPms9L8XVU,1843,exchange,0
bc1qfzpgsmfat4u0d6tvywan539ppdw6mcfzpe262s,1843,exchange,0
3LTpWNReEvpDiaLvqZGy8gP2mr5SSWZY,1843,exchange,0
1apN8XZzj9FTBJd1TvstLWP1bna2GTQq,1843,exchange,0
1oM73sar69ogZSim5yFisxeEpzReiGk3,1843,exchange,0
1bwVC9WvLsM9Uzq1x713SJegzJPXXqY5,1843,exchange,0
14tScDDqgNGqvxQgZuWra3qwBo3e46QM,1843,exchange,0
3xykLtDVwmCV6E6jttnsk6wdmTD9bDDw,1843,exchange,0
1V4XxEryPy4RaoZ76Z265MdAx78c5oFX,1843,exchange,0
34Nxt4tMHaHNq2N3xn3PvvgBdjCrZ5AV,1843,exchange,0
bc1qq8r7h63ljpj3lsywlwn5n86aflurllu76m3f57,1843,exchange,0
3Wn2cLXe4wE2rXpg7mWVE4Qr6z6FkbLK,1843,exchange,0
bc1qe7rh0yvw920m6vaf0e5zue0cddvwqxa8d30exk,1843,exchange,0
3CED4s5PWxEh3kphV4ghkMLViMTJJWTr,1843,exchange,0
bc1qsmc28yxgzmsck8xswcfce7dkpvaxweh99smyzv,1843,exchange,0
3ZMffX97WFpZDjJgGeW2y6ctR89nBcES,1843,exchange,0
bc1q6zcz2cfx5ml7fsdxy7ku0vuk9ny9unkqw40cj8,1843,exchange,0
1yHuWsB3ygzfkFAvriqfEMWHQsgtrL2A,1843,exchange,0
1tKQqg2ZwoAxo9jRKXywhVk643YMK6eN,1843,exchange,0
3F6wxfAgvCeLZj1ZxBvr9VTS1QUjEPPj,1843,exchange,0
1jtcUvWaVEf6zuKauQuzyjQCfka27UQs,1843,exchange,0
1J3ErrCsV5w78q2dtERyCCkBy9pALH5s,1843,exchange,0
1bujMzASXuDxKCU2SSLrudeebLjCtq7e,1843,exchange,0
1V1RFppEaVapM2UrEPAJf8mZ1REhyGEP,1843,exchange,0
3J43hW68fL5ZUSgSjRH2mY91e7eiCSy3,1843,exchange,0
17fhqs3MVVnTHZR6dbNGB4obVSW2Kqtr,1843,exchange,0
18FpwrFRCtC6YiWC737tCgN87Uc43Tty,1843,exchange,0
bc1qltmw9k2dhj0j50lg8v8r9h4vwjvgkm3n3j94ys,1843,exchange,0
1WL1npyXcW9SuywpEitjBUAymd3YxL3r,1843,exchange,0
1jiE1NvJuHwhRMd7uLWe1WdSRCg6EJri,1843,exchange,0
3nPfdEkizKWNXgcJh6Yxt5scyo6YXgx5,1843,exchange,0
1HJKPTVBBjZfRCAquqYLfnX18iUJz1Ht,1843,exchange,0
3xVVPSSQQKsGDMNgjtkBwccvMMFantGv,1843,exchange,0
1DRzjXmj6Ho5dNMkWpxeqpzfPNC1CNtV,1843,exchange,0
3KPy98Cqes5e7jGYtk2NVLBjxB6eSHq5,1843,exchange,0
3KYxQW1YKnaBq8f9feyrYtYRzVtegaBg,1843,exchange,0
bc1qjuts7al0tf4e79t9mac2s2ufdgq5hqkcykd49p,1843,exchange,0
1PzGjED4e7NuppimxJ5UZHQtoTnnPMVB,1843,exchange,0
1DmYPNbwi5ZCYdJZB2MDhNEx6A73v7um,1843,exchange,0
bc1qsaxgg66g8kmu8nxaydgcd6jj4fcsnkl2uhqzqa,1843,exchange,0
3mex8VuSYTZoCEesgzsLPgetBEmCtCHW,1843,exchange,0
3orcTzHD6NPq6wz9BwLZfQThQX9wogDL,1843,exchange,0
bc1q7x3vk6gm60535nnjqk79yq6r3n6m32sw4p336w,1843,exchange,0
bc1qhjrun6ttlhy4v3yvfmh3uqc4uqdyjs5rzv0w7d,1843,exchange,0
15Q34Ugrnd8aEbyZUTrN4QGTAH9Z3PM4,1843,exchange,0
13mLUkzRKFQ3ajk16sGyPbTkPphyjrKW,1843,exchange,0
1UJ9jdoKAcLVkDfYiSmF6RP2tW8wHqDo,1843,exchange,0
3Jv9nePS1Qzt2bZsm6gP6pWpWJimzNS8,1843,exchange,0
11ufCZaqSZk97TGTNGLjvzSCbg78rAU3,1843,exchange,0
1h3BX13xTVA1RKkR9aAHBe3vUK9FHqBj,1843,exchange,0
3HY5AApxcfjxNxkkj8TuGjGnju3WnDxN,1843,exchange,0
1cDpGUnTn1TjBtdsmRQRZsubyLr22fmn,1843,exchange,0
1mwy5PTT9Qjd5jUFsvt9dSX3v21BFT7i,1843,exchange,0
3m5JgaPL84JXcAyjzsSAYMZi2LLszW9G,1843,exchange,0
bc1qnkj3t0j05j0mewlvjqhyvkqge3yzg0tvmr05hx,1843,exchange,0
3A5daQamTm6Mb8LCqa2CvnZqJrHF6dCf,1843,exchange,0
1E3nmYxSrQQqVjRrQg7b5hsWeAWcfLui,1843,exchange,0
118RnFoSNp9oyAiBE4udr7y78P71QyWC,1843,exchange,0
3GCme4vmhFs39fQBDmHDJqZ3rr6mDkV5,1843,exchange,0
3FZZ4Dw87Rxz4yLMBTKETA3Ymx7EXCoX,1843,exchange,0
3DXaQR48ED4JSpudMBRCigWX91pZ7Jrw,1843,exchange,0
13CpqAaUvzC7ktUdYf3kkMGgttjRHHCS,1843,exchange,0
3UrTH9kMbgMNEmoZpwU4Pu7K6yQRyuaT,1843,exchange,0
3oopjQWAzJDcSajPiMH5RJYBaUpX9c5T,1843,exchange,0
1Ujwx4HbWCs76vSmZXRozEGmHpuYW8fC,1843,exchange,0
3SbiJLoXutuNKeq3Da96tvPgNcvJ1gZC,1843,exchange,0
1cUFUDrmWJR3e8fQ4MaJ6hcye6zTAe2E,1843,exchange,0
bc1q6me69pwa6kum0jchexqjmt5cs5y2d70g3gh0wq,1843,exchange,0
16fJbmHaTR2StPsWyh27wBosZcQEfT6U,1843,exchange,0
1TCqcp3gDCtqdVJPqU5Fm2eKaf2UsDPD,1843,exchange,0
bc1qvkhvz345a25rqgkszn6gt7s96x8ztdu8gddyjj,1843,exchange,0
11XAZFQCDAF2afmaX4qKntJBfhcn1u4G,1843,exchange,0
3qifTrCikFXuhNLMi8azBwLgaUFdExmi,1843,exchange,0
3SLknNk1ZdbKbKFHCZyXrD5iMQWj5rMP,1843,exchange,0
bc1qdwvx9va7qqt96fs3r9hf6eufevl0ax2gl706zf,1843,exchange,0
bc1qwdz6aq80nfjqfyrqalfnpasuvvwl7d6lnqd7xp,1843,exchange,0
1uDXxFif4gjYG5z8wtSK3BGAXzT52VXc,1843,exchange,0
31PuoCxKBoVE9XP6iVxwyDvC96KUzms9,1843,exchange,0
3jdBs81x5q4B5CfQtfec7AVZwyX7afxL,1843,exchange,0
1aYGRe1tdJuRPXufPhUyyCqfW8s3pzvD,1843,exchange,0
1uk8zDJ8E4kN12ucSzoh3tsaQEKkFVPL,1843,exchange,0
1519L7ocJcZ51cPQz6xNpeoCLYcrR2qc,1843,exchange,0
3LjZeWCPwaDHXyQY9ZRftdcuRRwTUhy1,1843,exchange,0
1jiSFtjfd3TvxfGkjjfuAdbBmox6nQQE,1843,exchange,0
3VZa5Mqfcr5hdbLjw1DRNXKtzDXdYL4f,1843,exchange,0
1DTXbsoWHT299tDmgUcaM9gBCq3Jy9rT,1843,exchange,0
3Cf5YpdEVLknfoFvRHdvczY6hB3B3qcZ,1843,exchange,0
3UaVbfMAjFyvkeW4VzBDpg5VeCxCP17R,1843,exchange,0
bc1q5uk2wwvjsq5plkzulq7er8uykepvh582hgwzql,1843,exchange,0
1hgTJ9212bgJhiET8DxXvzrcNFPNrB9k,1843,exchange,0
13usa7iMHoGQcN84TfgH4ZAFZ8Dsvktg,1843,exchange,0
bc1qglx63gvgs5v6nvmn8thfr5nuvw6rjn3ylz60xg,1843,exchange,0
1o8W5DveHdXguarAPR9jhfviqfnBox2Z,1843,exchange,0
1DSUUq8KWrREkLJeupWSTqT3rZQ3g1MF,1843,exchange,0
bc1q2nfhe4cqq2rj3lm8jqe6c6ldkl23as5p0gymhq,1843,exchange,0
bc1q3ll3s5v9dtvkntyc7skk0vujky543e776rvsnk,1843,exchange,0
1rMScaLBxxMsEjALjZU89Csi1Nmj87i7,1843,exchange,0
bc1qw3ccptkyw6ux8q2m7wx8q3396s2grydjnsujv5,1843,exchange,0
1TdKYAN12n3yBakiopeaQwyKpJRhjEM6,1843,exchange,0
3M6uEzTNacXBuHnkSpY3KqPKb87H4HJ9,1843,exchange,0
11rC23RMjofaWJQ5kV2JLwaKJJmPMzkH,1843,exchange,0
32gGpq6RCq6fxBkSMrkCDkFAGzwtPDzb,1843,exchange,0
37V4YnpSkMM7NQfk41H4bha17swMXbhv,1843,exchange,0
bc1qsqvzg9kryha8qql8x2jcc3423x5jcqkwzzgem4,1843,exchange,0
bc1qpfy3jxnvh4xjjgpept5jlwy707ycpdxj0t4yzc,1843,exchange,0
1efYZn6HodzhGpnx815KkCFrt1L7d2PY,1843,exchange,0
12mQq1uvWec4weZZsKGTpkhxR7fj3aTE,1843,exchange,0
3rbq5PgjtSq1AXLXC3gRyk2GvoEic8uU,1843,exchange,0
3gFgPdacixA3yFG3aA9HHUxsuKtAvpL2,1843,exchange,0
bc1qx00q6cz3gcgz5uds5nfs7x8kd0tpz7pcuv2tuq,1843,exchange,0
3r6vNmdDwVU2j18joyuHBYQZRoGV6Bwz,1843,exchange,0
16HKygsoQ2Mc54h8K1z3JhHKw7nGjYRW,1843,exchange,0
3JCGza2HzzcfZ3goi5TRgnwoUzNvBYjz,1843,exchange,0
19KM357etc65NcgeWnDtpyy4yiERN25d,1843,exchange,0
1sbFqj1vn89CrR2WsKP6MZcTXkt93QTK,1843,exchange,0
1ri94Mtzxh6fChJ3JY5fDysp2c4Zh3co,1843,exchange,0
11jxVpF6q5L7YtUPrwTfrmnE9EfHyLjz,1843,exchange,0
bc1qaq28gmkges0qp5j669qnuq9cu9z40g22886wu5,1843,exchange,0
1Zrv5uynfFEkUq53ouP8xpSEML28bHGN,1843,exchange,0
1ypdFcxaQ92yrmbobMch7UoR3yZtssfe,1843,exchange,0
bc1qr428zh9gpl4gxe8xzm4r3eyk92k3cnfzq4avzc,1844,normal,0
1BtpM4meTEiHoQY6jr64YFD8sfjuKyQd,1844,normal,0
bc1qmcs4fsat2czrasalh2lakwxwd6ahmkckvxl5m6,1845,normal,0
3P3HoZx75cc6Er4uvSi7G3ihcg4EoqK8,1846,normal,0
1jouxRHUEzoFMJef8xRwSF5oUwtxgWQp,1846,normal,0
bc1qknn3pg3agah80lfxuq5jtek30jraquaae8h03h,1846,normal,0
bc1qw7wlqwyzq94d5gxn4x73stu0fmgyuwlmvmkxq7,1847,normal,0
1APbhLmzgZdwEGzAb8k8S2HBMJAQ1y7t,1847,normal,0
bc1q4cve83ewy0huvqd2wp0d6m0v9vzdvsyslul6pt,1847,normal,0
1snVsTBDU269bVXvEgRxsdTmPXrzm72b,1848,normal,0
16JPtKEaKt3mmLm7h9342YHdhztSt1LJ,1848,normal,0
3PWWk3PHe6Mnb7vhQgWgYTy5T38UvtwD,1848,normal,0
1UxBuVAsBP7ikJRWvspf89CeQ3WioMFw,1848,normal,0
bc1qv8edz2l50fussfq5xz3xpwl5r56rj67zfna50w,1849,normal,0
bc1q34kj0w45xxvx4v7kczn5hr356twlay0kml78su,1849,normal,0
3usoM3GheEM9fvMfBrT4mBxgQtA5xnTi,1849,normal,0
bc1qeccwvcm37eur4lzn60acu5ky7myrxr27wv0xh9,1849,normal,0
3FY24hivwMS6StdRmvHmYEAkcdSXtGGW,1850,normal,0
bc1quv3u7nndh30gr9awffwrjdp9ph68n78vvxzeah,1850,normal,0
1XSAkfpeqQ4iuchgEgPM545gpV6gGpMG,1850,normal,0
3mqpknXihHicjLPoZpXcTVQYWTE3S8WJ,1850,normal,0
1jiqxXwczGsVMgDTb6UUZcaiDwEXL1fG,1851,normal,0
18mfzh8zSSvqcEzB2bQEKvsMcRp4n9fN,1851,normal,0
1FaBFBoJfxcaY4Q4iVnpsLZNg9CYeC3V,1851,normal,0
3MotJBpL18oJ73AWsDA4r7cSU83SMjQL,1851,normal,0
1RJeWweppwjunzVqxRWemo6wZxSd7b2L,1852,normal,0
31sKM463tN47JpLkDz81QN1CJK91zYqL,1852,normal,0
1Fy1aGbaUYRqyn96zhyfNRCFMpFwmhBt,1852,normal,0
bc1q8p93sjvcp56qkthty5hns59dkwg8ndu3gmfhwg,1853,normal,0
bc1qdjfw5yrqsmekvlznupnsvels5jjxscywgdllr2,1853,normal,0
3detGkEhfwGh6P7oDCoGdif6EYKSq8L6,1854,normal,0
bc1q02j7a6knupecjgtavf8hp2kf380y83z5gvk7qv,1855,launderer,1
1u4TJoVSPY7VCZjEmjixzbwsjcYXv7sv,1855,launderer,1
bc1qvs2ldyfz79rcwye8aezlk0na6ns9n9y7rcz8q4,1855,launderer,1
12ZRivbfGiD3QFW24seCHXNtVci5YjHE,1855,launderer,1
1GjbH33FKTC2XyEzWzvKqXWdE31SbMji,1855,launderer,1
12KjV1g2mQY2FV42WjmWTCKQoA3Kcz42,1855,launderer,1
1oDrLpxYTHKetkqUYjbsAQwE4twishZn,1855,launderer,1
1Hcumibj7jgCLtVTW89jB19VBkpgvdv5,1855,launderer,1
1T2ZK19D74Jeg8K9BWkyYS7qGdMfxL3k,1855,launderer,1
1xtWn9zkbdPCGNwDYrj1uRmdLMpkFzQ8,1855,launderer,1
bc1qjuyft9scyxl9wrfy0md4exet8k53gc7zzcvr5f,1855,launderer,1
1SwVrXpQ9ZuyXHe9rsu2sTkhiuaaGw6B,1855,launderer,1
3Rc4q3m5o7BeMAxztoFPMMVWSS4WjwZt,1855,launderer,1
14ZxAxHLGbbenZmwWvWZj5J21owP1DxZ,1856,normal,0
1JSAdGmRQv9vjoHvhiLv97fS7uVSMbpg,1856,normal,0
1aERGVupkNXLLx6gLa6wRmuPenWR16P2,1856,normal,0
15FL86Rn9rQmjBpBveLzCMQhY8GEfA8C,1856,normal,0
1umHfEWCKVj3CoF1Z7h2CXj1AW6yWcUW,1857,normal,0
bc1qc3ka9zq94c6szsd7se9q04wsamj00ypypaejta,1857,normal,0
bc1qcgd99mg0wv4jqn4gzm6slmfndemg8gpd3vdtp6,1858,normal,0
13b8jFLSLtpGxP5vsws2BrZ8iju5RjJx,1859,normal,0
11Gv7RcCq8tx2ykgiUbfDeDUTxDiNr69,1860,normal,0
3iq3Yidx6To8uax1GbqLHrCrhPH6HT7U,1860,normal,0
3ma3EP1H5gPrLN11Cvi69NiCJkUDXWDD,1861,launderer,1
1Kx2tSKJMVkmapc2qoE9MA7BgEtUJSX4,1861,launderer,1
1fCbupDCm2jj2mRiJoK5SWyLkqEujL7h,1861,launderer,1
114ub6fKfLHJps4upxUm7Q6stJcwZnTv,1861,launderer,1
18Lzvp5VxHSKjBM4C8CWXQAQUGiTYYKK,1861,launderer,1
1rivCYY17GKr5b7FAeQF1YHQyBhMM4Jx,1861,launderer,1
3QBgfGRfJPkPx8sSWQtghmRBcBmg94gF,1862,launderer,1
1ZmBySWdYc3z7ux4PpGPb4Cg7Y5raiKk,1862,launderer,1
1tbr7tiPGmfvjPi2yykw46c5scv9VUCT,1862,launderer,1
1uv73iwYNt479SS8gPBAAoxyEMe7MBtc,1862,launderer,1
1qMEbMQdLNPvZ2q391KYw7Qd6hEUAXqa,1862,launderer,1
bc1qgv3zhnp0annw7edw50yrv2kuckp4fjmfys6qeh,1862,launderer,1
1dGu3fnCkyJZFSqZCq4gaLRskiyF21N5,1862,launderer,1
19szzBHueAMy7Pp8Wp3FR6tj2owRBKC4,1862,launderer,1
bc1qsp6cll783pgzsr4m3lt7pvjz8np4qsmg8600vy,1862,launderer,1
1yur9cbhWjteSwrcXwWf5eiaP9L6NGUg,1862,launderer,1
3S3kvw2PRo21eSp5fArGWCxTiibe84rj,1863,normal,0
1Y7gXdE68ozPPpgAMirhX6KTQGWri4bE,1864,normal,0
3hUUFvSqUnEAn9kTK3mBWcknwNGEtSGV,1864,normal,0
1nmvseQYjdW7A8hg76yS2aHjdPnpM9QR,1865,normal,0
1L5wmsGcVE8XCLw7U4rUtDrtUFLDx5FT,1865,normal,0
19fJQDjq2ASwJBNrkRxCbEdfHGevQf5G,1865,normal,0
bc1q0s57zgtk3lrr43chq89wc7g4drfs6hl8kyewzc,1866,normal,0
3ojAiyRpgTXsSJ9szCEoq2ZtJE9BHywW,1866,normal,0
1MhhdFEPTNiPtZ56SkyJuF5Rm1tWc4Bm,1866,normal,0
3siwoYwBaM1CN9rCY9qsTSny7ug8ePtv,1866,normal,0
3w5AysN5mCpQEKjvYjuCGHTLKHuBYJ2G,1867,normal,0
3wUqE619gZimFRCdzvDF2pX25y2tx3eM,1868,normal,0
bc1qqncyvru6lst5vs4mm5yzc5tywxq2p6cwtak3uk,1869,normal,0
bc1q8d388khuuu85z4l5q5u073uzts6js6vjnuldsd,1869,normal,0
1YVzeYGax88KuJLs9AfWjypSu6q2xbjy,1869,normal,0
1APboojoKLF3evpQND89h5PQVAcj7C7H,1869,normal,0
1FnDhu3XC3FMabXtMafNi45p4AfSyTqF,1870,normal,0
37ncssFB4BuJhJoraRnK5dU3qMpy8GAj,1870,normal,0
1bP5LgtAJDCrA6CxHyqPw5zunx29nAyT,1871,normal,0
bc1qe7hc9txxn0gl5pvaa43y6zluxuj6wk2xzqax48,1871,normal,0
bc1qmn9n0pz4pdcrylc79lknwc5d7mg2nj4a783ws9,1871,normal,0
bc1qmnmjhjrclrhcfhgpwz9e2u9fdk8zpuhe8clv90,1871,normal,0
1U26o4TWPPgsLj1UjKw9Z5x17Dsw3DNz,1872,scam,1
1NjCvoAGjnBsgiivTc5qPC4JKZ8bY1Mq,1872,scam,1
3ATWybHpao6YkW6NQNAvivvtvkdnZ1xW,1872,scam,1
1DZxwGKb1RXSPtC3QGKGhBft2wu44G4C,1872,scam,1
3pYcUDbPu8oLjMyiZ4jv7WqqvoB5EYom,1872,scam,1
3Xyfn2GYjH5TqZG2DhwSWPx9r8q28Wu1,1873,scam,1
bc1q8syzh9suwvlyrg5459ls5555zsq04k2axlnw03,1873,scam,1
bc1qfzswy0v3nmdp33w5qsaafwg6yu3glmptwvc8df,1873,scam,1
1vGt6uekcyiF885yRbf7ADYM8wwcfWSA,1873,scam,1
bc1q6k92rckf7v7jkjyk3cxv9q90jdy07yxw8vuym5,1873,scam,1
15uDnCArF7PndvLhDr4wvCtg1ZvG1y9H,1873,scam,1
3RZWCPQGTZiqz8fRGGmrqxdZVDkFEH4s,1874,normal,0
bc1qj2x7e9x85vfgteczzgqrxacgm27k3c96rzzrmk,1874,normal,0
1pJzzEF58LwALvyFv6swmTXtMZrzLCkP,1875,normal,0
3CUXgrSkixVfV3eK6ohdKFaGpeH9SiQc,1875,normal,0
3K6C38nFprjoN5NyW2n67kEs5phHtyg7,1876,normal,0
3Uhgo8KPpwsw2DfQXK3LoRF9hmbakJT9,1877,normal,0
1cxK6soBgAhBfAyhYzRMJVrzksnwuXCV,1877,normal,0
1DaGRxsMAwnMbhXUBibEDQ3NSh7hr61X,1877,normal,0
1VfEJm84VBDLfv4nZTgVs6P8ikCQ3EhE,1877,normal,0
3zvvHJtuBvZYtaHdx1hHL3hWVJiGxupy,1878,normal,0
1S46DWAfjnHVhKUt2dza2XfYPsijQi37,1879,normal,0
1qPNhT1GKSt2VVer5mQWz1c7HcHGvXBG,1879,normal,0
bc1q5vvstsjkkhp8q0z5fjke67wyaqgyru6g307pxp,1880,normal,0
1LSowr33Z7UpSrSZQQNLd7QaGQpuKpfW,1880,normal,0
3YSDbpmFWAWyFAW6TJi9GX2xz1CBiaQ5,1881,normal,0
1NQDjifnPTUYtwLJoooAZ7zFb3tjwL1z,1882,normal,0
1nzVrPn8Z78Tdmcn7myXFuuWKcoCkHTm,1882,normal,0
1crhZg1pYfoLYMf95rqXiXZRa9t2QEwY,1883,normal,0
1cTJr13nkKzVakgV8ZjP35VLkGVAzjSK,1884,normal,0
bc1qdjrmvspeggp0hfvhgp5njg07jhvwa0gj7umm7v,1884,normal,0
1oReRWJdF4fyn8tgCKf4DLmHoMGHymR2,1884,normal,0
1gv3NHyDGF1UxSU4qcck1YinLs5Us2yj,1884,normal,0
3sgwXVCbgWwmKrRxbrmKh2t1wvkyPzJH,1885,normal,0
131BmqkSJDFvzVpCyhL4xuMhCcoTdnN8,1886,normal,0
3m35aJAjqAWjdeRfow7A7QTHZgC323ZF,1886,normal,0
1TLiQ4BGCF6dvt1ptbVBW8jb6Yv8We82,1886,normal,0
1LVNRhGpH7ENMXeUMP9f9HCd4HgJ4kTg,1886,normal,0
13MoFFcaTBcTYkBvK9YQJm1QoCwcLQe7,1887,normal,0
1vYU1ZxpaAoifw8iGZMUVsyUj68Sk2ar,1887,normal,0
bc1qhyewa9uknteneep06zvrtslr8unerfzjx4ck6d,1887,normal,0
bc1qa3vl0gcv5nj2343pgneptuf0ksxtx6p972hqfe,1887,normal,0
1MTGTZWvUBK4CkJJLDneUPtJHBTY8wKL,1888,normal,0
1mtdFKmnBu6aVnBwFZsGgTtQnu4Va8nZ,1888,normal,0
3fehc4DLTyxqbxLmj5pRVg1YakFGRrLN,1888,normal,0
19YXmV6LLo48vxmncSemtQ1yNd5DGGYp,1888,normal,0
3XTBVHvGFiVYveCGTtafHw7raBN29K3Z,1889,normal,0
3qfMz9BQYAZvm8aUNNeHSce3JthhsYCX,1889,normal,0
1XJKFGJaApii2qfUN5F82tP8ub3HFdow,1889,normal,0
bc1qqu789r04cxqc9m9mx4ak5axnt4zssue0cl4p3q,1890,normal,0
1ZALbd3NJKoKD4YjKH1KcWFpiJJSLDnY,1890,normal,0
bc1qrxtjy3p9ez4pt6n7cyh94z8hkle78f8232mhnm,1891,normal,0
1cG746hHCoWgAktM7NvsjrSARUWcLc8C,1892,normal,0
3gm1wM65EQBZgBKqTHpobeJNHJLubJFe,1893,normal,0
1jzWYhFRABs8D111tt8rDVCY54ysHX8p,1893,normal,0
1Uk14kCDEbm57GLUzoRY8eAptJYtcx1C,1894,normal,0
3tKfog7HHxD2VDKwyPNPijXVbikPScLo,1895,normal,0
3TupVrmYzULdn8ZpZeDG1wHDtpaPsVad,1895,normal,0
378qp3X7Hug8rSF3YogdRFrZfUr1jYkM,1896,normal,0
bc1qpggwrljh2rk985azdt8e3snl8l345npvlugclf,1896,normal,0
1E1xvCh6ioeLFv4RzMNhkUHhS8kypAuR,1896,normal,0
1gFjcwThUwquYza8z9X5mXVbfQF98DDg,1897,normal,0
1FFZ52ctjRxqE8VxkuMDpNUruL3Edszm,1897,normal,0
16nEdbwiwR7WdE51VqdDtFvq2KaJX48g,1897,normal,0
1P6GJGhF7nvoJrK79hoc3TTg6d628q8K,1897,normal,0
3wcHTjcsjCdjMv7US6jsLpBMQQjkL2fD,1898,normal,0
1xzFkNxaCEpTrKDswmCfxSTmV8rGYDmf,1899,normal,0
19oAWbKE8sWrvCmCo56ieC6eExDvBRan,1900,normal,0
1tfANjzMb9pa7X3dtVk5cTGTKmYbDicz,1900,normal,0
3buKXztoVWDMhKwWPdg9ZMjnuaEQ5XF9,1900,normal,0
1kuyULmXJj1AF6z9cX95N1gAERoMnH2E,1901,normal,0
bc1q0utm2lt96526amzkshpw3f5dc2a9xus780fgql,1902,normal,0
1zwQRYWQ9Yutt3wVs13wD4GxrLxhhmsy,1902,normal,0
1Z18YW5QRSPwQVE6TYemn9toHPxkuUtM,1902,normal,0
3Yh9DxACtJbY3V2Fx9nJuD9hwsLeU9sA,1903,normal,0
19iGpBVNTVXwko48toUgaT7iRt5aJkR6,1903,normal,0
1Xs6CdD2EGRDfw9sZFAh9F7NcxshLym4,1904,normal,0
1wY7ucDQSiwzdekJQ5p8MHtUBq62xkmB,1904,normal,0
1KKzGLopcWnYgULYea2euK9mEDU1Eyfo,1905,normal,0
1LWUMGW9AD5X8ufNXutNATs8L7ZzetWG,1905,normal,0
3YUBkKpCBsAokvMPdAQrfPjvPrbaLFW1,1905,normal,0
bc1q65e00nqklqlsuvqda4xzhgp6px4yf7mryw0jlx,1906,normal,0
1tBEEgdf5kgp21JQ3J1HGb1w2S3adpAG,1906,normal,0
bc1qet8dazafkcls6j4drnjctkuecv2upx53nv5har,1906,normal,0
3WnBG9RkfvG9fJPYjQdPoim63A8RzPQQ,1907,normal,0
12hWt27xHTKsQ9ZVLmkjuipphzsFLmhX,1907,normal,0
1134mUj1zSEZz8SpXNqX1ay5294wRHMi,1907,normal,0
1ycFmGdbXw4Z8cWjnmNAMxoYL51Rta1z,1907,normal,0
33QGsy9TrxWUefrLQC1aesdpsPnLTUoF,1908,normal,0
bc1qxz52c6x6286gj8avvpa7syvftdhcje94672m7c,1908,normal,0
1NRpP3CmnfC5gZpLDuMLD6NDT4cgQcDc,1909,normal,0
1rKfMFURAnuFQs5LNzuyLTcw4PYyTSsn,1910,normal,0
bc1qzvxqnk7tzlhete4hpdr4405xz05e5p9pakwmll,1911,normal,0
1QELkxLUgH7hya9NFCmQLV34e9rjoHyb,1911,normal,0
3Emv3YCo3WMGRPgj839xBgbz4NuijJSX,1911,normal,0
bc1qy6xdudrhezl3avgrfepmud22mg9w0lklvpknnc,1911,normal,0
bc1ql0kjatn5l9hprsunm0kesshgkcl5fmtnfxyv79,1912,normal,0
18sgkBSS3KuswtaqiW7NPndmEvqF3V47,1912,normal,0
1sYKpzXuMQtE4zxg6b62DZFQpyxr4GXz,1912,normal,0
1x1yuXNgqkDW4a1ULKTY5zsoodgxsxgr,1912,normal,0
3SXkcAgEvCQbUfXsGTEfxjJq4gTEtrDU,1913,normal,0
1k6So2vjeZ6EoLRKfAKnX6qVGBPPe2ox,1913,normal,0
bc1qhv0ywqgxej2g8cpcwpyv86dumujfr8mrdhv3ew,1914,normal,0
bc1qtv9ksj5ejav5evfa8kql4u0tksjwrjj69n3qju,1914,normal,0
1zPGVHWU4NjUcDscTnNKg2uJrd4MRvKi,1915,normal,0
1KhYWysKMztJZF9zaHJy42sgGM6c9oLy,1915,normal,0
1nM5AU1pnUW3mWBNP5bD9jHD3qHijLeL,1915,normal,0
1V7QoUHDpanv4mwUXX7cGQF7EHdQGuxX,1916,normal,0
3j9ncKPKmpvEuNVuTcAfk3Y9VAUZHGgb,1916,normal,0
1eyU9DZnRjPmqVfDHiysM6fxjT6sFDx8,1917,normal,0
14xBsbGVERGJV5SyFbnjF9iQSXvaQaSn,1917,normal,0
1AGvH1TER6cznn7N2AREcVt89V5XxSSS,1917,normal,0
1w6tiZPs2njgW5hrZiQkwJVdzUb3qGLF,1917,normal,0
11cXSsBtTQyGwf7TwXpXZpXLrbn23N4R,1918,normal,0
1BBcQQYhbJDEN4ZU574oCNMNYM8twBJK,1918,normal,0
1Fuar1GYjhqRr3wHryHA7c4H3Y46UFhx,1918,normal,0
19DgsTSSjCHATJERbQubh1pfPTRkFakd,1918,normal,0
bc1q3m07hz0saq05g93er7alryywajuet2ur7d9j8q,1919,mixer,0
1pi387UWU4yQDEk7sdsukXWNy5QpoAMb,1919,mixer,0
1tHUXuZjeAupos4Er8KLiuubo94uYYUk,1919,mixer,0
1vEavxTBP5SnD4fsYjAd5SVn4Pb1FtY8,1919,mixer,0
3zeG7USTtxzVsei9xGUpM61aqLYo8WRG,1919,mixer,0
1z6EbowRoKfse3Hxrh7UcZPhKi97yeke,1919,mixer,0
3DRfdzgjR9zwCPrRwJxZnU7trFK6PxhC,1919,mixer,0
1DUbk6va41F41FYXxXdZBHEZQKfgi3xL,1919,mixer,0
1yaZhc2MpS4WGrGjU2nKPFMguP4gKdAp,1919,mixer,0
19AvwttAubv9vUNs3PGogybE6Ci9mKLa,1919,mixer,0
1rihqwMzFSdZqwpoPW7nqthfpRMZjRga,1919,mixer,0
1wND9eeNFzBrjoXPWMzBC9w3pPVdoXxW,1919,mixer,0
1hMcchQd3n99xUX6e5uXDGxzg8vuY3i2,1919,mixer,0
1iQvMv161erLdP9iLKLzGaeqPtZfVQRH,1919,mixer,0
1HuUrBKvbKCvTbQQkR773p6idRjzoNt2,1919,mixer,0
11U1navQY6e53mK8wQAP27mGf3Beydte,1919,mixer,0
1JEBJC4aE8QA8PZLJrh7WUpgr8XBTuAJ,1919,mixer,0
3yo8mLLbfhoLvr6YEaKqKRr4Ks831rDb,1919,mixer,0
1PFCNZCxgcy3gNGJSuZU38R43ygaadVK,1919,mixer,0
1Pq2nCce8EYgGt56bzWNu47MMYVTB43F,1919,mixer,0
3nSu49mpJ289YxpCMJT6G63vokZXJJ4j,1919,mixer,0
bc1qfatfj806e82tz4zj49p89j8dktg33s0mfddznj,1919,mixer,0
1h4TyUbapVz4oVjuM9c6VZW7MivT6REL,1919,mixer,0
bc1qqd78urrdz6u44amyv5cjyva7psvtv3c8jv9sn5,1919,mixer,0
bc1qj3n78z003pxk7dr7pgnwg8h92vngjlksypfr5q,1919,mixer,0
bc1qt3pe0ehnezasz7ek9r34klxjtdrsdsy0l6rnvj,1919,mixer,0
1adzwpZXNXAFduqcR3Jdv8hqLbzcAHZ2,1919,mixer,0
3ruxt2Eh6mRpmkBLzJbV3QoF1qSLvd4z,1919,mixer,0
bc1qhp5tfw88hk6c29e5trdes4yxjldn9gcaqytgtf,1919,mixer,0
1t3sJv8Mo2bV9BJq2PDWgTbPqfEXVPAQ,1919,mixer,0
3EdYPARwJEqyeaJLmf6tjxKgUdoPg4rC,1919,mixer,0
bc1qpdsxj0ss4gvaukma5duehsufjf4wc0g9988sgv,1919,mixer,0
3NrAEpTStYhmPwm4ye7EvoxsmnjSbZeB,1919,mixer,0
1mLvSGsTG4pb5rb9gmUtEgB743bPBVHZ,1920,normal,0
1PGLnVwzZ1fu4RWDqqJgW8vQqfSzUNZA,1921,normal,0
1WFa2M84P1uiue7ssk9pZCi5vuCaZqcS,1922,normal,0
1ohZkgNmpSndJY14yLucPkTFy1Bo15k6,1922,normal,0
3frkRFt12A1bTcwAk9Z73exDwyxUmQAK,1922,normal,0
3FeKzUK2ECbnKvZH5MdSQtUiTAdikgjj,1922,normal,0
1yoYapjoP3TFJZDjFR2o9WZafRoiLNuB,1923,normal,0
1RSvX4RDe7itv9GosqWz8hSsMme4cK5d,1923,normal,0
3cfuRfBqdhZEj7faLW1Gu94uVP78JyA8,1923,normal,0
1Sjsrvxb7jPKZ4Fzo29e6kFM92Z9EXhi,1923,normal,0
1utH9jB4LfVeYcKaK4DTwjpizco5m6WS,1924,normal,0
1BEaUq6WdjDgrYFT1N3VEigJjLJh86G4,1925,normal,0
1qKS9TdUYjKmEZ5UZ5g1bYaxC9rkLZqM,1925,normal,0
bc1q3ksen75f3m0xamufv9tlx6pae75ukppa4n8has,1926,normal,0
18fdiaJyz3LKcmsLTyGsUeaK61C9YbYD,1926,normal,0
bc1qcluxnn240rue69py0ukx64y6lkwtq44e2m47ey,1926,normal,0
bc1q2jvrgqjavx4vgqc2xw0hw5qxuxadnp80pq09q2,1926,normal,0
3NkEkP5CnxQDv2fCHMxsPdKZocWEr84e,1927,normal,0
bc1qvmz6ppdqc8zgsqjzkh95t2dgul8gssuntwek7j,1927,normal,0
3mvbRwFtsDfwKg613fovaAmB2fgmLiF8,1927,normal,0
1Rx3wqoRFb4qN9y5KMvaHyf7Zq3MQR1y,1927,normal,0
3aVJwj2uAvXEdr1EZULSKUWnRV41J3A4,1928,normal,0
bc1qpekgkldrelwq9leh0fvyhz88una8llnrnssuvq,1928,normal,0
bc1qhdcjlv4tdfh499pldkln4jv7927qpfa4ttd402,1928,normal,0
1Cdtn2776Uz6cwAtSa5Pm33MXpjkx7pm,1928,normal,0
3Vmawvk5eAVT2ZEdSZs9dRnbFh3D4RqP,1929,normal,0
1HCVFEiU7pwWsu2jsTk6T132g8dFGjWy,1929,normal,0
31VXrsfc9iPDBX2pAAmhNFBSnBLjdbfk,1929,normal,0
1hCvdhp7cNNhEEXxG5ws94YJDPSAjPHW,1929,normal,0
1SzknUMUy8G18Ao3ukUkRuKHRqGV2F1F,1930,normal,0
1pDsXzdaPiBdqz8oF7uri4RSkeBdvdgy,1930,normal,0
1LPWW19nei6NWtQesJ5SjU2nE7L5F1DX,1930,normal,0
3mW1X2T8FNmTpU8JLfJfSPtTAD9FpXQH,1930,normal,0
1wGMNo4WWKcpdppFcGHFvVwsptxW173U,1931,normal,0
3BDwysvxdMjiCngTbZCA2un4BKH748jL,1932,normal,0
16nt7VURgKY75WY6V63hB55CCwwZ85Ab,1932,normal,0
1rbZRPELLsPrzdumwwfh9KipCYCZr4Ap,1933,normal,0
38LaYSyUSyY5BgfTVfjC79dhdjYdGQYK,1933,normal,0
3aFxkAovK1d1QpwZg38poiW4UD3RV6GB,1934,normal,0
bc1qud06nphdja5al9sr5u477h6acrygmt4z5238cz,1934,normal,0
1GccaT28DNeKR7Nh8zRST8ZQWXA7gf77,1934,normal,0
1yFght3NTUBhpQNvK4A5XdvSsAa9aWs1,1934,normal,0
16gKehzh2N4TYjmnQfXeUoJDz1aXVUGe,1935,normal,0
1moKfkoMZmPoyJyL1Ba3aJzWET7T8Zbb,1936,normal,0
1LhVH2omxeTPjRxbX4n99YNEj4v3sfPp,1936,normal,0
1zfjiM9BPCRRnEqGaizSxuGPQJjVC9Y6,1936,normal,0
bc1qpv2ksxk7y5k52s3phrdynhsw9k285fnuf9wxtt,1936,normal,0
bc1qg29evvjzzkgpnq003930m6fv0avvggknurp088,1937,normal,0
bc1qxhdrxg0wxvsfccl0q2xyhapwxav69a34fls58j,1937,normal,0
3NHqxmVLPcUPDxnrwGmXdYHDWGdJsuFD,1937,normal,0
1RbKawm7S5m9GgCmbTxzUxD97ts2umyL,1938,normal,0
1E7Lg57BgBNH5qPRCGm65AwwVbv7XsRb,1938,normal,0
3PhcfpY89W4ndkaqtoAu6Eh1sYVfKYhg,1938,normal,0
1EosLxQkGZm1NACzRzhg336cSdroPU2E,1939,normal,0
1S4NeAd5eu32YeSGiqT4Co6NFpFtxeA7,1940,normal,0
bc1q0z0us0djhzd6zyvf5rxw2cu59x0pl2wvsxwch3,1940,normal,0
bc1q89pvefupdv7xp2hy6catfd55xptjpn2c6a5jjf,1940,normal,0
1VkXf3iNTZgoPKU6AmmGT2pMH9MXKg29,1940,normal,0
bc1qqtu2nd0gavjc7t08vvqk6lh5pgl2ylz4qxeg9m,1941,normal,0
36nzSuwa4gi7KwNoMMXfZhdd2M6DXFw3,1941,normal,0
3BTPztEpCnDxEzveQhwPfGv3w76FeYrC,1941,normal,0
1aknAjV8NnG5Sgk1ct5ZDMfqRQPZ8Wo5,1941,normal,0
bc1qn5hk380vgxsmmm6yk57e9sx6de7gtmqflsuvdr,1942,normal,0
bc1qcaayj2csufhnyaekr3awksm43cp8ltf352jlsw,1942,normal,0
1EGq9WEZ2YoVxDphmYdwVYentMmM1fkF,1942,normal,0
1Ck1PNm8PCF5tVvTq19u1pQ4EBViEezK,1942,normal,0
3NSKVWo63UWTtaqZ6FwMxY2AnD9G8yyD,1943,normal,0
3CwASdEspAe1iAwJGBTuvxpsw2PUSZ3K,1944,normal,0
3B9Lv92GNzBeM1nDC9LGwpcTiTEy2v6E,1944,normal,0
3fKYRaaHGS7C7vmDDc3ERkTokGxrzZk3,1944,normal,0
3maRfEqwavXqmratmMgvAprnsBtZnweT,1944,normal,0
3vXi8KjGA2SR6ec2R3vCBQFfk4Q31tJp,1945,normal,0
1ZwRLfo5a19SXDhJAJkBQ3niu8VvUGGp,1945,normal,0
1q1JMQ5hcxX2f2Ek247JtYCDZUyCFf9c,1945,normal,0
bc1qssaws2xtdaeztp5h84j94v9kxwpk6u8dd58xxu,1946,normal,0
114vFHANsJ3jN9WbSKzunVebvJ5MX6r4,1946,normal,0
bc1qemt2a3sa4nuetfp0uzstv3d8an8p7lejex8zsv,1946,normal,0
1rLhf84fYG64r1yhVhTx7gyw4M3DAStb,1947,normal,0
3wUmqz4CQ6ASx1vs3VgPoCFY7NqmJrte,1947,normal,0
1va8Jym3DNM9yWjnM7NoJz76gZCsS2jQ,1947,normal,0
1X785PbnhYAYxXrTpqisfibY6NmHTbn7,1948,normal,0
3c2ERbTu3hMdnXwWuCqSWEzREtpy9DpA,1948,normal,0
13yFKi6Cf3zGeRRhhDzgtCYDtCFnUBLH,1948,normal,0
bc1qq25pc5jl7j5xq4nwuh5jlyaj88q7a7sdauffv4,1948,normal,0
345AF4Zw4LP2XFssKqi9QrvuVFtktYVq,1949,normal,0
3x7isqx2efnvGhomFx7aZqB5YxZnwJF1,1950,mixer,0
3NHDczn146PbArW3AudpSXK8jJAAMYGX,1950,mixer,0
bc1qy2ulhjcl6uttzjsc73vxrjwkl5e582e5yedzkc,1950,mixer,0
3MYbUm9CuaeBnaB3w4G6u55RxR51Lbtq,1950,mixer,0
1n2VHBwUqsL6sMjSvaPqqLMvBjYjF21T,1950,mixer,0
1SmGURbsQeSbccLvPoxwHK19v5JVDj2R,1950,mixer,0
1EsbJSy9VnTW85yxM2CnAyC48EdbreEC,1950,mixer,0
bc1q9mw6f36eqsg2r0rhezfzudwekpkvhhzev8f26l,1950,mixer,0
bc1q5m4kplnwssy8r5da059xm2ddwrl9gv7592n2h3,1950,mixer,0
bc1q4dtd8gmluda30sr8s06xpc5w04ln5dzsf0p39q,1950,mixer,0
3YozGaCtwgGDZRWQwsP1CuNT4WBXjLaY,1950,mixer,0
3YEbWUswaD3pb8RwbPCsiYXxDB4YLZ3E,1950,mixer,0
3jxHirXNeyXpufdsaw5JsXGZawP1X5y4,1950,mixer,0
3GMx6NhnTSZgnmcgoMnWreVFHDoB4hgB,1950,mixer,0
36Q6Kjb8X1omWtV8Ppt2QvLJbpTaXmzv,1950,mixer,0
bc1q60tyfsh3xk0ts73t0lajuv306mnp56q2m3xue7,1950,mixer,0
1mNccj2WDcrUtzDHFc2xMiRbE2vQTBPr,1950,mixer,0
3vRcHBnjGoX3cBxzNCdxZRuxyUHF3Ypw,1950,mixer,0
1mTgjFAbXZ5QScY2fdT3gMQ9RmZ5uBBC,1950,mixer,0
1mL2xouwLwEMgXExRzsyDVc946ivC2y8,1950,mixer,0
bc1q5p376v7cu4gjun2yqlgd3jcn08t9crskzg7xly,1950,mixer,0
14uWL2wGkn6NoTBm1R2kwoM1jNA565ci,1950,mixer,0
3iSzGK6gj6Bk9fi8w3cUSuweD5xyCKFz,1950,mixer,0
1gGcxYxhqcvD44dw9XjgSWS5iNJhvReC,1950,mixer,0
1tD1ta9bSiwmnCP2JVYjQdhuZjq2EMNT,1950,mixer,0
3ab1qmEejEthNtFgPBUDp7fhaaA9f3V5,1950,mixer,0
11FJjCpLwDHpMPTVuEQ19v2aQ2C6fFBC,1950,mixer,0
15Pcgr7J3XbCSPr68RZdaR7EminnRfsS,1950,mixer,0
371oRXLgbtcBt1UbeN6QBkg6ix8rpy1d,1950,mixer,0
bc1qmgw9cws7gz9uw6ha7dvu5wjrzmlge9umd88mnj,1950,mixer,0
1aRFJKQ7z23gWjdmyTNQdj6UgNXFfBjE,1950,mixer,0
3yafnv1ZoRHE4RnMd2eaXtjsAs36nyhZ,1950,mixer,0
3YNRrwLN6gwj5qbtqHBi9BaHfgSFVjgt,1950,mixer,0
1XWwAKqM1yJc4WfjpyH5Zv8zQMaTEoNA,1950,mixer,0
19e2x1BHBiahZutbD5vyKRwHoQaYCS37,1950,mixer,0
19cpzncYhgYJvcczKX8vuynVTrBLtukZ,1950,mixer,0
13bhXMjBLkd2ty4qtZ92wUWzwCW5U5a7,1950,mixer,0
1vtRKGDa96dPjvTFZCD8QJ93oQvuBRES,1950,mixer,0
3bJqn8JSYk1Ume1WMyyiJbKV7gkmwXad,1950,mixer,0
bc1qrv9dathzp30d9ctygvkcs0t39rxhhvnul7fh0g,1950,mixer,0
1zgPp9Xj21Um3wjHg1ScL6pwooNtDUHp,1950,mixer,0
1wj4Be9kK7E82af9SdU4bUwt5Xf5piXj,1950,mixer,0
3Gtbop3LLN1rgqr15wCYhygsyXLLMh8L,1950,mixer,0
1pE3i6GzXuZLpVwK16TeG3zbJFHwXpfy,1950,mixer,0
1R6fhWgvBzNNNdHXLbtY3GHnwLW8XumW,1950,mixer,0
1pnruDNL8u9xLaNHHvjnHzPqcjaFu7Mj,1950,mixer,0
3Wq6HuLH33ayBn6iA7HbLm1MKa4qFeNc,1950,mixer,0
3ftQFVzxZnD9GFE5p5LXQPWinJ3NRDPm,1950,mixer,0
3Mzwi5QQpkJCk13HXGJmAkpQqhCrPJ39,1950,mixer,0
3kGSjEYQGzGEbzW5FMKf4PFoRy3sJUGT,1950,mixer,0
bc1q3rff6nxdzmhe233l3dce502tsmtlqqjq7d0qsn,1950,mixer,0
32LWbn5AXx6H64KQgXpzax8DpsrvQgDG,1950,mixer,0
3gkPDRbEEavo2roEKkLwkFCcEvTfCDyL,1950,mixer,0
1AtUNbLMFcsgiKjDC84p9jcGVeWvwmNy,1950,mixer,0
1Wnc4Qa81gYvdKQTfZLK7GQUGJeD2DV5,1950,mixer,0
1vbP344om7FQ9rzLtHS5s8hYCFNnj9Wa,1950,mixer,0
3h7U5mwrJhNAYUEj3QXkidTJpY7T4rqY,1951,normal,0
1dhph1DduZ95hfrk3d5Ru74MUofG6iZm,1951,normal,0
bc1qpahpkl4jwjra6h6cwp0tgerfdu7f6kp3luar7l,1951,normal,0
3RZwseLnTKjFzZquDRr29Srua7R63p89,1952,normal,0
3LGuTEdHbEqc8b4SpJPdoPsC6QTHLoCx,1952,normal,0
3tgskKwfC1rCZSqX24umX8i7b9qU52zz,1953,darknet_market,1
15qTfVyn8HR87mtWAHH6ACtSLbtSY1CZ,1953,darknet_market,1
14B6C4JFNWnGqVFTa4eTedsXkXD8JvCx,1953,darknet_market,1
bc1qx5yf285mry6e67rr5pzs7ewak3dnf9p0wl62q9,1953,darknet_market,1
bc1q9t2c4hmrw23umpf96jaxlpq8tkajl47hw5q56l,1953,darknet_market,1
1ZNPNJb7w7mQcKKpddzG9GAL3L7CxaKa,1953,darknet_market,1
1XYrzxjphWo13b9y5gXmezdppdZoYZDz,1953,darknet_market,1
1m5Pz82wnD9R4zJfsH4ecViYry7vCQf5,1953,darknet_market,1
1S8jeXZG71YUQxa4iiqcvrq4Bg5otn2B,1953,darknet_market,1
1YUrRED3CBuGBPe4dYXcu6qgpBYJADRF,1954,normal,0
1Kambn6512Dv9B6eYmxojKcT7B6NXkze,1955,darknet_market,1
3qwfSN8N4rJV9WofNdJCkRGdJQd5JBE7,1955,darknet_market,1
1fQ1ZYu71Aa215ayTbdZWx4SjTAYWpkv,1955,darknet_market,1
31PZCAX13WrGUjrvycwzd9eo2Zr1149x,1955,darknet_market,1
39jSTw3ciaK67Qjq4HBiGFpyFUJxAypK,1955,darknet_market,1
1Sf7nZi6qoYdXh58xn3XkRzZMWwdbTMY,1955,darknet_market,1
bc1qkk96mm7mw74q4mgxeswuef5c2vcan030r7e08k,1955,darknet_market,1
1Y4LFXQa5mr9GqWYAMDTKxNiHJXh94QM,1955,darknet_market,1
3z6WDeRktNkmAy4xefPDdiWrF2X7VcXA,1955,darknet_market,1
1RDEswNQLjYXpxpWgKZik1L8iq27saAt,1955,darknet_market,1
39FQ5qRkN4kjUsPmMHZFjQisB7SwNXK7,1955,darknet_market,1
3eBQka7kzZSmsLQi4i9jUUhiEYMDj9ip,1955,darknet_market,1
bc1qjvgh3sxgznjtfynm5tpdx6scgxvjsatmy27t56,1955,darknet_market,1
16zZjFxn7RPh6sjq6EiMJQ6FJuxAg6E6,1956,normal,0
1SGn7UM1FGDxBAphJWfmgzoqnnKK3f9z,1956,normal,0
1QZGJfmZkF27oMeDuTNHbbHmAYAASc4f,1957,normal,0
3w3fitvW9wH3J9uad7EE26bfpYacMzfB,1958,normal,0
bc1q8kjavt7fl0fhu9vznkcug9q6ddregmyqlms2kw,1958,normal,0
3cjpFGN9cCsac3u5nsFm7yixSMbXXzew,1958,normal,0
3zrEgQutzZHZWPUyJ6VPHi86vFVLWxgd,1958,normal,0
1k4CoYwyJ55ZcF8UywnM35saZ9fNXjJA,1959,normal,0
bc1qtr4yjltr5pslg3ynqwsahhezp3fslr9wuv9w5f,1959,normal,0
3s5EuQu8F7FRejNrq25TB1eaf7gwXZah,1960,normal,0
bc1qn6zdxx0s96tymfzs4ex9m4ry87x36fcwcrper5,1961,normal,0
3UAPr7GLgjNSjcPeB8KqhHxXNfDUQ4jB,1961,normal,0
1S2DX8iV7UEAyqu5y21NiSH2vRuFpXJG,1961,normal,0
38aYYWdySSg8fBNxNnuUGrn16fzjR1q4,1961,normal,0
1EzSWxYxAXJherLg9SbQsG7DAoisAhat,1962,normal,0
1FWrgkE3jTpkhzMXJ7fMNX7K7b7CeVt6,1963,normal,0
1g6euYpQccFQsotvWETosjgbYpWAYEMR,1963,normal,0
1qM2vahLNQ6MZBBdBRrLZXxyRKrzRT1q,1963,normal,0
18rTjgEbXS4HfKfpuimafKmKjg9dnri5,1964,normal,0
1S9LaRodXvRBeGbixTVpS3kCAfwa6Feb,1964,normal,0
1GcZ6iKAryoUh874NVbCgnfDwebKiaNW,1964,normal,0
bc1qalqsl8cka5q5k74nhlmm7mqfyqtkwearsxzud2,1964,normal,0
1gHQW2atppMeEcdhao8vLbQGkLHLMHWQ,1965,normal,0
1FGDq7ZjBWekNoAqdw66RnGT7c1rAc3q,1965,normal,0
17HKR8X4tbwj4zpY83pqup7aVLAyichE,1965,normal,0
1eDDTKAYi6U3V2tdQybxTkNzwAkvFytZ,1965,normal,0
1umbKWmvzcYKQ31PgNv3RwC6ckpkmF91,1966,normal,0
1JjpNexZxiV8rQacxo76mgsEaLsw7oMe,1966,normal,0
1U2QHCj3QekzsSa7rM9gbqjTSoqawvAj,1967,normal,0
32oZuXxxUrABsf4qoMeMw65bK1269MnM,1967,normal,0
3HvU23NMvL8aoy7vS7BuQ1TzyZwdLdnu,1968,normal,0
bc1qqpyqh2xck524yjklur03ql6x3scq2tm07lln9t,1969,normal,0
bc1qmxzvwe626fgug5f6xf9r0nk8djamc9xp3yjw5d,1969,normal,0
bc1ql35j982sg594gx7emvrhlm9cxlrcgswv4uq5f7,1969,normal,0
bc1qydr4vhqyejmtkgyv7lyefc00x20kqewpcktrx0,1969,normal,0
11xt1tbgvV7hKjFkJ1fErqKkxvYoQDip,1970,normal,0
19oLH6xYqiURYseey9RDf1MKZGN1x3Zo,1970,normal,0
1izgtwHQo5aHjbrkpV7aSqjWnpaAViWb,1970,normal,0
3e2LQzLmT6hYbvGj6baTkemxVDNKJats,1971,darknet_market,1
bc1q4rjljgzv85wklgtachhv66gsx73uqdmw3zzsrr,1971,darknet_market,1
1LyhGHS3wrNaR6ASxPxaRor4Kc2bTudq,1971,darknet_market,1
1xwMi7JbP3LYtBMkf2UEi67tZpAJCBG2,1971,darknet_market,1
1aSLNm7CYYg9SJmKRhvijbpJ7tcwJsdh,1971,darknet_market,1
3ggsqaibuzC8henJTjdKWXFYYkrgFYZ7,1971,darknet_market,1
3YKyQ9cAoeZtC7m35bSChYgUVvW9TvTp,1971,darknet_market,1
18crHUFnPoCdDbk7Frs89kaGgkiqksZJ,1971,darknet_market,1
1TsKRkr4FLqXRH8rpsuMWaHZe5enfwYZ,1971,darknet_market,1
1gD65nVusbJQmt55as56KsM5sWiWLMfA,1971,darknet_market,1
3sy5GSaqkrcL2hxQsWeeV5PA7UxxWRjs,1971,darknet_market,1
3EiE21FFeCxJea8aok9mPK1WLQT9yBuX,1971,darknet_market,1
1tqaing7jprzqQwukysRjJnW7fWdpNUQ,1971,darknet_market,1
11tFHL7tiEoX8H9tbbSjPJJDh3JjSBgA,1971,darknet_market,1
bc1q846zusdmg50d3uszfr5uwhr0js47g2cdz5gukp,1971,darknet_market,1
36kEceuBhWcj17xe5AeGtjQzF83qki9r,1971,darknet_market,1
1gqrEyXt17xbhChajzZXoVRHNTmPhtTM,1971,darknet_market,1
1ZvAeyiNGWWigaYmchR4y7Wva8Qns6Jn,1971,darknet_market,1
1TtxXkYdhnMjQgQmV8m2dFpccKgPMFfD,1971,darknet_market,1
3MYtvkLkp2rZyKneTCe1AGSN7obdGYxd,1972,normal,0
1MaxFJHq3AYPjYrGAUYvtMvK8A6Xr9b1,1973,normal,0
bc1qst4aaungd0wdgrdrz24tn7p4pp6u57mngdrj00,1974,normal,0
3sAyiR7mHCuhviMapxBJTjw17sAchg1E,1975,normal,0
bc1qulxyv93lglarg3cdlk7vlg4ryscpml4g0z5rwz,1975,normal,0
3FYotWjKeHf4TbYpfkCXUbfGGRYpuUL2,1976,normal,0
1L4Zaw3DJM97Pes6P8veYbYA76TVaS7e,1976,normal,0
bc1qpfa3hj0540w723tl9e2x8jsca6sqzmnk85e9sm,1977,exchange,0
3H447UQSV3tUTmYmGBepsYrZoqsCTAEY,1977,exchange,0
3d7t95d85mrusVpAuJgQhcHZt8PryVte,1977,exchange,0
bc1q6g3ww8s3zu3v6qkmsx8uuf755udljhzvg6hy8h,1977,exchange,0
3TbV4JyTTRMcDkToT2WcRU9DjhwrToN6,1977,exchange,0
125bQ4EUspDEt1VHrqfpbrkwhoYbbhtk,1977,exchange,0
3UCQUr1hkDWs9ZgCQJXYii7m5o44GP5J,1977,exchange,0
3mhk4v1RwFH8RMfGLX4N3oGcJymtFTKw,1977,exchange,0
1duVx97WWRkY53Y7fsCwHWnjujdub1XX,1977,exchange,0
31jRV6rTS37o4J5Nmg9rCp39FVsojiaC,1977,exchange,0
1npPDKEkCeJ62VfX1XQNRADipAP4wuPT,1977,exchange,0
1w7NV8xn9NTaUWdNA1fuGcrRLYwFvAqM,1977,exchange,0
3WNto97kCCHTMnMSkGQMeQhceDia7ir8,1977,exchange,0
3113p6sXdN4qMBmfs3noz7c1yPgPBWkt,1977,exchange,0
1Bk9imWSSFW5D3Rg1X839m27siKLaVY5,1977,exchange,0
1dZPCi1MSgEChQQMA2V3CfbWSP2KoqGE,1977,exchange,0
bc1qq2ylgvqfqx5am8kpds9hp6u7cas3x9knpyrsv8,1977,exchange,0
1CMYGdD83prFEXdwuw91VsBFidCQcVtK,1977,exchange,0
1hQEVsLngAL4mTbkAd6xg7Xwoa8vP7mo,1977,exchange,0
17bmAVdVosUk8YZy9dC9yDDLKgdw2YB7,1977,exchange,0
1GSptgZriDXiNHrH1ZZkeu3SzhddG9Jd,1977,exchange,0
3RZDzaASAFpxH7Wcynx2NXTj3rQjLMQg,1977,exchange,0
1MFNYM6bBf5FB8nrNzPDmKDeAQsWou8m,1977,exchange,0
1DJJoYSnTRpT2EmkWMThvsQJApzMJdVN,1977,exchange,0
33ee6BwFn39v5m78Dk5eo48dzZdPBjuD,1977,exchange,0
37y57MTeBgseR35uB4Mm6TpZA8rZhYVQ,1977,exchange,0
1sqjjUs5CCHputLLcrzFJ9gsSWEQn2xs,1977,exchange,0
bc1qcntar88q4cukgxutwc4aavklr9dec9lgnc942x,1977,exchange,0
3h5TERFZeZNpMtVKkwb2WaZ43dyrH69y,1977,exchange,0
1ob9dgbCC7Fmqp5VLgUU6qqRSNNXuWJU,1977,exchange,0
1FxdoMiew3YttMd5HwRoTh9iruN3bXck,1977,exchange,0
bc1qjvudq6xnl5dgutvyu8790v6m4833794shdswth,1977,exchange,0
1EYGmW4BRXeAPNz9nn76oTz1gokqxQBb,1977,exchange,0
1okNRi8bk5rokPWvw22kw1d23FuZ9iL9,1977,exchange,0
3yoabJa81vq1xi8jqHwrg4Lyf6miTxa5,1977,exchange,0
bc1q33wrqgnd6vz7hsupz5s6wns33qu6e70p5xkzzq,1977,exchange,0
1ik97HpirBXQgYTAdZQwxGTqD4kEgzTA,1977,exchange,0
3KYu8MPF5jBUE1k8fXeaRezkUC1aaWSY,1977,exchange,0
1aTwLs4HKTSi6Qk1ncNxyBA6Hj6RXgvU,1977,exchange,0
3YxReWh7ZHQvHSubUt6axhseNaCvmoKt,1977,exchange,0
3oFhpTzGvvrtPfmYcDq7GzUbt4YeCPdU,1977,exchange,0
bc1qr225c63v85dx3ucxtfxrwdn26nekmlgy5yucgf,1977,exchange,0
1U5nLf5tsC6vEuiRFz2Yy1kqyczjtdMg,1977,exchange,0
1DNDdjTmgwXUyDqdSoYhLuch8MoRe8D7,1977,exchange,0
1iu92YxUfPSfSfH1tT2MAajAgPy3NogX,1977,exchange,0
1qCUB64hmLoYS2YKRTndXEadgWvN7pwj,1977,exchange,0
1DY9Mg79MsGwEPqUJ4v8rb558y1D6mjj,1977,exchange,0
14YneBZodS4XFwEUKQXdv45GoUBQC3uu,1977,exchange,0
1AQ1hgMM54L9rT8nJeTk9Fkh3nhrqsfs,1977,exchange,0
1FMHZivcdGEkAEGB9ggvwhDQqz5gQFrG,1977,exchange,0
1e7C9Ggr5SFNwk3EFWEpyMvMNntbGAsz,1977,exchange,0
1g7f8wkGJJbLaoRpDhfmbE2uCDixEf58,1977,exchange,0
bc1qqz8g3h04nml2wj9jukkn6rkge5gc7sye82p2ft,1977,exchange,0
1hMYYkR6u6jP4XFGvFwXoAtM2GBqjfuY,1977,exchange,0
3ZtW69FYvSjVikUb9ME4rTR3yXHsd5bJ,1977,exchange,0
1WA8g36XsoP4pePQTESysybgkVR1J7TU,1977,exchange,0
3VRNvxHcQgcV8qhBkh1PeQmoEfJBmB23,1977,exchange,0
3neoBdar6qF9GqA2s4SRKkHq7yxE6dMW,1977,exchange,0
bc1qj6shvh6cgqhtzcgsk3hw2wlg55psf800kyn29v,1977,exchange,0
3TUd8r38rLRrF64ed4LUnGgyBeM4MbVb,1977,exchange,0
bc1qu9dfarf584nhc6w2l79ll9xgvc4nze7y900lyp,1977,exchange,0
3WDCZN37SaB2r7UMVHkNRepVC8uwHYtw,1977,exchange,0
bc1qzqdgfh6yl24cke5glpkx35axazutzswfyfhzky,1977,exchange,0
1WB56FSKT1HjhmnU7Tc1ofJVxxFDWmmC,1977,exchange,0
bc1qx5an4yg4l6d7nps6jrpg99ugqnyqklte57np7y,1977,exchange,0
1h4jzzAzbAn5NMYG55E6ARdLDeyYVdCt,1977,exchange,0
33CBsonafxQSuuaa43vxhPfLCuvEESEY,1977,exchange,0
1vPCsJBAHVY8haohNcnbePy9U6vxytRd,1977,exchange,0
3zhs1PUhVG7kYggSf8WSewrG6XJAsfNN,1977,exchange,0
1dJZq4qKdxrgjhwn3qH4dy4WTP9uTB42,1977,exchange,0
bc1qyzgllwgpquqfex2qkjtqpemwezvh49wc99n389,1977,exchange,0
3q2AgsHrx818ZxGrpE9VxJdM17vvp4Fh,1977,exchange,0
1bcE7oNHNPs8V79yuswtfXbn8n4r12vv,1977,exchange,0
19sui2VXxWfQSYu9xo5AoWryCcZDBovn,1977,exchange,0
1VmktWJoqyNkijFzNy4mM92Jw2DL41Nz,1977,exchange,0
3mUY5JddYZK4ss8JkfmGMTeapXgyktZa,1977,exchange,0
39JHmfYVUyF3Yvs63SwVNJVNbooPY4km,1977,exchange,0
1YZzJJQ5mnhdwDQokZWKYyzttXHVCEo8,1977,exchange,0
1obfGBdeFN8VDSRBwVsNibg4f1gr2j5c,1977,exchange,0
17ymUqBS1kxwnDtR4Tg9fjU5i8gUEGum,1977,exchange,0
1kfmz1ue8KKq5jKTsNAAKokCNLFRjLxb,1977,exchange,0
1rLZxPm4A64Hpnsx1N5B7tX6smTgPYFQ,1977,exchange,0
1roK1RFasjwHAKvUpAf3egZ8yqCDCx4V,1977,exchange,0
1MLXKaTgaXTofKJQiM1yheKjR1eHqcMd,1977,exchange,0
17UBg5axi6mbRfxEJ26WkdA4LMvY9ZM8,1977,exchange,0
1sDa9jM7KpxSGzwCC931kiXGBTh9Pckx,1977,exchange,0
bc1qvwwna0f8g0t65kf4zhcdrarhggu9j2f7etd8re,1977,exchange,0
1tcDvhGJbSgkdHqMYbYVYQ87Cs1Hnbrg,1977,exchange,0
14eyK6YDhKyZtD6eoDBi4NUnPcdjCrLG,1977,exchange,0
bc1qxptdf9efpjk9pw965uv523s20t9d3tyy9dq66a,1977,exchange,0
1zjFzNh3ho2qA6ByThH7REUaZP8ahA5B,1977,exchange,0
bc1qdlgp04ypdm443v286xvts8xcrm5tgg8tkq5paa,1977,exchange,0
1Y597W33QxpwP7GeUYAknmXiDbb2EgmL,1977,exchange,0
1weKxKm47K6P1js11g1fBeQSsLmXKD3G,1977,exchange,0
bc1qqstzesqfg0g3x7ynx95anmzedhlw5qhafep77r,1977,exchange,0
1R4S17nqwaRijQJtBXJxHD61mByYLaxV,1977,exchange,0
1My8EdJfqRyoqMsp3toV6UFQpaog75aV,1977,exchange,0
1FYd6YDsJavkWSViXhQS7CiZyopy3NRX,1977,exchange,0
1yRD7BDefimCQkPgdz1bmsFoLrQEwhXU,1977,exchange,0
1ax9NafUaPDY9sYNZVTizotVyaCLY6db,1977,exchange,0
1fN4wynJYDJPTG9fA5A8yPUVADEoKkpb,1977,exchange,0
38TV5ED6ouBUraqEmXJT5KVEw4sfrkQH,1977,exchange,0
3oynUY3LfGFzq7XLkiX8ZLH73NkcJHji,1977,exchange,0
1JoczZ3vkXfUZz9R9RVuFiUNY67JQ1jx,1977,exchange,0
bc1qygdvraljfzdxumh8zv0d0u3qnpv7p9eea2lxts,1977,exchange,0
1VdCUTJ56ayVdAhP6jcgoELVKDgg7DFg,1977,exchange,0
1Lk4xXSZcMLRF2mJNiyGdHuvXLyHzRZg,1977,exchange,0
bc1qxkg53ev429l7z9kqcrrc0ar0msruh9fcddpu0w,1977,exchange,0
bc1qkgs9aezhrjjvw89yl9hm4d4rcwgy2ve4wvpufk,1977,exchange,0
1QTRL75EYHnPK2eg4nVajSCMnbGJ47w7,1977,exchange,0
bc1q5pdc6zqns63hlfxgwh8ans369652ku4r8ggyl5,1977,exchange,0
1fHsS5uiexsxRvUshrYRKMsTd6cVAqKH,1977,exchange,0
11TbcrUGYbNLxVnvoNsvq6ZCoV1yAtdj,1977,exchange,0
3N4F8RiWKT8em3VCtYPFMTSnyXAqbwVL,1977,exchange,0
1CjSb9LB9FfYyZcbptGUTT1g3s94YWLJ,1977,exchange,0
1zXo7u4AXc6cnrkjdMbhqPE3gdsrfwx6,1977,exchange,0
bc1qumuzqttmlndy7zqwe4naa8wpyuxtfmj95xta02,1977,exchange,0
1P53h4DPayBq2MC2cu2kZ1sHTBxNjHw6,1977,exchange,0
1YxFPzCHDRiAUeTNBUpRC8aFbqjbzKzF,1977,exchange,0
bc1q3eh6cs23lnr5lwsdeqxwagp76t04lhfgskx807,1977,exchange,0
3EYFzbnm5ySVkpzYrP4tQAPjwGDppYiH,1977,exchange,0
11YWkhuCcBxXDqgbrQT7xSAHaKXPPhhW,1977,exchange,0
bc1qj6u7zccehmt2hqm6mhfs30send40ref6j5smm3,1977,exchange,0
1ur1MXF8Wat1UPm2K2AP8DSYp57khYht,1977,exchange,0
bc1qsp86u8fhmn8cvgpx2dywuyhhgew9fz2tc5vurc,1977,exchange,0
bc1qgp5yhnl8tsglag3fq5q5zg3uzwuj6rccjqew8f,1977,exchange,0
3wGHmLgyCBWBTkdYKVe9tKpEtng32mf4,1977,exchange,0
1BqDqBFcHpKxDLoSdxRo68ZAKiv36Zcz,1977,exchange,0
3JLHzhPogPsMALYWh9851vBKb6gYUPkX,1977,exchange,0
1bCJG1VAQZRY2wwQDwkvKKaUdPfiFQJe,1977,exchange,0
1W6dkDHTUps5sw1uqzfJrFUCUBCsvnaU,1977,exchange,0
bc1q3c0nmdpwhma2q7enljqtp2w3sheskxtval0xs0,1977,exchange,0
1ymNc8FSUCztbruJRfi82BYTQQH9D8Qg,1977,exchange,0
13bn9xjkTRr7rfFu5LQpgmJrxGpY3Cow,1977,exchange,0
1fxqijtfDTjnR8FYsxhNkQix5oLcVXrP,1977,exchange,0
3JV29P53jaMjJW5jYTUsLkTUeEuNcmay,1977,exchange,0
1GETuEtPwMAZ7Ctq1sH1KfY6PnVv1ee7,1977,exchange,0
3evnBhwJLdQHDFMh9VEpHqxL6CWrmrM5,1977,exchange,0
3RLAPAGae3R3PFMhaxVGbsmDBvm3UUja,1977,exchange,0
1QYHoJobK73HWHQLcNSpAAhgq9FtKSP9,1977,exchange,0
1U4L1MSqewPNxwRScboKpmjkHK5EWibd,1977,exchange,0
bc1q4dmsv8454jhq7jekxmvkm79y3rdej9fdq8uqdl,1977,exchange,0
1ouHK7Esy5g3tLxLzgYHgNnTk6B5qE1t,1977,exchange,0
1Svb6VCeaBPG22TXvfC7A83YMaSaY5dd,1977,exchange,0
3TkYtpybB4SpNCFCptn4yc8aKvr74jpH,1977,exchange,0
1mSXhmcwphwa593QAKUxeBReLYUL87SK,1977,exchange,0
1g6QpiRgt27UEFNHc6uyFLv8nvYjyApU,1977,exchange,0
bc1qrj90nqfhan7cejmnn9g2ztseayg8w9dcxrdwpt,1977,exchange,0
1R7fh58WyraZk5cvW7E6yaQG1MbgTjPX,1977,exchange,0
1JCf3m2se9ppigpRKP6QrqRjyfS5QajW,1977,exchange,0
3idsozTdLCTXpk9SuAtwYUUyWUqthxRY,1977,exchange,0
bc1q23hlvgvp395xqw6msadlw6dk5wdttvhrqghq5z,1977,exchange,0
1zPoW66ThB7jU1gqas9zAdYjdwgRuDH9,1977,exchange,0
16wuRmKWRyCh5fbTUVAZ38TYVX15jQoU,1977,exchange,0
1UPNEDKkdvpWf6LJfZoW3CXtKESXUJ7g,1977,exchange,0
1qCmarbyVaaeqnEdwDRo2CfNzEoVLrCE,1977,exchange,0
1Pga1V8cdhNu85AYBvxkPzs5gRFVFDyM,1977,exchange,0
31nogZZ7ASDn3SRvoGjjXBwjeGrmFsm9,1977,exchange,0
bc1q7scqdyc0f6l9e82s6fs6kzvzfzwdtjhrcgm3yt,1978,normal,0
313QP5aWiKy6v7DCcyyBF6g9DmUQNBXd,1979,normal,0
1wZ6L247PTiVDPgXrWwHs9zEaVk6NkGL,1979,normal,0
bc1q546vhzld47qc5wgwjfzu9akz2npkrq774crmt0,1979,normal,0
1RQxriEXJN3WcRVKKekcAHBgJZQsEwtK,1979,normal,0
1aWhbEpXw8iCUiY1TLgBWNyYYdsyJ4om,1980,normal,0
1JqFCw3bBKkTDD9annqwpHze1exw6Z24,1980,normal,0
1Shmf4v6iHWdHLBQud1DYai2vfGszwDv,1981,normal,0
3tQkZHSs6W8F4UJSQouWkm9B3gZLKKDH,1981,normal,0
1eM3wr3ACvuVsUaT2BYQzYT2DAFHc4AK,1981,normal,0
1Tr1581oCAJQN53VGDYqPpe4NJh4eUAc,1981,normal,0
19t3cwPvD2m4id6FNQHrh3gK6hEQ1ppb,1982,normal,0
3QWfV961CyqULEeAgMYesYiK8Btk9m1K,1982,normal,0
1khJGT1HxrSCJxWjh4PZL6WQumWVZ24d,1983,normal,0
1fLrtRwkebLYjbwtkvBQyx1cMuxQLMLJ,1983,normal,0
bc1q5q5fh06wme0u6eer605xtlg7atg0jmup3gppz3,1983,normal,0
36dsbkzyFMiXwe4L2aXXjTxDwtFD2Ra6,1984,normal,0
bc1qes5u7q4heq45nwm74qx0zaaljf8wwncmdvq7rf,1984,normal,0
1Ufiq9iWzU5WfveLiizVwejKYjSNnm4y,1985,normal,0
14uEmbQ38s1DLrCEhfu9Qb9d1Sk8cuN8,1986,normal,0
bc1qwr9k963ha44cmlrhnn5svkyqdkgcj6phdh8f4d,1986,normal,0
1b9WLozsby5ECEhf7QpLgfAidKbF5Eeh,1986,normal,0
1x4po27udUX2FX61JpX7aNQbnoHbhjMx,1987,normal,0
bc1q7s020pyflruhu35uq8wr6822c44m5xt58p5ftm,1988,scam,1
1v9p9pvvk465vk7ttxwE46i6puzNV5h5,1988,scam,1
3Khv6dZJBDQCYStGYjLvUntXkK1Dt3ab,1988,scam,1
38QdHZNwDwNN5WNckyKRUveayqaxwUSC,1988,scam,1
3Gw7bw8jHNQtYEDEBG9UM4PrWqXVx9D5,1988,scam,1
1GX4GfTrtRUAZZJTFDWZ6MZCidid6WcT,1989,normal,0
bc1q2wr5d4q5wn9nfedtqdzun5a4e4v346xyusstue,1990,normal,0
3W7aG1XjSD9NWP57ALUaP1h1xxfZhEKG,1990,normal,0
3T4aTEQuqriX2Gcii19GypotnnT6pNWC,1990,normal,0
3xGHWSc7JbvxujQH7QsBWyL8xvnLVn29,1991,normal,0
1GJDuhGzCmhx61KVBKdPeaS1wSaYc2mC,1991,normal,0
1sJQMvL9Rxkgp9ZT3Kr78xCdo6jMGsbo,1992,normal,0
3zDHWHWmCjPcjB241nTuH7s3iDkYdb3s,1992,normal,0
1DvMQiZKjRRPYQGTmF9DbZ5MxWsqEjRW,1993,normal,0
bc1qlqdz8w9upwfk28fu3dxfqa6lr8eypjfngtc2yk,1994,normal,0
3bHwCaafCoLJT4SLKDTeuYzGp2aNVqhD,1994,normal,0
12cdyDgrpFb1v9zaXsQEWa3SxzJq9AWs,1995,normal,0
1xv9uamjnTeUdN3jZYUmKefnrrM3qYE5,1995,normal,0
1g1FFyX9AHpaGDQbgXrqHYjoNnKKwtfp,1996,normal,0
bc1qjamek5hn6j2472t2kjfgglvuz9egdwnnkc6ct5,1996,normal,0
bc1qehdvtvnjyt8nhp68qe7dc23krjwzp6lmpnqc35,1996,normal,0
bc1qdqxvxkf08s8mqrtxqetgyun2lygyyrm8kxdyf2,1996,normal,0
35SVcpcXAV4XBUUaj1h6xT1yftP6VT75,1997,normal,0
bc1qjamtu5q5a37z73g9llcjtlmwhfu7pzdj4cq62f,1997,normal,0
1EagNq7jVZJbTmxMTnaH5QTEZMaASvU1,1997,normal,0
1dfJmzZGLDtC8hPgzwy17srpW9oTWTos,1997,normal,0
1deZ85EAfqK63M4YKBjy3sW64SGLJrRE,1998,normal,0
3mxLedZbp9QiSQyHWUuNqkQ4y8yRaCXB,1998,normal,0
bc1q6pax8g53xav5ynl68nmejztqrrw4h7jcqw7ud4,1998,normal,0
1AEzFjunGCi9bRP32WgZ793m86mN2KnG,1998,normal,0
bc1qj96dqdrr4s3cdsse3ls5kdudl3rfxfw7287de7,1999,normal,0
1VcxQQYB6bcTdfi4WqDrqz4g5a71Z3Yw,1999,normal,0
3CJzjzu6voXPLFLftfup88cVuyfnYofP,2000,normal,0
3XvEgrehCcuRK6yabnGD3m1DgpCyvib7,2000,normal,0
18rVs28d9CCDQyoQ8fefxhkKJ5Qt1GEX,2001,normal,0
1u65LSNhqi9xZJLn7JSujotRJRihJPCw,2001,normal,0
1zHvPppz2L3QrEDoPAsdRCWxkvaqZ3k8,2001,normal,0
37hqZhDMcocsDscK4v9v1owdA8GtzKRY,2002,mixer,0
1Yd4dsmFPB9DcuXSby8kBApg1mKM6x3r,2002,mixer,0
1k1d2hyu6inLoExnBqWyqUbxZe59Wj6i,2002,mixer,0
1fvXZjxQKcSJKHiQrQvyjF4XTEasXgmn,2002,mixer,0
bc1q0jjaeck4fksj593rkvhazcqteuhs6dz7u9zyw8,2002,mixer,0
1RAZXnnFW8aYsUvHGgX5KjAMtYSS7XrB,2002,mixer,0
bc1q4nlq3nwf33gyhwzhjv2qr8a9299lxyv2tcyx8z,2002,mixer,0
1xvazy4a8X6e2AgFARwmzxJzuS5L8Ngq,2002,mixer,0
1rqm6b2BFZhbraWeKp9i97bxN6Bo6A8y,2002,mixer,0
bc1q024py2pa0a0mm098a5yh09523t7hde7x747scf,2002,mixer,0
bc1qugrrryuldqeujmwajgkxr4qvcyp0uju0ne53kj,2002,mixer,0
345ELgDcT6Du8EkMJ8cPyVG1Zp65Lf2G,2002,mixer,0
1LeUopdSZeiJe3MWc68XRoCQ4ooaatq8,2002,mixer,0
1TGTFWQBt2rWVp9qzbZ638b1fhuPvco1,2002,mixer,0
1u7qWhd21LTu2dL4TcfHGrFqQya32sDb,2002,mixer,0
1jPHSkLi4p2jQCv9QnS5WxWY1PAUJBiZ,2002,mixer,0
1Ywx5gwpHa1XsW21RpZyKFTd5hzVfahC,2002,mixer,0
bc1qnpgzzvx22khzzzyc5clllvc6zg0x0luvzr3h3f,2002,mixer,0
1Ei7RGk8fk1Wqf5ERDUWXnoWQ5JzChrf,2002,mixer,0
1zS2PwhLpFq7hLwXSXzH8782V5grnn71,2002,mixer,0
1UcYE38VUiapmNNqpeQkduKzPq9P1cDm,2002,mixer,0
3BSNc6GUR9HH19R2mmTtdWwLK5bKwXoh,2002,mixer,0
16mFEFJteuS6kjwoSV1pEXCmpxLMUm7n,2002,mixer,0
3fpyDJRW3ukDN49cMs8gBcMCL1fk9KUd,2002,mixer,0
1Fku7ptkYqyyCBvryFxKS4aXqU1guCXE,2002,mixer,0
1Uyxy2evTprgdktTnzJcei6JdVQPx9Lr,2002,mixer,0
3nw2za3wQtQcbAzvF3CvtdZRMwbUwMdG,2002,mixer,0
bc1qdl08dmc4k75h9p6j7p9xfnttsq8c78k7vn2fz0,2002,mixer,0
1aWCQNKpgkan9Beua7k51pygjfa951DA,2002,mixer,0
16DNZceaUUwHJ6gSRcK2ohgiNSJ37cQA,2002,mixer,0
bc1qnd52yp0jd7t4tuwwq27utm6fr6kxf9h7u96q7h,2002,mixer,0
1jLkfeVRkc4W39ogpM6i7RLiPuY3sRzr,2002,mixer,0
bc1qm45xnyt05cgn07aezhx5me43kq92av95kzd3em,2002,mixer,0
1nBfacoScV1vBVaLKrpWMjpFJZebN4YK,2002,mixer,0
3arX9XaSkUctyZoRrFqtDEKCz5fYCegb,2002,mixer,0
1CvpCmrNKcwDiuUdXhJESqNSPVefKLrV,2002,mixer,0
bc1qtjcfw7a60009t9es6qdcs4m9gdcgc82tcfv5qf,2002,mixer,0
3Qz2GQpWQ5aZcFfUK7cHekp1DgwPiYsM,2003,normal,0
1b9R3AwmMQsL5Cqnz8QM8PjktPyf13jR,2004,normal,0
3WMxggrohjgTQ9aEgt21sLcpd6LMpAJn,2005,normal,0
1gJis1cQdPp1M7D4eCLAnk51hfXg6ydp,2005,normal,0
1pEJ1i2V6x1qjsw8Ek8MeHhzuK5poZER,2005,normal,0
1VBk2GbVsaBYhiZPxSGUxWwhphEQ9NLf,2006,normal,0
3ENWfgXjSG5XQNL5HQwf1GNWiaNMtaPJ,2006,normal,0
1rWWciDnsZPPDHHWnys2R8ruLSko7QZR,2006,normal,0
3BJJAWy9LMG3JQjiJWeMHr4SK8JWGyFH,2006,normal,0
bc1q9ldyfj5p7y7pmskdhy2fdjnq2dxuwjh6c6axrz,2007,normal,0
1CZn2YVprfCwWBok4iu7Pr4bJdHL5H3H,2007,normal,0
bc1qcwgr6yvwvc6s7efk3cgv5v4r3dghp7m8g9c9vc,2007,normal,0
1hbnjNi3qYwssr1Y7DQZ8UjPgufj4RXP,2007,normal,0
32Ts8Wy4TifZ2eQTRYusdi8MixgnMUHs,2008,normal,0
12E7oTcVEDJV3xA6t89dXhq2ZaHN3sEy,2008,normal,0
3fjqcDL1wCsGQTTERQyDwLcNjUEDYHbx,2008,normal,0
3KxZTb4eiouqUMHc2oV4vpKr4xwEapxh,2008,normal,0
1Cv1TZ17o2rLdCtHxrrC6vByLrxGsR7x,2009,normal,0
bc1qee2hdzu9few5ud2hsxm9s7urjkcv9feke4uc90,2009,normal,0
1AjsQVUSV87SyHGHehM2hFsmxxGKJG7k,2009,normal,0
1aBqtrSrFy3kMu4ij2mqFQnHP6iqwsq8,2009,normal,0
3BJAHa7xMi7oFx3DwshBWiPJxGT6phF2,2010,normal,0
bc1qlcpln24ggrhtc2mx46u9he6jxpqkmqy7j7q8xt,2010,normal,0
3Zwf46DemijTqJexQEwri22Qn8UhZGPW,2011,normal,0
bc1qkzndhn7447zxq07j3jar8nvl6n4rllvllmj8q6,2011,normal,0
3KiHtDocqmHL7gvYdBumWCoSHsmiXjhx,2012,normal,0
1CgsPHCvYSpZwsPzsjwkTf6zF6taepio,2012,normal,0
3CQx4zZViQNUeEu6MwU7vAsbfgkeEqAg,2012,normal,0
3W34KWM2rXfpmevGvoQq6kAPd3h2gcQK,2013,normal,0
bc1qlu29u95q29ahj29r33yr8q82zn6x34asqzqvy8,2013,normal,0
36fP6fLuzcdy69CTmMCot9qZHYuYgFfq,2014,normal,0
3sY1E86MUbBsQcJ6cQoaWAA297VNBNnx,2014,normal,0
3HLv6KNMyDCQb7kiMx3o7S52dfDE6JuX,2015,normal,0
1ggZgpYFiwh8Vi8cRhvSjEHocQbu5VpL,2015,normal,0
11eQGmCZziMfP4k4iHMsbS4J6iLhsNw2,2015,normal,0
1HEQo6FEw5RWKUWLps7J1DS7RuMC3Y93,2015,normal,0
3xniB8MF6i7LmHfNFZzgBhhumR9V6gwW,2016,normal,0
1E3FPRXaLCKcHdu6XxhDxQnE6TsoFWv4,2017,normal,0
bc1q6m5wcl6nvdujdns04q8jwqxae5zeq87vcsw78l,2017,normal,0
1wTKaAjwK16CtYDFkucg7TTJc9kzHgHm,2018,normal,0
183BgwDmUcdxgnxbmm2y6kw3tThbKckP,2018,normal,0
bc1qncfylm4tgrhucunjr2xgg0j4mu76releqtnvpx,2018,normal,0
bc1qxxk2y9jmwatdu93qaagr7vqwjxckjv208ed2xp,2018,normal,0
1WiKgzVZtDNKXgoZdke9MZi3eMQnnavB,2019,normal,0
34x1JfbX6BQJ4gpGerRMU87cpfVZhoMu,2019,normal,0
3RtsUhfqkivRNm5abtW4Wh6tjMZXmhZe,2019,normal,0
1bdKsCBY86pxFjDVWFVH329T4f1CerXb,2019,normal,0
1JVPFWKMhw7dKeQgSDxNzK92Fr6FARAz,2020,normal,0
1rme3oKpwpAV9jG4HZxPcDJnpznmm2pF,2020,normal,0
bc1qe98pw02fe7aleadh9gz86038kl2gn220rt8agt,2020,normal,0
3GkH8k7dh62xpmxd3PNftsKyKdyiWkf5,2021,normal,0
1jEPrbUXBxjCkfY8hi53ohtd2Q16xK98,2021,normal,0
1CkyMeHLgZJYEkS7nT2ofF2SZZn7q4m2,2021,normal,0
38pqHBZUfrYbzQ2Utv5qDHBCkdx4Huv7,2022,normal,0
3Cdeueys6STey2ZyR2Dw5suaUUG5Gysf,2022,normal,0
1rncFVJCsUubpHxk1jau36esu4F69Hxn,2023,normal,0
1hX9BYFPcFrwAGvhWiNApSmXFNywGQ2A,2023,normal,0
168jxzq7tKC2WhubfP9SsnYSY294pzyt,2024,normal,0
1SZTwxr9TuMFiBrxQC94x9c43dg7VxEp,2025,normal,0
bc1qxhm06m29m2re8ndqdrwfnpu6dygus7vg3ke392,2025,normal,0
bc1qzfslelss63w8gpsxv2a8vh8ksdt0sq0g4xr825,2025,normal,0
13nNd13KkAjb5PxnC2t2tH45jpcme7yc,2025,normal,0
bc1qjqc782572t03vdd290w9juv4vfp8jpemfq4p4q,2026,normal,0
15CUPMCF6WxwckoExPJE8DgJinkU7wy9,2026,normal,0
1TvzVVU9hVTEkABnJ4Y3jjEKvB8hBh9b,2027,normal,0
bc1qw6zxg0snh3n6z506zcl74d653drvcdkq4tkxgh,2027,normal,0
1hsS34Gwd8QNG2X2jUBCCT43MWoZ5CaS,2027,normal,0
17LxduefPVxjv8bxkm4hWjC1Sq6JfztG,2028,normal,0
bc1qj8ckm92htqqx7fhvrdlekm29uy7xzjvqdmkj5y,2028,normal,0
3B1bs3PXRtUX25y9Eq56UkPMnuCnRk6H,2029,normal,0
3UioxejcvmGQ4ZLFNaR3U72Bf9WWSPLb,2030,normal,0
1g6kPDE3rgyw3fURHYzNG7npkE1DV1a7,2030,normal,0
1tu92XxNK6UG9e1qDVzDwUg8b3VKMumj,2031,normal,0
3cjwCUQHNPbHWwP5uXJTawTnKmCNiBQP,2032,normal,0
3JptH298kqRCMNcpwHog1DD2wRg5hQ3b,2033,normal,0
bc1qzve932tc4fkg3s6xzklqmr2z3euxpueqj3vldl,2033,normal,0
bc1qkvtw3kzgm3gwwppezkvm000rut4kzepsztrfkw,2034,normal,0
1esDmU6UdsPSCWj9iJnn6hDpCufJfoZa,2035,normal,0
3WsyWsQpBHUb1s3knY7R34S1USANoxd1,2035,normal,0
1NfM3aBKX6mawi4UfW2LEV5rNxstrR9S,2035,normal,0
18toGtW91rWSNTZNRSMvUooMByTuB3Wi,2035,normal,0
3Ea9n4RhTa6NaFMhhdo4i9AZdA1ruDq2,2036,exchange,0
36LPhToXmhM3EYYuKCnGybgnjwLyLnjR,2036,exchange,0
3oNFh8GFL3RDtJmZHNb4LziDcjTdjxBt,2036,exchange,0
3JKJMtsfHoyHrSdygnERdnua4cvpUTiU,2036,exchange,0
bc1qg546h9pgl35ufczdl6x0xrepvjglvls5nvdtde,2036,exchange,0
1CWNdAMCQgw5wXkWrYK7fS1vXAMppnN1,2036,exchange,0
16pvFKC9jB3EiCuc2BRYGPkwa3jPhEaX,2036,exchange,0
1SbtjXTJZ7tnUAdK4G42JvhGuAtGaHqV,2036,exchange,0
1iBDCvg5Kp2UZEcn9ThZMywmLJC7sGpS,2036,exchange,0
3DaTzpsQsiwAnfafVawhMEXJEn3pRTau,2036,exchange,0
15NihbnVCqmrRbRz4uii3bTfARYagEQM,2036,exchange,0
14P9aR5CPAQqDaYcTW4pZVZvjepRNP8A,2036,exchange,0
bc1qerehgsmyp3vu6krm4ju0qc6vgv09uhugxsu8ae,2036,exchange,0
3Qrk2D8XmGpddiKJtsJ5L1Vb7ZDSbTGw,2036,exchange,0
1Bue53g6Vp3vAxNkJPsLCUpxH8YcNBs1,2036,exchange,0
3b4CZ16ck8QgaVWuRVSCmac5Jsw8vPuD,2036,exchange,0
bc1qadhy4xsej3r0408hafjttsj97kz8dn4j9s59kg,2036,exchange,0
1jJJGMNRaQm6EETTzh1ed5yRDQg7Ndgc,2036,exchange,0
1iwffTR137Yj4tcBRTQhFdv8uAjyGy3x,2036,exchange,0
1rubtkG5j7RQZV2YRcxmiZWKjgw6MF3e,2036,exchange,0
bc1q7ga3g9cgrgzdayu2g73t3gkx3el2a9qh9nmkd6,2036,exchange,0
1snFrVq8B4gAuisQ2sVgfxXKHM3knSbt,2036,exchange,0
bc1qgkc0tj20f9ljces3fn5mewd65283td6vkev2ce,2036,exchange,0
1RF5hxdt4GWsvAgt3xRNBfiJWZUrXasb,2036,exchange,0
1V54WPPFZm1hx5q1huZnTsCyM24Jnf2e,2036,exchange,0
bc1qvy0hf995vjrwtd2386wny74x40u8ezptctfukl,2036,exchange,0
bc1qpde8ytfm4m463rml6hr294wexgcdfgl0rh0dd5,2036,exchange,0
bc1q4agq2msy8dg3y8u0hvue0g8y9thj2wrreza6a7,2036,exchange,0
3oi8hDzLUjWTWyPoqan8ktqDCW1mM4XZ,2036,exchange,0
3sqjTZPc2pVBVw5TkacKbog54zCGwCvd,2036,exchange,0
bc1q62yd9kha95g8gtmc40lk7uvhj5tr347lnsfdzh,2036,exchange,0
1xwwYKrkf5QG57uWWaUqe5MYMJtkMoCu,2036,exchange,0
1kYJi8gDo5J6mBLHsQCSfETQvX49RSgE,2036,exchange,0
1eSjd8JfzE8JVFV1uo5LsuR7pBBHyUQm,2036,exchange,0
3Q86kv2fYhDbmpiZMiQgFLA9wEZ6EfWP,2036,exchange,0
1Hitq6BWHSKLiCuFEKbsqhGX3nHWgTFB,2036,exchange,0
bc1q8xu437rxks7vraemcaj37966xs9jazsu933jdg,2036,exchange,0
3yEmjWwtSwh4yskexpgKj9oj97CtGq4N,2036,exchange,0
3HQ724taVj5j6TQTxiqriw5qRhwJLVP6,2036,exchange,0
3YTpEMbXR16Qk7cMPCvMJ5uPVsUQ8u54,2036,exchange,0
bc1qxtd42n34jvcsu639q65k7xw66ez2qel4uek4xy,2036,exchange,0
32SoZ3T1o4MVmuzQBvQFKWxF4qwMsKRG,2036,exchange,0
111CtAQcHkFGx2ATL3TQNnfR44xmMRVp,2036,exchange,0
1X8A6cFdciN7iKmqtBaPwhWY6Jr2cFXC,2036,exchange,0
bc1qyux87ps8wjxhnx09tvrwlunfkt0ls5ezdddjpe,2036,exchange,0
3cCnPGPZnv6pcT6pNnwghYKHP7jbgWo1,2036,exchange,0
bc1qlngfcufkg69f66dxknxgdqdl6mchak5wr5wqs2,2036,exchange,0
bc1q6v75x86k0tjw9xck63jyv9erlvpx0gfxd8agpc,2036,exchange,0
1MtDHSRbG1nEphyabjCyREfUP78ZFYGK,2036,exchange,0
3fDp3G4d8XkJ92pGQ5Z42nD1w2ssoHUV,2036,exchange,0
1FGz5DF4qAWfbcvgtCNcSG4ADLHaiPqW,2036,exchange,0
11VD4ip8f5ngQ46ic7Y9DqVsQKWCfKct,2036,exchange,0
1LPu82FyVaFA5j7jDh6G5sBU53eUr6Wg,2036,exchange,0
1F2hu8ZMenjNuEJGDgsSgGg8UX3Yv26x,2036,exchange,0
3mY1jUdYcXMGbbmuwVxWsguRTfS6RgEo,2036,exchange,0
1CGt3Zum5ZobbKFdumpz7BqWwihrLmq4,2036,exchange,0
1vtg1fVJ6rP1YBjShHKtXCW6RUMxUM5h,2036,exchange,0
3KFvky5rfCknKoFNCkVjkygiJuBxcBE4,2036,exchange,0
bc1qdu9l0u52vxdyx57ks97c96k8a9dnup4zs623n7,2036,exchange,0
37HZTHTo2Q19oQgNoFXiJ2btgjJJPdHW,2036,exchange,0
188J6qgW1jo2mVzTVgCebKtTLiqiUNL4,2036,exchange,0
bc1q8s88glpgcf7v47uqwt0h2lqft7v6nfv2lpkhfn,2036,exchange,0
1DEYzEVEeMrxMET9cwaRX2u9k3uK3JVn,2036,exchange,0
bc1qm0xjkpj0gcyukls22s2yd9k3nm6yxtnw96f2uh,2036,exchange,0
bc1qa55sezk4pdww50d7qc7a7u9m5y6sk4mj7h9l0n,2036,exchange,0
1EaUabCqBjHZxjYzGDVq4g1gCYDiFoPv,2036,exchange,0
3eeL4rpXZo6GN3Rg2WefvvbkrPaFJeTd,2036,exchange,0
1jUs3eZiF5gAYQF2Sd84ozMi4YE9K83i,2036,exchange,0
3aBCtsko5zpy4wYLadEMxzNMwmqbW5Wu,2036,exchange,0
32qgEJm1PTpS5L6mm4sZQ4Y4noK8ZdLU,2036,exchange,0
17hcwR7VRNFmv98HqrWsu2UEddgC5ocG,2036,exchange,0
1k96z53HXm1a1Sq8wzEAEJsSfFRy1RnH,2036,exchange,0
3nNJY1kkdTiAHyJwNhJeiVi5VZnxAP1o,2036,exchange,0
1NDncD6y29hpLMS8AuNKFGWJVscfwkoX,2036,exchange,0
3znXJWSfqp1dfQt5HhQXVirTZ6QQYkvK,2036,exchange,0
3gENREYmTJDGLStW583NrTbjo4TU9ndC,2036,exchange,0
39AzDPp3auG1JP8SnEd92XeBNgWt4v6p,2036,exchange,0
bc1qu6vgaqyslmhpvq98sx7jxj7kwf5dv8cgzdm9tz,2036,exchange,0
bc1q0025gvu99ceewcqq3h98kg6erp42m95qlskyxs,2036,exchange,0
1xQXNGsNwLwXtK7EZFMa1a6HX2t8dWBN,2036,exchange,0
bc1q9wxxazh9fgqld2zvl509nnxj3ah634xmc9j4m9,2036,exchange,0
1Ykd64qYtTvUaBKa8X2Pcv4fVWbXzaqW,2036,exchange,0
bc1qpz8wkc57ptfw83q0cmf7qyfj5sap29vfxky98y,2036,exchange,0
16zs5LRwoC62Nz6cHsDeudP44DRN4g56,2036,exchange,0
1dpmWvohGussL11p7kNJRrvDzwGhfXQQ,2036,exchange,0
1b3WAwoMabShKLQTdA9nLvu3yjzBdtUR,2036,exchange,0
1cMeeEjxZ6Lb4SwmAM7ejs8EVMfC1mvt,2036,exchange,0
3Zxk3Gb317mDJdvxZnRFRkC22p4XE4TJ,2036,exchange,0
1bb8VwCQ6x79r63AaUepa9pPZ3kcwgxb,2036,exchange,0
bc1qvvwsegxs7s0rx4szhwj7vt02x9xk64ecgcz74j,2036,exchange,0
1FBm5S6KkMeMVzhYjDgsZgE798GskzT5,2036,exchange,0
326dK6h4jxnLN5W3PzvShNw1D5Vdfw4B,2036,exchange,0
1ysicd68vHkLBcHqnKTh6LRz24GB5APB,2036,exchange,0
36QKsZmzk3sY26r6qTtyhiAmDF5Quvoj,2036,exchange,0
128WLns1bBwr4fgGg3P5DpaKA6x5HNN8,2036,exchange,0
3mtqFu8PhCMcjg4LtfHkK2j58zMMt49D,2036,exchange,0
bc1qrgy7fzxvk5z2l4vsr22nqt53wkck6lvaxgjs8a,2036,exchange,0
14cTQTnhesA4XDnFVL3VyWc7q5B6dYSc,2036,exchange,0
bc1qrz34xes8v6mahuc4v3ryyqu6djumqj0ya0hdcc,2036,exchange,0
1BfUTdQEc52xuxquooWjqzkvgwzJnuVR,2036,exchange,0
bc1q4xwjaxu7cc6m3l2yyfxem7rsg3lkj0rexu0s32,2036,exchange,0
3ex7PMH6mJxBum6uoYhFXPGasHnZvuDz,2036,exchange,0
3W3sXqkqDoSX6iPLGpSakpf6uWMfhy4p,2036,exchange,0
3NvmaT9hZ8JW8GDfrEgb9kYM7iijPodX,2036,exchange,0
1mLMXBTLfpDK4NVuKxT8XmHeybYsRdm8,2036,exchange,0
bc1q68ksd7keg98xgwud6lr3tsmdu5jj9434kmqh85,2036,exchange,0
bc1qw235lfh8spcfewnpv6uqwgvzvcxh0v24eagazh,2036,exchange,0
3brsWXK5udPvPMU7SXa7QamrDtR5ThHH,2036,exchange,0
1G2sMh1mRk8zuxiUojgNkbJkyz9zimV8,2036,exchange,0
bc1qvl9d00are4ru9vywm4wvt45dkjvrgerk0ghhm9,2036,exchange,0
11b3XubW63Ui4LLDyVUZwzpkFF1earAJ,2036,exchange,0
1qPr1ro3Y4aRTeiU5MAUFinLZbxqwz3N,2036,exchange,0
1aKpcwyFwwojJ4msiExnWZT1aWJjYHCT,2036,exchange,0
3LHptR8wm5rVSkE3aWCZiu1n1cnDikKo,2036,exchange,0
18y84eu5SARbi43fevLpa4Knwh32gxBq,2036,exchange,0
1i3HXDpZcMHxboUtgq2xC3wDZ5F2J45E,2036,exchange,0
1Wi8XQg7uwwbe9HER3D2dyTov2o2AEQB,2036,exchange,0
3CWMNANGURCZfBxJeTG1iwcRpgLzAvqa,2036,exchange,0
135kzZ34TdEdKw3WSgcv5U1fLYTakghQ,2036,exchange,0
11aBXq4Fma63AGbEnr2ALVrstUaFNdWV,2036,exchange,0
bc1q0tmcfq7szrg4nal4py4qnmnfzgqsny6wuwhw85,2036,exchange,0
37kHD8ts9MXFVt463B7KY1LTdheg1vwe,2036,exchange,0
12GPPgRcDJ6R1NaANroZkoQTQFeJ9zmf,2036,exchange,0
1R7ymqzZiP8wg8PU2JzcEv9ZTJAopi2g,2036,exchange,0
13kCvC9xGbHijSSqaMqNxQKmMdgRgEev,2036,exchange,0
1ed5TGP3ZG9RPFWac93Tn8wMUxnkcd4S,2036,exchange,0
1QUtAXnWWH4J5RWmWNnp54vENDVJDwWf,2037,normal,0
36RgVa27M8NhytebpKVRgiUyPCA9nrSn,2037,normal,0
1GEPTtVmoNC5ewrAbcBPJUGrhS6Dkbwp,2037,normal,0
1sZLfjtkCQTsdiGhksHfb48ydiiQUQPp,2038,normal,0
3uq52ADj1oiP711sYwCMBZQ7e12zzEZg,2038,normal,0
1rnfUByEeUcc4ALAbYQVnmuzBvHYrhtf,2038,normal,0
1nWQkit9cBNjeoUpnStWHe4ZaL9LWtXF,2038,normal,0
bc1qkp8a9nqj60jvrecjxnp7cjvsnesmua9z7dfe2s,2039,normal,0
3BYR336S5CXEEngZd7KcPo3Hj7r4QKwD,2039,normal,0
1jWeFJFWTyNQ9kcHFrvpDzPxkD2ypEQJ,2039,normal,0
1eYmV384m1HteyR6TWQRydKFaNoqE6bn,2040,normal,0
bc1qj5q4zfch34zyf0s4hn5dp3ywxnlrr6acejm3xx,2040,normal,0
1wczKnFNqRsHLUy5VnixvRDmpdci8yg9,2040,normal,0
3CFFkNhzn82viEk7DHv9SiCa814K8hzK,2041,normal,0
3RS73NYe5X4ZhNW9F48PUNYJZLVhKyVw,2041,normal,0
3D2Lrhmw99Eu6DPuu5GAH3vW5g9uXqCb,2041,normal,0
bc1q54p3jeq0zkfk2897s4ulu5kzxvszvyvmy9qpf2,2042,normal,0
1sPrcX1tUYBqT8gwsZfvJbkiTXh8XeZN,2043,normal,0
bc1qs2ks2haskx2nrxl4fm8jmqupdm5uhadz3cj55h,2044,scam,1
11j37CKgxZutkVNLVqsGZpEZpT64PBij,2044,scam,1
1b5Mm5H7YwjVDu7GEB9JnDJEBG5c6rfb,2044,scam,1
1nqrgVaneukPHjXHaQzTvyw8jjf4CsWu,2044,scam,1
1sYEjfMV7vwcuwfLeHYxruNZ4u4MauXm,2044,scam,1
1jrG5hFpYfhgvfDZULZHF6ibJ6CgeKpR,2044,scam,1
1Q9vBhBMJBHMZPTheZXRqyHyde6r6Jsa,2044,scam,1
3gBYbAovu4YLqXMVaWb489GQLtte55Je,2044,scam,1
1CcDxEkBSTeRMPV1LwotzjuQZWuYRzyT,2044,scam,1
bc1qyrd4cg66mvhnzf2zdy7q0fg3qrlc29vxdsckf4,2045,normal,0
3mkjek9CRdDrpy3WdXU2SUWckE4FA5ej,2045,normal,0
1W6z1yaPkpgX1SSn4krFDmvYU79GgiQ4,2046,normal,0
1ZiRQg2AD72C2385uqMfVtHEYraTj6rR,2047,normal,0
3xw296qKzgenYuaKP8bXiTvAJkRjH7hF,2047,normal,0
3vjdFywXRUdirWKcMXuCRy6212P7jsv9,2048,normal,0
1bnvzeS92mSv3WhaWaBmWzv1S213kJxt,2049,normal,0
1YfdSutrNQDuJ4brtLTd1c1iAjDtG8nK,2050,scam,1
1kxBbZ8LqncGtQkRG5uMYoihGNFKbzFX,2050,scam,1
1vZDf9UDYykjLLEDDPR2HFVv66v2mXH6,2050,scam,1
3P3n9A1UrhM8XfrFKm3JSVkZAwMKQ5ay,2050,scam,1
18hLykKDKpa4aZ9koyrfkYgvNLU2RzKV,2050,scam,1
bc1qst35zm4rjhhvm364xrvdkyxt2gncluue5dyu0f,2051,normal,0
14ZuPjLJm3YdGH3Z7xH1JQ3nMhgJ77ia,2051,normal,0
1F9WjGq4nLojHJWK1teUjKxVU3jP7J2r,2052,normal,0
bc1qgql8cpuqncpkmdrax0lrcu8dy9dhst3svdusew,2052,normal,0
13kHfh2mCqqmKkDe4v7kBuXWntpd7tKV,2053,normal,0
bc1q4phyeg0q6pfp82v4cktx05n6qz0kng2k5avs3j,2053,normal,0
bc1qjhcvy467evhyzjxv0trfcprmv72wadack8fg4c,2053,normal,0
1AXUAXqamtVFLw6ZR5avSTBmJagxqAAS,2053,normal,0
3yYAd9wKyW3PTcpqaNDNtLHU7UrLmvVP,2054,normal,0
bc1qptu53hruf57zreph3yfyf3pp20egf96mzkdkmn,2054,normal,0
bc1q53z53cu8fxany0u5gdgs8fnd3f9lykdqxqc40e,2054,normal,0
3gtTZuS8zHMFmGRoYDjjRoz71TBo85nf,2055,normal,0
1UCuYH4Lu6jkY7FuFC1uV1hYYoGPXm9F,2056,scam,1
bc1qk552xnp2ahtgxhlyvnh06vqe5hefzczhnyt7ar,2056,scam,1
3WsH4vNDx3yREV4HB7tBd22npKDR2qNB,2056,scam,1
bc1qz5qmhfv2qqjs2275l357ndqqdqdzlmgqxum0qu,2057,normal,0
3LC69jQZe39AzHvYBAPF5rfVyHpmBMMz,2057,normal,0
1EQ8arsLjEoghA7c589UucPHSmBE78TD,2058,normal,0
bc1qrunnk0w9yrcm5muhlh6tfhtnwu3k9x76nsp8py,2059,normal,0
13U13eDBCe9NuwtFqfThNfhe2xtwGW3P,2060,mixer,0
bc1qntukrxzpwqu9fd70ll2fasmcf4wpz8cphfztux,2060,mixer,0
bc1qkldwjfjsev0nujuy3874l7qd3kn3ecs8rcm0nm,2060,mixer,0
11WiDTsHnam771vJmZrHTyvsjL3nhAk1,2060,mixer,0
bc1qy6zgjta5vw862h8ama0y55ahcl7x9zram4mc8s,2060,mixer,0
1UW9YcpN5AQGUTkb7UMobiLLKqCG9m7w,2060,mixer,0
bc1qzxd4adrjwj84t3ds7z0v4mtehh20wu8dgw6h3y,2060,mixer,0
16XX9oAv5aBjWtF7XyQf3BycYxWV4Acp,2060,mixer,0
1LaC2eH7k3CnPM5UTcfSBApTNHyjXUFB,2060,mixer,0
1UrPF6rRY1VuEzWcjxWDE7axrMkjzYwh,2060,mixer,0
3qTvxEMrNWtq4Da7xLK5KxHJojcgMcJk,2060,mixer,0
bc1qxqwrlamv7ug57j4sct6nh5da9spxjhmrgwn27z,2060,mixer,0
1hGtcrockZza9eDTACWD62eYcu9upXPw,2060,mixer,0
3L1g7AtUC1kRQpySzkDDJodkstRnKSHD,2060,mixer,0
1qeCUx3weEk8iK2XJDEkSqchLMsoX1Fg,2060,mixer,0
1yuR3pyCvTgJxLuAf2dxQ4rmvpqGY33m,2060,mixer,0
bc1q4ay4cgcrnd9v9776js0hahr70ve6svm9af2jkr,2060,mixer,0
1473voje71DVyvGA5GAHcxGATStJn3aG,2060,mixer,0
31EuNt6aqvw9vXbYgBMNwYv1dtgfcdKo,2060,mixer,0
bc1q84drxkzpk8u7e3mykhufqtsc0qhp5hlyslp2sq,2060,mixer,0
1yepgk9EjxenhNBxYgG4HJz5c8NnYz5y,2060,mixer,0
1Dsob6mJQRpSYMaB2au1fdBuuxZJZEWK,2060,mixer,0
39fBZUywQ8xrzS2yGfCp2reArXoXQRCg,2060,mixer,0
bc1q26qx6740f6l7vdrph8kwfr7jfwjpjufy9lcxu7,2060,mixer,0
1eeP15N7sJVVdvKFopPjxJrqXPeVWti4,2060,mixer,0
bc1q8t4u86xye0cn8cyrtqrt5trpa43lh02nmuukm3,2060,mixer,0
1BxBTPvy6JyvwMLi62Y3ywfu4YmMeWFb,2060,mixer,0
1TCy5y8PpKp6LER1hRDA1iiSzPJjcB43,2060,mixer,0
3aYSwLZSqgWiru5XiHEDzyzYfY6Mm9JX,2060,mixer,0
1GTrHipG7UdFSqnk5ohWNe7MnpACcNrE,2060,mixer,0
1RQkPZfdywUEK1Fcq41xB3SrMADdPPEx,2060,mixer,0
3pnUoRypE6XNiZ6e2pW3Vav56SsUFfK8,2060,mixer,0
bc1qg3a2umnwhpq6yds79wv4s9ewzsw9fegfrspr0q,2060,mixer,0
bc1qmsv2lcjed535juwmu6cqtcxdvursywcpdvl8sg,2060,mixer,0
1kdDndBiBBbJ4kWkdFqJtQGis4MYPAoV,2060,mixer,0
bc1q8gx4qxujsj05h9watlxtlh0n02emqlp8q5fexq,2060,mixer,0
1ikcwHdKCVK2bewmrBSWtaVbn1eKvm7z,2060,mixer,0
bc1qmwk0czce2thpafa346p2a59evaxk9zdz8tdt54,2060,mixer,0
bc1qywfjv0tpglg8nt39m8mctfnlx3efrask89d0n7,2060,mixer,0
1pLpziDmRwb39yBmofUCwqx8AYeNwgmV,2061,normal,0
1z1KqokQgGZ363NN4MMoK9ny2Xt1UJBR,2062,normal,0
1Z45e24UsG3vW1xANhHHVwUqQXJE4WwG,2062,normal,0
bc1qqxzlhjvzmm5v8tsxfeq84j252qhytsdj95qz8k,2063,normal,0
1WJHWcLk1WwXymFUw9z9a6wWn5YAdDDY,2063,normal,0
33eifB5Qu7cwqDJSXRK8Q8zscTTuGcFL,2064,normal,0
1fH1oJKSQEq5JY4Gp49ZZhzqXbw4iWpj,2064,normal,0
1M74sRg3N4thriYz2YPwzt78FZbeAbFm,2064,normal,0
1hivwqCEnPuh6N3BStAswK62RJzqM2hn,2065,normal,0
3gF9x1dmNFiBmDHWZW48Tq2JuMwrrwse,2065,normal,0
bc1qu33gtalqae0v86nf63g0tmt5vz38mtev6acurk,2065,normal,0
38VhCgA8wKDrrZLUb168bmZ4w4pTp9MU,2066,normal,0
bc1qwjgw46pxd8r8fkpl83apfaypx38dtaa32zxupm,2066,normal,0
1U7kwG64pmWUND2NCQceE1CmZEMKaL9Z,2066,normal,0
33Ux1ZLzdyPu7U2itHqaYj6s5uV31m8e,2067,darknet_market,1
bc1q5t2797pq4x978ps9msxuxu8dgrqa7wtkms3kwa,2067,darknet_market,1
1VXy9K41dUJ7SEsdTeyb32LRojLfxRiS,2067,darknet_market,1
19iz93Ab7UZturr5m27W9jQHZWmKoxxc,2067,darknet_market,1
1kUAmUyXjdQASUYrBxNB7Tidm1tSYtNb,2067,darknet_market,1
1hrzdmq3xmven16i4NL1gvCyuJm2UgGi,2067,darknet_market,1
3DPG5gRFyLbhFBmSqX7prApScpezvXKE,2067,darknet_market,1
3aL5SAkttj8cio77X9p7A6Y8DosWnhyf,2067,darknet_market,1
1haLFj3frz9PepvAukNKtiZdJDwfaSL5,2067,darknet_market,1
1baxiNMJUt7ViRFtDiim6QMV8e2exh1W,2067,darknet_market,1
3vB3c69bTYbk4gsxFNWd5iM3VgUpKvMz,2067,darknet_market,1
1chJhdtgbm98RCyen2zc5Ytm4RhZTjyp,2067,darknet_market,1
1RHnbCAyvycVkbfnKkjDA2bdn6aKraY7,2067,darknet_market,1
1C5aSXv3KZxspFtr3CkW46cKP2mSMWMv,2067,darknet_market,1
3FK7qcgsLB6zt4BMkfR8HYGiLjV7aoAu,2067,darknet_market,1
1fvxZW9EX5yKBDoYxh4LvYs1MumYYXxU,2067,darknet_market,1
bc1q4asun6c9tzd0n48rh0mkfvrue64d54za6ja5dj,2067,darknet_market,1
1F9fnFknenWhk6FVSAEq4gGcWc9Ls21j,2068,normal,0
35gEJiJrxBTvvGLMikCGDYNnVmtM5jEc,2069,normal,0
1iiptbzdTKFDeKF3DCrT7YWuDLKNkuWz,2069,normal,0
1pdXz2XgE9wt6Ba1rLzezBzZewUYUwAv,2069,normal,0
37JQDoRA3iamuiGzbR7drtJzRfpD16gi,2070,normal,0
3uR7tMgNH5dNccpiyhS9fEBD3Wza2rBT,2070,normal,0
1RKywbGRB2ebSgNAoV38GrvzLU2RC5vo,2070,normal,0
bc1q00t8j8llq8tl3edqzkcn4zrkteyfsdjrgn8wmg,2071,normal,0
1e9wfw5EbQcXEJm6xDLLj2JudY8vwbCf,2071,normal,0
1QJCYASMRgBPcxahDi9fu8TtDiLN6jm4,2071,normal,0
388MSBXM9mD9tzVPhseZd8FdzEL3naQD,2072,normal,0
bc1qmzaushwgl2y3x6tklyq2hdruxx4vgkcdlhct7n,2072,normal,0
3mMxTgPSkJLoYDhh2L1uRYrp3iJyS1tF,2072,normal,0
3bxS1gC2X7RpaFcqv6b3CTX3m2DvebUx,2072,normal,0
1uBx4MEoteQUEMvNkLMZpBBs2Cdd3PHy,2073,normal,0
17epLp8AnUs5V2CkT7pf4ieLsSLMcKD1,2074,normal,0
1XCxMemaVPBEFkuai8WnSPkqA9RgXZyq,2075,normal,0
bc1q7wveqsfy3aa33cy44kxdxhf6vxg29a3yr3d3wl,2076,scam,1
368sk9GUiigsyamvz6dfsD6U7SE3icjR,2076,scam,1
3NbgGvaB6KC6NyoHV7uwT6HjDEvpgfAW,2076,scam,1
1hWZVhyVrubKAgxjZvVprjiFZqYJbEg6,2076,scam,1
1rHrJtrVmaMzzWCGDaVK5d9F3h8M2osQ,2076,scam,1
1jxF3mvbyQpDi3pYLbojLksangkB1HYN,2076,scam,1
1G35XUyNVSBCdSJxQdFsd947reJy4kfa,2077,normal,0
33rewQAhvchm1sWuZcxuhXndt66fJcFw,2078,normal,0
bc1qq308vddt2zsgvpc0tc9uc8f4tq9582w5rx4l69,2078,normal,0
1ZStjVaXy9nKBFB22CfLRRgSqTNw1Bck,2078,normal,0
1dZ7zHKENHga8RZpmQcaw4M1XQsjGF3H,2078,normal,0
15AYt6afHSwqcKjAeKrudv17T8V8jw4o,2079,normal,0
1UDo1TRB9kP9u2pTHnHQEqnZoKPze93Q,2079,normal,0
bc1qkxgnelag2nkxz27u3pjt6l8kwnpamyqt9cz5u8,2080,normal,0
1LZyGNBxRonWiC2iq2U5mvrPNJUJt3t1,2080,normal,0
1mZXmGHTgkrb982Lvp861t7t6sd7RXaa,2080,normal,0
3mBLGwBjNAPRDNQ3wh8KqDK8y9mJK3Q5,2080,normal,0
1rEudkibzMcHibCiZMXEDzo7Z3trQMGH,2081,normal,0
1QnhrYhnGGmFFNB9zuFQMUw8w14AaZi9,2081,normal,0
bc1q7w3unldgvt9n0ylptne408vygacss9w3fkgx0x,2082,normal,0
36aqTQTkxEThH3CE1ja6tPUAGKNLLm5G,2082,normal,0
bc1qgjsdsrwsr68rnrlk6zuuvnv6yze0zr5ce25jn5,2083,normal,0
1o2XpdCJDczBpHZinLBWAjyzHTNCqAq1,2083,normal,0
1iWivrty7LoyVTFohdG9iFnNBe9is8fi,2084,normal,0
1VvBeWHmoiv4Yub6PctGquZ3PrKTssk7,2085,normal,0
3hzeq1kPpfFmtGFYi6oF9EEXPgfUu8iY,2085,normal,0
1yaGjDmktjDeNKNZBH31YsZKzHeFvQHE,2085,normal,0
3Kiv4XWVG5xMNKAhcbHSXn3nZ6Pegswi,2085,normal,0
3FcMonfdcpGnFmV3hnSN2gvZsBS1WM6K,2086,normal,0
bc1qlkfmrl60syl534pr8mvr9d49gtccts49w7gylf,2087,normal,0
1Jc9PiQyxbik6QftS2de9xMxEc7Neh3y,2087,normal,0
1bgDKGdn8qggGZsYCQbrCCZPFp1hwpvf,2088,normal,0
1cqZaMVRvipMXYNGWCZSafGqafDVHQkH,2088,normal,0
1tR4SbJdVnCtaDZnfdSXmzupAhfhbJbz,2089,normal,0
bc1qcvkxueu7l24sp7uk7x5k75cgtn3phpluh9hl3k,2089,normal,0
1bTyrqj7iqBYbZPm91v9jMr6ZUrpwK8K,2089,normal,0
1L8H5E8xkdWTYYLheJqRZaqRZk5SZrrW,2090,normal,0
1GQhMpnoRapxsn4hrKL5aWTLax4Wievn,2090,normal,0
1MkXyVVU6YKESrYri2MML8H6N2TYdaE3,2090,normal,0
3q6u5pLiCDhGoNVpyZ48CPh7mmRe8Gcg,2090,normal,0
1JCPo67DD6TBREwAYew1GE1niL74YuQL,2091,normal,0
1hGHpWdeSDcyr4gm4vH232WARwxYBfmM,2092,normal,0
1rFonxq1JC9Qeo8uB7i3QumsbF9Fr3vW,2093,normal,0
1awACTwXVi3tpvH5PB7ntRbZc2sNsKzt,2093,normal,0
3vK7kb3Cj4WDPreSYzefK56MHvJ2wFWp,2093,normal,0
1svjbnPZXf6NZMR6HTzPsQeHmvTzbg4Q,2093,normal,0
3BdpzxfkJXSFv2EAza2KMU7NV7eu11Lg,2094,normal,0
1aF3Yd2zri3iGaMvpLVwdHgemPfTmDQP,2095,normal,0
bc1qwqmz8x5hxn9n3m7a5zc398tjf943wy8w7tqku0,2095,normal,0
3SoSFE5MRmRk42pSTw8yAXFJPd2gQPVg,2095,normal,0
37WeXg6hDRx7hjJscyHMYpQ9qn7gt8qD,2096,normal,0
1dSbEsB8CfJEadPQvb4ZGRKBfvAJkUXa,2096,normal,0
385aAdNnmvQdRFV6r4QPbotNrvTDsGQp,2096,normal,0
bc1q6xh9vx2zflsm3zdj9j37ngxapzfcwlytj206cu,2097,normal,0
1eUuVgmH6Rwrs3DWkySUPS4w2UB9yw9R,2097,normal,0
bc1q5xz5vjwavaj9njf47q6jqj7s8cqe5akzxwtdzh,2098,normal,0
1gmUwGX7xobWFJeRRiCnpX3Ce4qmc8FB,2098,normal,0
3SPRwNNc8TC7DJsFgTRaivJLXXWQD9xn,2099,normal,0
1tf2h9GFQdAYBjL4dtfvzaLqVDZZc4PW,2099,normal,0
1WRtbV1Uqoi1qVkNEtrzgpk6creJNsx6,2099,normal,0
3c7kgiJuQz68FDsaQpmRaKW3nSed7hBw,2099,normal,0
bc1qffutrf0qzt6kr0ufzhautrqw0wd4hlcl790esr,2100,normal,0
1e6EAdibQSkTPvRfhUHzN1EsruyoneiS,2100,normal,0
14fHtuNJFHrsrjABA7jYdbZYCq3E7EZK,2101,normal,0
1oveSYshscKkow2CBUN7QhzhkeZStNBT,2101,normal,0
3dugyhL8MckCRT7wyuX85fK4hbHY2WDM,2101,normal,0
39pdue895rkEmGBmXwQCDGKBCUeNbkRr,2101,normal,0
1HZEbxyDGDzn9fVPTErLArmp9fxjkqdB,2102,normal,0
3CynRmkSSHmWrfxWkpjdpeuenjPJ2whZ,2102,normal,0
1TBLhvcXjyrPpN3mWEYsu6EbkZGypM4P,2103,normal,0
1HjSnYtBCcj7tj6cMCuQ1kAVW5WSnuru,2103,normal,0
1iJpA66xJXfMXs5kk75adhEScBn3vGBi,2103,normal,0
bc1qhxdcuva3phm7zlde7ftr4gh2z28x8w8umsdett,2103,normal,0
16JLok2XbaJHXkGX6ZNoVb6GsnKzUo7e,2104,normal,0
153KqwS7LeLGfeQYxP9dWnrGY1iCzmD1,2104,normal,0
1Ndc8Lg9zKMErhXKHNUP1XRUQKFj7wUM,2105,normal,0
bc1qfrglazg4fwk3z0jhazuaxtnyhvy0f4wyu0cchp,2106,normal,0
1jEbwN5fQ9N8NgpnMSQuThYgyVC3xRvG,2106,normal,0
3XxbVTqufb41ZmfgZ1XNmNM9KqTu9dPi,2106,normal,0
bc1qpugwsdmqxrryqy37rd83ltrg6cp2vv3r59m9el,2106,normal,0
1jrXiTtqKtPSSaDvfo7Z4Ufs2TBQNk9Q,2107,launderer,1
1itdLrHyAjq61ee7jnq7h1tuFSW2K8GC,2107,launderer,1
1izJ38dBfG5LV4a7DG39tqtGm59TybaB,2107,launderer,1
319epPY95hrQuRCawKKupGrDW4yzymjZ,2107,launderer,1
1cSJ5JPcS5zqhMRdkgHerjLzLywUKhGx,2107,launderer,1
bc1qcvug7nqys50tew5nym7teqzdfzcqwtrzgfucv6,2107,launderer,1
1jwCjEBnYpR6kDkqNViDrMqahvTQ8mC7,2107,launderer,1
3JVUP5rg6v1g1P56Hv3EVzxGTmxRKRVC,2107,launderer,1
1sjrrCnfSKYVUN8DBJyZyxGQ6PAfwm2D,2107,launderer,1
bc1qpw8q3gpnwe5s8amvk0z200002lfz4gnpvafe5w,2107,launderer,1
1siwsL171NKtxXBstYAtPXadnrEjHpYH,2107,launderer,1
bc1q29rcswjxs2cq9g572v3ql9qrwdvesjtuv05jzm,2107,launderer,1
bc1q0fl0x0x69y4nwekusmk8yjjzwt2m52874yjw07,2108,normal,0
3EHu8tTrVhSnAJpX4DMvrSv9Cv9N9jbE,2108,normal,0
1Cz1fAUtuEcHR1qeN4H5CbsDmHjPjDSA,2109,normal,0
3bU8BSb25aPBxLqWSHmGaBX8VN9hPLKp,2109,normal,0
bc1q9edn5znrj7r343s6re2968vu2nf2fx3c56ll4d,2109,normal,0
1RvLAPt33BSFPPNvawjj15c3Dq6bZEwH,2109,normal,0
1Atyn6S6YAY8LrPsnQfbUjCQR2tYBEYx,2110,normal,0
bc1qk7muxtnm5ehpgu7twsme6xm5jz93la09qlprnd,2111,normal,0
3VotZNUnBPAMjbEgHE8nwWP8z3JmD979,2112,normal,0
3j1ELrvMzbVFFYm8JHXy5KmFu2fGUG2X,2113,normal,0
bc1qlv397hnszez8drs9zj8m9lq0c5rcd2589cj89q,2113,normal,0
3MTLdarujmyVzRsENg9w4ydnzFzJFcuX,2113,normal,0
19NJ9Gb1bc5cnx9SQmzUDabtity8hMPE,2113,normal,0
3jv31V16c8Vg3vmnxFxDtJLhUZpyxPr2,2114,normal,0
3LhgxzWisfXXzrtxKohJonZX9KvkjLi2,2115,normal,0
1wYBtXyKfVE5wroCvDRscocnproHR1kL,2115,normal,0
3Ch6wxeMNbHLdecUcmRo2WmqHysQntpS,2115,normal,0
1RuURyk4AoX7aUQ8VNhkm12eCS7veubP,2116,normal,0
bc1q34y73cmhzfjmxc74dkg82ul6lp5vgqg8en03kg,2116,normal,0
1FV3ehxBqzNv1YvPiGUPL8SxtcXuZSgX,2117,normal,0
13nCSnsRoFQAZBxtgrudH1GgMMY3iVt3,2117,normal,0
bc1qxvz6mhwyhj4d3j3smyek5m5wmvkmy7y2ejfcf2,2117,normal,0
3kwjeKcoRLqpXeXbGFb4CS15iEpMom5C,2117,normal,0
19cC4QJ8iBuUuTKsYTV4WCoRkabttB1v,2118,normal,0
34jidEP7CHyVr3j5TJbTFE9PoKAGFqwV,2118,normal,0
bc1q5hu673gvdezpa635qep5y9cymm0ms3qayuwdr7,2118,normal,0
bc1qs64nk7veypje8e63wwrfurm6wuswygfkxnkpxg,2119,normal,0
1Zrhrg5VBMksLBPuDoF7Lsp3V4gzaj9r,2120,normal,0
1M1XV6gDyJ75wk3CCmJmz4ApnPgyPjiQ,2120,normal,0
33P6KvyxkJVfSsaPQxa8btfNA9ho8quW,2120,normal,0
12qVGVhfuJfs2r62FaFmRNXFFNY5t3zt,2121,normal,0
1ZFZLphdagfe8t8uHGuUfnt4AnFbAQsh,2122,normal,0
32W22hNPvbR7u6UzTXw8K1haSiWwfhB3,2122,normal,0
1zjQXYBSLmmugn8iUNZ9gwFLj7ZaM57R,2122,normal,0
1u1vq2jRGhJeSjut47uVtC9D6C3vHJHk,2122,normal,0
bc1qt7g8x0ur7vg34hen4582fhllzqlnwt52wjzskc,2123,normal,0
3VBoR28Y7uutDBn2dRsw5L56acVGBTD3,2123,normal,0
3xXUGfNbdhec2SppcRoCgXjCu7gm3foJ,2123,normal,0
3dK3UnavURyaW7txu7Qz9sJhRR82bn5c,2124,normal,0
13yXKHviQKPhvbcCGYioMjag78xqyhe1,2125,normal,0
3A31ruvZ1puoFJ8RHXDkxXLfQ4jmLREk,2125,normal,0
1vaTy6Sprr3NfSdkYScDTZKQ892RX7px,2125,normal,0
3ZPQ45EPG4naueX3eu1UxBvpMVrSRUfA,2126,normal,0
3d4JK9FutVMMbKojCddxgTcKb3GBw98c,2126,normal,0
38LYca2HSGKauSqetNZdvuDGZHMXntsM,2126,normal,0
3Vz8i1BWaza9Z2oeCePeqMfCjdPm2H7a,2127,normal,0
bc1qa9ekm9zmjds7t7cph6hp645ap4cmcf502yx5ws,2128,normal,0
bc1q3w09kdt5ud3wtypu79s4x2c2ae2ky6tax8ejas,2128,normal,0
bc1qpfd8yjtt3rqz5gn2nsm276pw9wajp850smgms8,2128,normal,0
bc1qde00zhn6l8hlynjt8czwd2dfv5k3tue5qzv25l,2129,normal,0
3EPy6BYVGuQLdTkTgZXfQm4f9RHTRCSw,2129,normal,0
3t9pqU88pDdYRiMsB5p2xkZhLmeJ8Ex3,2130,normal,0
bc1q93lk98tqvdqk8lhf235fc0hy2qresyxd35e566,2130,normal,0
1BvsFg3rWL7c87PWx86W4kkxeKNabGQz,2130,normal,0
1f4HCZkPLyUBVZSjJCNtz37wJUh1ruxQ,2131,normal,0
1sLiiKk2XG2Sf5FRpgomV3TSLmhE1BSL,2131,normal,0
1bvKWhhQ1KWqcTsowAkiDbPnMs8Ezo5T,2131,normal,0
bc1q9cvzxquyulcc0nqttkk5r6ujww70xn8tw8n4z7,2132,launderer,1
35UdYRUopbZjVdDwXWHRyaft2o2a7FUr,2132,launderer,1
1yJuCkSNbEoMcLUr7kBFGKFJYNitvnoV,2132,launderer,1
bc1qe4u8su2dwn8cphnz78rnwm8kyl70s7yp2uja32,2132,launderer,1
3KvR97n4ZuVbNZ83bvwuhGGumHJ3SebE,2132,launderer,1
3ZqXx4Nf9vNzeiwQG5ma6riPGMufn67f,2132,launderer,1
1ob69rQTGKveznjYKdU3no4onY8ckCnw,2132,launderer,1
3Qk9QFQhHtZ9bX7LcUGYhjP6Uj9DU5m5,2132,launderer,1
3Xxj4uRdW98nxxwWM6AqXYSBAMdhAQZA,2132,launderer,1
3nrZas9YgCAhRkJp9Z9RkNgANo55WaLg,2132,launderer,1
1kW2FTf9ZLsPje7UcK4e1o2p2HZ4BNDc,2132,launderer,1
3p4xPFCZZqvNwKKyjrD3ftzMoJ5tH6qx,2132,launderer,1
bc1qj3mnjkcq8ryyjepgezcsd95pje52wdax7pdapz,2132,launderer,1
1KfRF6xdw9f513LsZJShcmqZ588wbvcB,2132,launderer,1
bc1qwn8pj7k6s4sut7c74k06uxxvf8aa24dc93xvyj,2132,launderer,1
1pmhuAK2mMdhQ5CDs5ZWmiKyJDhBx4NJ,2133,normal,0
14HXmg5vUisevs2orRwH35SHGUvQTFsr,2133,normal,0
1NYsAVLLtHQ5qJGkX4GuPMZpNFWeV2uc,2133,normal,0
15J3vrRQJid4zZ95HyhosY8e6XXTykM5,2134,normal,0
1VxiKFobBCtQyNiTbsLYGazU9tT3JAAb,2135,normal,0
bc1qk2wsecchd8k88fqlpytc65pecm0pdm7m7mfhc9,2135,normal,0
1hshZqyz1UkQB1ojKd1kr5S5fyuT8zun,2135,normal,0
3M4PD8qFqNRaPubujA67uDezo39CKYa9,2136,normal,0
3LKdCKkfjobq2Ls4fqfNon6x5jYXKnJD,2137,normal,0
1xaHvo8aXo27xbpMCFyanLPTH7qCMRSx,2137,normal,0
3yhbnhRarTLE6AcZU2nYwcSyMqVS28db,2138,normal,0
1soTdK2kWoiZjEw8C34D18C8Qd5gBsg5,2138,normal,0
3srep1C29GLhcuzCMMNUon5Ex9mdAt7T,2139,normal,0
1eRq5bE9WXL8zZkCBNzPXcKsBDKLbubz,2139,normal,0
3Muw3eGdcQi7BT2aBVtnj3GTfqK2yMWA,2139,normal,0
bc1qdev72wnz8gvzfhnzv0ppa9amy8sup69zt3f5vs,2140,normal,0
1eRJz6Vb3uHZt3URNAaSm3J2tJew3NzJ,2140,normal,0
1ev1uKddGRWowqR1HRtYNruhxRpbjQKA,2140,normal,0
1hBv5M4tqqF5RVH4YaVmmBQBEZyJuPCC,2141,normal,0
1F8DGSn9RRU8rKVXwREavMnfsfCFGZTt,2142,normal,0
1F7bs415NGyEXE9KDNbE8Vy6pnVyXhtk,2142,normal,0
1scN5JK5nu3K1MvpwPiEWwxA2HQ3PS7t,2143,normal,0
3CWXNJ3TKKyrUpbTCrJCV8WqqrfhB7Fp,2143,normal,0
1m2hET6FH6NjXEifUkNwDKU5GzG9823L,2143,normal,0
1PDznMR9jXP3YqMsciNQCcjmEL6R3h2B,2144,normal,0
1RStfKnXzsd4vDCoCiFpBTbDeq9YfQEw,2145,normal,0
bc1qdthcl3x69qeteqeqyrlr080h2rv8me8vu6g56a,2145,normal,0
1aEyh3sKTqP9YjzFuLM7a34KZcMoK16g,2145,normal,0
3cQK21ggKjxFPf1c2DR2zZAvvS6ZVCJT,2145,normal,0
3iapo2USygwPWgYg7LJwN3tb1bTZpPNk,2146,normal,0
1utVbGrtcKGeUeXwnbDjuDkpUUHaXHxK,2146,normal,0
bc1qq403rg9p2zpgrcml5netdsyzqwqm53kgr64c9s,2147,launderer,1
3L7V4ouiMHEeJU7oeJzSCJpUSCavQhj7,2147,launderer,1
1b9Uj8MiJLtGUv65suqA2KT4WySjXdLY,2147,launderer,1
19ua5iMMrpzvhEjegC5q2jRh6hwpZmCH,2147,launderer,1
1iE1mk418pPSiGj6ExrhU7AVXrpGzYpV,2147,launderer,1
bc1q432hhkqe5drzxty49jysdkqpxspmr6epzkxtve,2147,launderer,1
1PsFY5bdGehwjj2GyCit31CRGwqhidgE,2148,normal,0
bc1qxaeddx46jm67kxwg5z9fxhnljqrqzs6ty6z7kr,2148,normal,0
125jPXWk3GiL6aM5kMN4kseUQSZQsT9J,2148,normal,0
bc1q3ak27a9ej0s8vmu8e2dtqzg0vm37l7yxexf8h2,2148,normal,0
3ResjBmHsZseKTfFYiTSpFUQ5aMWXyXw,2149,normal,0
bc1qlzhqve0sd32h2g3p79g234qj477duy45qa7tgn,2150,normal,0
1uq3q7z1zrsFZ4Er9qyTyobXixPLfUg3,2151,normal,0
3UqvESFM1LmSeB1KwfP4yAh4CK9KUZK2,2151,normal,0
1inNKvYMhdKAzza3YJhN2hCzDZTybFf9,2152,normal,0
3Ab4eTq95dsLKSg7ChBiMunZFeFBFjr8,2153,normal,0
1JV1yWCPB1Y8cC6VGaobwgqwMzbNNjXe,2153,normal,0
1Wzs7pRkgbjzNfBNkfWzJdsyk8t4Z8uh,2153,normal,0
3CckKEYqhwH3Yi2Sqtwrhgw2M66Tt17M,2154,normal,0
36hi5rfTbh32CCK2FXmqfj31ueJPQTzE,2155,normal,0
3ycNQt2EsapM4X8ir9TCrrZ7UriPjBLK,2156,normal,0
19iGwzgFQx23y2qppYaYbj3on1uKJu5p,2156,normal,0
bc1qxt3yr9hrrnnarc9qtyuty59zf8jlukkgmgzq2m,2156,normal,0
3xqDahTB7RWxnsS1FMkJDer1HLSHKwXo,2156,normal,0
1Hc3EAdwrzL4Pnr4DHfX88bghpk8vyXF,2157,normal,0
3C7NGwSMVXj8bZkb8PMd4fjYX6Zpw3UL,2158,normal,0
1zrx3gzFhXJu9P6nfXzaN1i4q14jkp3k,2159,normal,0
3cGetz85fNvzxwvNg8pr743ycT8qa6A8,2159,normal,0
3nzpDA9wx3fFjkuobKKnrsennNvtoQyN,2159,normal,0
bc1qa4lrn7wcrxtsra09pm48mnkqla4j24adfwxzuy,2160,normal,0
1jFVVC7WJV5mVytW7zTXsoGbihrG6yjK,2160,normal,0
bc1qecn06c6tuxjne7989d6y2myw3tg3v8qxw4d5em,2160,normal,0
3ZQpD4dobTyGvt4dJF4UeT9XtRGyMxAY,2161,normal,0
1ELxUNbE6UzYwrSRfrYxHEKshEv6N4C1,2162,normal,0
1fTWZSQtMpu52eh2j2ZdpoEXGev1kBiN,2163,normal,0
1Ffrw1oHvieDDaBStnrPTp7pZTSsis45,2163,normal,0
1cptAzu8PUxt1o6j6nsB7Y5PtmaNZDKH,2163,normal,0
3KUDbMmetHdWp6t5MsZsBNLa3FPu6UKj,2163,normal,0
bc1qm60nusq6yesw0stdkjrvz6xxaujygcacjlrjra,2164,normal,0
3PBvi2yHyfFSqY79E8UvoWtaBDg1S7A3,2164,normal,0
bc1qdj3yrfpl0hqw5daq7fkgqxfcjhzsrdjrg2py8w,2164,normal,0
314EG4bEkzSeveXE5np4ZyHu2CGNCdNS,2164,normal,0
bc1qucwhsjafgmg453tsk8j4me43kh0gh34aset563,2165,normal,0
1d29AqdxjwWcYBzQ77u9wFVrLoPootrt,2166,normal,0
bc1qwjlrgx4wverxg7rp30n5gwetc0ddpll3znz95h,2166,normal,0
bc1q900lxadv0fc4laqe0m0tql7hmxwn48sc3n6cvp,2167,normal,0
1V9Z92pEVaYPpf38tEcLrKcKyPhmjPUv,2168,normal,0
3aR3HmuzrcUTsa9a7sgkjHwtXerXQoxr,2168,normal,0
1kqCFRpRvcT4JrCmTPKT8vfyYofCnv93,2168,normal,0
3SQDvxiBSPixLdQixL1KwfBQ4G4GUGyr,2168,normal,0
31EG53Xv2bkfCFiZhUo5mnxe4UBW1Aqi,2169,normal,0
bc1qtx40fkxzq859zheq2nxkkhdj2hqghz7phqxh4m,2169,normal,0
18UNLJrrSp1yQ8ytUFgUVPKUWh3UzzRp,2169,normal,0
1chqpWmbkfVDxrAjMC8NN6siyxoi4aWn,2169,normal,0
bc1qjmjw64smyfw0fu4pqcf9g88hmeq0s2hk4a5rfd,2170,normal,0
bc1qxmh277c3k6zzdxcc3s0lwkcvcfyupxmy4rpv5q,2171,normal,0
1iGv8j2wPvncUtFcV4VYBtoXE5NfW29W,2171,normal,0
1vr9VnsnaNZwZvxtGiAkXUc2gu1N6Chn,2171,normal,0
3RrhMWbesij6bjP59uUsvMjFe88xfMcP,2171,normal,0
1NTxVLrxAaa8rU4hajApkGCChZvVdGCu,2172,normal,0
1XipHcxwG6ZkruGQWBR9c8efniXejUbd,2172,normal,0
bc1qpm0jzuzrlm5c7n9d4pnxxmvw5m5hhvvdk7yk4y,2173,normal,0
bc1qlym2x6avlkmzx87th4tcpw0rx25ftngc0ayzdw,2173,normal,0
3rEMuYHHUAyKo2jFFWA8NNMG7rreTofL,2174,normal,0
3po2fsf3NqC6HQRbHzgi4syxM5iR7wya,2174,normal,0
1uaEivqxnh1cJNs3vjrdeLU9DLFvviYx,2175,normal,0
3YwSsGMC1hXifwwQgrxHG5wqoSBmhCbF,2175,normal,0
bc1qd7csqmyxtlcd5ru4zf474l3mg3wjg2m9u09s5a,2175,normal,0
1DnayuyzAAmPguaLAQMniL8QmkU4sHAY,2176,normal,0
1W2QiYGay6WVFMaBdjbo8wkHMDNDqNhb,2176,normal,0
3g5mqnnoaFEWZycgMHupsRuRFfqooUvb,2177,normal,0
37z95ikD8PhY1MZia1MEWUsPQkR5Cxwn,2177,normal,0
3GPXLcFKmzw25xotr8JBmMoi3D5TKpLw,2177,normal,0
1Kk2qRhyKaRLiJcJoDGzaVD5HfL3YUqs,2178,normal,0
1vWjVZ7nkJQhyMNnQmETYKj5eiULB1R4,2178,normal,0
1A26jQFJC8cFGwEX6ijpceHD1gwRpMPP,2178,normal,0
1DRMYfbx2fVwtoz9ymfft3f7bkiPVLUC,2178,normal,0
19nPiFJWAcixH85jLw21hZxQJCUEWAd9,2179,darknet_market,1
bc1qqws78n948a8ypqjkn3vgw9dltnnmvytxqssmcw,2179,darknet_market,1
3Zf2GoRDpq7KsHkh3rUNqAt1LWfNxRCE,2179,darknet_market,1
1g4BZWpdwgCpkBszoAbmvJ2ktfAxN8FQ,2179,darknet_market,1
3fW4pahkViBBP1273G9ECUC2W7SrDSby,2179,darknet_market,1
39BVZ49s62pfq9Uw8qTmGfUZKqV92K9m,2179,darknet_market,1
13NRRoGGWjTsj7Ue9XArpQBk2DYevuTm,2179,darknet_market,1
1LPBcYXefp7qLNwXTzvLDiFbwtzAQuLG,2179,darknet_market,1
3sRN2BXBXcV3BmuZsQLRF35jU3de3QBC,2180,normal,0
1GcTh3a7tfc66eBrDqeu6LfLRwQeN2jC,2180,normal,0
3wtyQ7gJW6RhZbxNiebAwE3hwTKK1heR,2181,darknet_market,1
135JsMuGrxd7Xa6TBkkspdwvHNS61sY3,2181,darknet_market,1
bc1q7rymlg4dcsdwn8mv98xavmpk438zsg8lugdd7f,2181,darknet_market,1
bc1qqrumscgnj2dg6k0wlzyg625ylp9aqyzwygdcqq,2181,darknet_market,1
bc1qj9car695e8w285yy42a4t0hedkyq7pr9fhm3vt,2181,darknet_market,1
116waLwmP3yvncWdsQzM3m5EDYBh5V7r,2181,darknet_market,1
3VJpR1NVkkfhFWLz5nHSULS7ooM7Kc3A,2181,darknet_market,1
3y9ZunJqk1NTkPrKt1a5DEnJUR5ZLEgQ,2181,darknet_market,1
1HCTUFimTewynJiVoFtNweFyz9uTSos2,2181,darknet_market,1
bc1q66ts5g7tjfj4ylwhu5lgwsl0k0hdejd6npz3ez,2182,normal,0
1vF9fsX4KStRpDF3HPS6mV9zoHF8s6PW,2182,normal,0
1o9gy8rZL29ahb6jM5M4LvffWSVoSgnD,2183,normal,0
1kWM87mR3TD1FQcN3DY145XPBkDJHq6t,2183,normal,0
bc1qfh477p53sv4gppan6mkajlkr8hlsd6zc23xwlv,2183,normal,0
1a2MFJ1hQr6rYB9kZG4XG5ng8NUVFCtC,2184,normal,0
1M5j13PiniCdPDgqwyWq8Yd15U4KtbcX,2184,normal,0
1csr8iRmYovZ7Cs671V7GQ6on2wv8u5Z,2184,normal,0
1jyzPhTAUT3DjMEZ3FsMajz4FRME24Uk,2184,normal,0
3ukyrgyK7on3umJhYbvVeUq5tyK4Ct6m,2185,normal,0
18FpmLGoafozo5PHtAAZskcex4apk63d,2186,normal,0
1V81SW8SFNJU9cf3LD5KYbBm7q2oWPwZ,2186,normal,0
bc1q7ac8whncmf6n2f85sgup0vnc53f44um7jx96yc,2187,normal,0
1XwyKVx6NoFGWTLhMJnr83KHbMPobPwW,2187,normal,0
32nLgYeB8iTzRy9eP2f9MXcDFXbnowuU,2188,normal,0
3NS2GqrVa5h8yfAQUr9pMN1JgzbAFSx7,2188,normal,0
1k3QURMF9xKcx6FbGKH9Z2NphWXA9Kar,2188,normal,0
bc1q6hfd6rhnu5wd7tl5a3w0tkpeu2mm4u3uk40v9g,2189,normal,0
1tvc19jgEVH9ZPcer9rFM4NofMRV8YcF,2189,normal,0
bc1qzp6ms4qmyfmermrp0elj9y0uls6ylj0rekepsh,2189,normal,0
3nwXi3up1fiH57EDTHVoL48fdidsfKHG,2189,normal,0
1irm7heNRvEo2Scz6qWJEMTRg1gvf4AX,2190,normal,0
1Mib67sZjFkKVeFZybpKbSrwJ9heezx5,2190,normal,0
bc1qcx2hhfn9nnk6lldtj8zmtq9zvjktwd2yepuwfs,2190,normal,0
1ybeSHWkTsJjBgQstDGqzmC6PTXQHKFu,2191,normal,0
17vLJUD73iDPKhzf5buoKHKY36XKQSCV,2191,normal,0
1UjKv3q7Pvcjc62hhxupGG1jK8FQCvfT,2192,normal,0
1j6ptpwfusHJLgzM8AKaQYv1cwBbFTYM,2192,normal,0
bc1qcrsjl8xrnq0c7zgj5d6ytcc78zf3srlejxyn0m,2192,normal,0
bc1qtmvaphz45yjua358p5ga5uukw3zs864aqynj5j,2193,normal,0
bc1qfczvlrrq7uthtg79jvydx4n0ydayjrgfp834s7,2193,normal,0
1BfB9q4CvDiTFuSAzBhsVTyR1pbqLWzF,2194,normal,0
118N2bY1qM2LxH8HwNHExpHAKz7JaVf1,2194,normal,0
12jGJFdJsbAM9ZXYd1R5ESkusQ1pmqCh,2194,normal,0
1S3dWGADxzxJakkPWbTsZHE82M1sgfLf,2194,normal,0
1qDU9d9rWLSwB6UCv7inuD3tf3MpU11g,2195,normal,0
1jzW5V66fFzRuFZYwYLfWvSfN5RD5buK,2195,normal,0
1qfPfE13rt2kGVu2ThWhC5NGA1JK1PKP,2195,normal,0
1Do9b8QMpj47q6kJw5XxUnWcz94yUtyQ,2195,normal,0
bc1q2uta6un8gnudauqwq6vrvsacw94dmrvcf04c2p,2196,normal,0
3AynEANNy524Lh4D9dKnXiyWKthsqVqZ,2196,normal,0
1k9pSNAhonnzy4L8CSgYueFepGHrmfNP,2196,normal,0
1y6VwDzhNbeAf1ZW88RuprVkPixSWaTd,2196,normal,0
1aQbesMAeBzBcEzKkCsZy9UYMGTDWdbi,2197,normal,0
bc1q5n7pf0pccqe4qsfgxdgslmsx7huk9y4j642caa,2197,normal,0
bc1qxnwq0ghlvhx45f8a48f76qnhzd3q0wq0hmldck,2197,normal,0
1wW9cihLpT1GkKNuarBWuDSChASkUgHo,2198,normal,0
1oWYeiiEVmLy6zgpqnegLymnUeVM4GXq,2198,normal,0
1PZ5VwUmXit4y4vkMzk1vyQaoRpwcCXX,2198,normal,0
1fz9wGSVA8TNSWt61DMUeke5NqLm1nEX,2198,normal,0
1HTTkpd93KxjbfESAtufgHqCWhYG5dHn,2199,normal,0
17oV6WwFrXyshuCEA6z6dv7GE9nXTvoZ,2200,normal,0
1cmYiuoRRM7RcXH3ih4bLbMen4gZhFiD,2200,normal,0
bc1qaskexpmry4emdlrc8h2uvwh3477u0mvzpmxt00,2201,normal,0
1CpaCR2sTow3SvbPv2gMn8J2YcsPmbjT,2201,normal,0
3pqHFzYtn2Krb2evNVBEtLsbk42qu8TK,2201,normal,0
1NzAeJgug6RzByto5VXzC8JcrP9pJfPZ,2201,normal,0
1utP7qw2BeBFzzMwQZDCAHLbLh7dzEf2,2202,normal,0
1vaanmH3QMvQj9bKtTM1W8u36goaApF9,2202,normal,0
14guNkPdkxmKVQDNk5Tp3wRtfaeWpFuW,2203,normal,0
1nZbb5yNAvRzUXvsm4Kdq3Kp2Zepk7qR,2204,normal,0
1my2zRuWvNmxWE1CGBf8a9LdLQMBKvrq,2204,normal,0
bc1q7zs930j78f35sdymq9cs2qy0df2yz0v35hxa4t,2204,normal,0
1DGc3mm9sdeMyqUYvqkN6ZjNYEkYXNzK,2204,normal,0
19vzfenvknATL7JAZ7Ut61LKgSaYYWDZ,2205,normal,0
1MuiSqCe8j4JoaCk225YSxktRaCL5tTV,2206,normal,0
1BZC3JEVFNRpHwR7JtiM9s8BvD6bvk3Z,2206,normal,0
1H5XcV74iR2LbXS8C63fgNB9eU5FWBKN,2206,normal,0
3fEp5ro4e3LaXxMycL2W2CacphvfDu1X,2206,normal,0
3tju7cgtPZGgPwr7pZ4nBWfqoWVBSoUz,2207,normal,0
bc1qpgdu7f9g9a20laugkgl7s0anneqgmstqwz3xzh,2208,normal,0
3vLDGSAx2ympEFAetfzFkgAFQzNabrHY,2208,normal,0
1mSc9R5QNiBFxwmVwabnAeAvBThkTg4m,2209,normal,0
1sjb8LGJ2EmTeeAZ4yXSFPic9FGPWFCF,2209,normal,0
bc1qg67qfdkcquajn8unvec0kchx6prsyxxfpmze8e,2209,normal,0
1LZidu1MxunYCZo41sWhNtukcyWjPevF,2209,normal,0
bc1qsl4t4ul40t8y3z8m6tsvuffga6dq59g5mtq8cv,2210,launderer,1
bc1qe050px862wfttwvgyuh03d2j29mj5de7pe6lmr,2210,launderer,1
1wPgRZHpRoN1bnG7CVqpRXo2sLfAfvL6,2210,launderer,1
1rkh6vgsomA7zDvQ8HSifDa1vVLgswJi,2210,launderer,1
bc1q9e54jnxhzakaz5fj8fwv8zus6mpx0dlj8j0rdg,2210,launderer,1
1RimMaqBRMP8p2h8rvA8GZ4E8r5vXbcR,2210,launderer,1
38yKce1WFfY2ofb3rUgPRpNBb4MnXRY1,2210,launderer,1
1LUfVCt9kYz7v1MJH787HPtf74xSWoDR,2210,launderer,1
bc1qm4d8dc5vhl3ct9xvftxzsc03sgqh2353znvclk,2210,launderer,1
1V44R6BiKAsq54PMstp8dtDCQGYZeKnw,2211,normal,0
1KN9Q7QXV8MmS5W9UUrK8kfHYt8Pnq1J,2211,normal,0
1STyi4rwgytsnWFQnighsWZzta72pPQh,2212,normal,0
1nS2mW8u6GvV5HkBxn1jSzJr3UsCA59K,2212,normal,0
3aDn4NRdfNpVuSAmZk6hfNPkE2ePtf7D,2212,normal,0
bc1qftswnygvngr5nqmssprpr3jjrqcccr49r0j2gp,2213,normal,0
bc1qzkpnghn3ghwknc9tylvtlchy7rd6xkdccqcqet,2213,normal,0
3tyDbxiRWCDDdLqZHGUNeStUBEJkBt5u,2213,normal,0
12bTEsYKzWaN2mKhaMCChiL9SAxYJzQW,2214,normal,0
1fn3Gh9HxF4eGaw7UHsocpeNTgrMCb79,2215,normal,0
bc1qjecvtge25843h5ekuk9lw8y9xc5y5a8dwqn54v,2215,normal,0
1EwcDUQaisCqFi1SKEEAsaiPY12Q1uzo,2216,normal,0
1CLVY9b1ydBSffTS5AK3cMC7hhgiGuqf,2216,normal,0
bc1qr7yp75yy9m2q23z34v5536fujllxxxdw8prf6x,2216,normal,0
1nxUyZGRoLmeuGYNwTkTdMhD2UxST1QZ,2216,normal,0
3v9rsqFRUoTjJxyekoRt5Hgr3Qj4P4DQ,2217,normal,0
1uLnd8qvZ6UAqHWMokfiGuzdKSk11eEh,2218,mixer,0
1rkFowEG8AGnYNfU764eYSabauJNaHUZ,2218,mixer,0
31tP7WYHjhuaYc7fCCBoeaucY32g9DGq,2218,mixer,0
1saYNazXfMUdbajdcpENaYdxBGCpsVJw,2218,mixer,0
bc1q79jp5fjcz886jksd34agrgh96ugr48d9vp4jkk,2218,mixer,0
1hewvCr85C7qnRa9ySLF8dJsU6kwDMnJ,2218,mixer,0
1ZFiJRLPbXuRRhYnLJVbFzAywhKQi34a,2218,mixer,0
1jCBgeEV6QFpZdg7w7EqHJv2BysLJzLb,2218,mixer,0
1HS8K7RHLUfjPfVWNCkYiYxrSdkb8Erp,2218,mixer,0
133CAjx2LzMqN4oytTna6devUX4gn27x,2218,mixer,0
bc1qpjnr9dgwpvkfhgm0lxnerwxhl68uy3eugac859,2218,mixer,0
bc1qyayrmuvqzgccne48l0c2dw7q9ulkxn9fz64fpr,2218,mixer,0
1nscEQr25KiuraEGdhp2mAGJ51bibVDA,2218,mixer,0
1uqsWkXekodpoEdJiWSBBLXXYYDCL86g,2218,mixer,0
1eqTsz3XQZTmBNnmqABErV3BH5b3QQ37,2218,mixer,0
1w7Lq5KNHWu8iuft3mdCZ3bx8dDpwTLD,2218,mixer,0
1kMKmHz161KNpnnKT1564cNHD7Umzvzo,2218,mixer,0
1pXLFzZVkY6Q2ku5eqvWyzzzFqYGqVms,2218,mixer,0
1hUdfwLVz1AUY6JYjYBRiZB6uXZRuL2s,2218,mixer,0
1YxzBuALQJBvyhae9RMCAKb9DeycLdUX,2218,mixer,0
1eszWKRowoHr3YjQ6AAqYqBPR2ezKN1r,2218,mixer,0
1Cz1znQfLBFQuBToypTdamZ2kBiS8G5Y,2218,mixer,0
3BQT68gYnbpw3YM5xMPpaPVjXkPhVyNs,2218,mixer,0
3WFQxjis8bA4zWnufyXzDvsztP2PBMPS,2218,mixer,0
1geWd3HZ65wHaotLuYz1GgixwixQLo2M,2218,mixer,0
3FTiKJfWvCg2j36Ar7VeWkmp8P5YpbXE,2218,mixer,0
bc1quvzjzh5dz5uf99xetakqcv9hhfj0f6yqszncd8,2218,mixer,0
1Ze1GYRDKhnn9XZBYvW18PeyzWgHHPqN,2218,mixer,0
1PnZSJpNimJW63hzZbL5cTScwWcCfdMX,2218,mixer,0
1yogM7u2WCHNpgUgwSu1PgrpDHa6R7Jh,2218,mixer,0
1wxHYaDXXtksWf3JubSjH9tZmmwwq5JU,2218,mixer,0
3HWfZSQkTQbzdb9UagbASS7X9e8FAK6W,2218,mixer,0
1VFVAd2h4A9woqVZDA9CaDxUxRMutdjB,2218,mixer,0
1gTMMvpPi4KY4MGtx3XWd8aP1iU4PDup,2218,mixer,0
3UhTwvPgjqWsfCZwXRAoG7tpoy6KSLbQ,2218,mixer,0
1UEdCC5e6GbcSNSvkGWqYEGjmw3WcVUJ,2218,mixer,0
3kwtZTmFtTFqWyu4pYmVkdpnCcQqHvaH,2218,mixer,0
1N9fEJnCbYpDLM95bVoqezFuZaPVdABh,2218,mixer,0
3UhXVgLHLAzMKPTG4u38GMAqSvWTsA1V,2218,mixer,0
3x4uzFPG9vGtEeGHVV8SebpdCt98y4LC,2218,mixer,0
1qXU5PhUKEeDYCozzQgUVT555Uw48FUH,2218,mixer,0
18Kwy1vtDWZKVztamwXyJGng9GEVHFGs,2218,mixer,0
bc1q4dw069fhax799hvxzrtysryf4utfqr0teac26x,2218,mixer,0
1eeG5AAWiGheSZYuDt8BYoHWps8AwU1a,2218,mixer,0
1puukwkWChZwTHyJxCJjXxzWyyunKQ2Y,2218,mixer,0
bc1qmq0ltsheeufkhtyskfguprvpkdjgvz4udrtt86,2218,mixer,0
16EfdxxtUNextSZHg4uQDrhzpkz47bsn,2218,mixer,0
1kAg7MFTKcYhFqzUiY2ZHEoCNAc5J9eH,2218,mixer,0
3anLgx6BfbhLUCw16eE5rxufZzF9sRmT,2218,mixer,0
bc1qlx24kpfp0cv0tlgvj4v3zlqv4s25m2sufmh8sj,2218,mixer,0
18MVn3n8EWcidRNBv3wAVUq3Vodmoow7,2218,mixer,0
3U92jbfrVV8fPz85ZssmgbaK55FDCpwB,2218,mixer,0
3wKX6JtQ4QhhbaawBfUm2CzLQ4tS52n3,2219,normal,0
bc1qnrs6ha79qlardugnzclf728k08805ahdvqnlts,2219,normal,0
1qmrMe9b3XkTiHLK3g1bBvZhjoWbYcaJ,2219,normal,0
1PZrfpNKqMVRHqbK7EM7y2MEPTP1gdb7,2220,normal,0
1VwnhZA3bvR3jHbLpPmhSYwnD7pZTsg6,2220,normal,0
1oX2dWfy87PJYNFDmiYNrSQmSRSyokCt,2220,normal,0
bc1q65uw4kr3evez9qav66ydgwuwdt60e5qur6lzs0,2220,normal,0
1KoxvBgfZWqmfvvpqS8XZQU9k6VBXwgB,2221,normal,0
1oH8MvgEr761LxDwnc53Tp4kscNUJ6HR,2221,normal,0
1MhJzEu96ciUsL6pP2Aa8KVyhEN9FShL,2221,normal,0
3GBbnTpW6FdeLxow5RpUfbByPHzGdRzv,2222,normal,0
1Sp8d4JWgDnqa22ewurm5hhvCYNXugMd,2222,normal,0
bc1qwwjjttauu7z8zr6s8s5uyundf8l3e53hypr4l4,2223,normal,0
39w4ZkfnoZ8XgkUgaqQdZEcJKuDd2UGv,2223,normal,0
1JsjUAqNptxx5SLupD9bTAkGcbTWF6zM,2224,normal,0
3dpc1et8SmpWnNg8v1XrAr3cUAKjCA2j,2224,normal,0
1LEeAifR5jRfVQf77Zb3FQtw5vbnJLXb,2224,normal,0
1xssEaDATAfefwnASBJCVosG4gA3vr1g,2224,normal,0
15MbLuTB9nrJBkdZD8GJ4CWQiDVHcgsS,2225,normal,0
bc1qvl0fes7xvtm72sma8swtjeza5gkqm4eh38prqf,2226,normal,0
1JVjmHK7yLmDVMGCkM7C5MUHDyEMPXLq,2227,normal,0
bc1qasxgkxng2dt27jlkr8n4ja7tf0pxry5xwy6jye,2227,normal,0
bc1qgweg7r76fdau9xwaespm48qttjxl9r0e9hcmet,2227,normal,0
3AYHDZjA6R2QL5MMyyGiLR6bTwQ8uziF,2228,normal,0
bc1qeau04qw3p0a4umwvp5y3uhhl22tp2j6fk9sh3p,2228,normal,0
12rAfAWBSqcgH2Ys4MjnpEykB6m4wSJr,2228,normal,0
34EwFRxz3vSjqhpSmoJ2tXzSwg2cAmas,2228,normal,0
1q5BtB6jc8CTVyXHAWMSTrSy1HUYx9tU,2229,normal,0
1V7oM6BrwP1XzHsEzbf2tdPaPj1fp4a5,2229,normal,0
1zu1qVMnH8mxRFyLG1XV3m5LaYPDxFJx,2230,normal,0
171vvpN5HnjnbRrUCSr7dhpBEGzuyKHb,2230,normal,0
3TLkp9DXkXJJZdXAqo8yYLH5aARG4u1y,2230,normal,0
17a1ccpDyqN9CJxdkJXfdGKWK1TsXfmi,2231,normal,0
3HFfnLjXZxUwwjp9Ru7n467kuQdhLrCF,2231,normal,0
3UZgySyDo3nEWGeU41sxLz4DmUUWYrXJ,2231,normal,0
bc1qvxxz2gfvqt5p5tw0ywz9s0dy3kw9spks5q4c0u,2231,normal,0
3MAgi2UTeqegZ4pVq4htvsSvCi5zuHha,2232,normal,0
1pde7dkiAnZpFZB7u2NVo2Ptf1xEiakG,2232,normal,0
bc1qz2qnqd6zk48fcrvp6z3xptkjla3kg934ts02dm,2233,mixer,1
3ifVFcy45zWcWgYntSxGWQTGEqQKJL4g,2233,mixer,1
1PHbDj716wSnRCTCvxmgL5ndCYt8pmAB,2233,mixer,1
1QivEK3NFKX6V1bXdeGJEQ8oYXtcLPuh,2233,mixer,1
1SKLNcRNAZ3R7D64jBYd7gyYxBCXJA4d,2233,mixer,1
3ANiBwY89KEExc8YgLmEw8T3R72581Rm,2233,mixer,1
bc1qe3y7kkf5zllxgq98qwmljna7zz0uej9e3th38s,2233,mixer,1
15u1KyhXVgjmKYvfNiRFw99VEFwNZDWH,2233,mixer,1
1KGEVomBDAr27ArxrWSgnipvoD2pZXk4,2233,mixer,1
bc1q33zrdldx6jxwapn6qqkw9g3r5ndep5n0lv7wcd,2233,mixer,1
3oHYuxpT76Rist8PRcbwQF9AzjkZm2Fu,2233,mixer,1
1aiUPRW6MWuByQGkvJVaMuAZUTfnRFgE,2233,mixer,1
17P8FobVXwQhF9dbvU4hAdaLMHeBXNWW,2233,mixer,1
bc1qt3n3xwj8c3clgr0af8yrp9kwrcl29xmp92pxqz,2233,mixer,1
bc1qttj78dqz8w7yy4z9rzh9w64kunyn0cymsmfqxf,2233,mixer,1
3hWogEkoqemWeErneN1wMGnKstMa73gM,2233,mixer,1
1XU7E9kaRnHQNVgniHKwctSPiDk1xAVj,2233,mixer,1
3wwmqbymm4DWVqnxXTDmSEQqChXsYAoi,2233,mixer,1
1tM1sAgx5tNM1Y5ZKGFrETuxTn5u7dnr,2233,mixer,1
17nTE9WMxBAK9wk3Nccnqs92FNdb7rXY,2233,mixer,1
1zphiEfyBD6ixkd4td59rGANGdASzj9W,2233,mixer,1
1d1q9DHvWo4hpVPfq1oXrpfufiSoPMGD,2233,mixer,1
1ga5W5vboc5GF2UAQPwWR89tTNqmgqqD,2233,mixer,1
1n5kskwUv7g8ATVjjGc6i2eZ5tCFZFiZ,2233,mixer,1
bc1q5gg7uv98hsel6e2u79zlejwfszcl3zqjfzwlp9,2233,mixer,1
39NdETB8CinzY83dne3yowsDxwqzaHmZ,2233,mixer,1
1L4ArNa3oRZg4zrUirJo4H3Ag7vsUdvw,2233,mixer,1
bc1qq5y35rwtnceaexfle9ymsrdz6cs2ddc02lry86,2233,mixer,1
1JWMFrNjYg7gJAeZnnEiVK7ULh8SLjTM,2233,mixer,1
3if1J7CYwX9dFHKGjmN68wDGQeMz7SfF,2233,mixer,1
33rD7DEBaspK2DRq3jw4Lh2fXMjuKy7j,2233,mixer,1
15UZZQ6NmgDBJYpVcBw7rwfWtGjdkXsY,2233,mixer,1
3jBTyAfgy7JvAf4bKS65h7P6jFLsdnac,2233,mixer,1
3TFttRziVnmj34PWvFqhxzN9sRfzShsx,2233,mixer,1
1QSijY5ptPdPkxz6tBpKf7jaDK99Hm2s,2233,mixer,1
1jMtM9DYs3Wkf6trjS9vC5ekMapJSJ5b,2233,mixer,1
1fKbHWabNpkMMkXVHH6iQX8jqdBGZrqL,2233,mixer,1
3xUrgvfJoACdDZt3Lp8DBoKGp5yUi8bQ,2234,normal,0
bc1qr67jgcea80rzlkn843y4whqurwx4knlgkjrhdw,2235,normal,0
1pQerrLAeJ2wMD2eP4FLCxjZ3HGW4dW7,2235,normal,0
bc1q3vaflsukj5zvx37mf32t3kvc4edlryz34gg8sj,2235,normal,0
bc1q44xx58csrvm7hdngm080gkmuxv3cakeue7exlh,2235,normal,0
1YSh3Eku3BgZWJXwE9H9jjspJigmQ4TW,2236,normal,0
3PMr8q8e5Wf7c5Hcpced6GPHtu4Ydtuk,2236,normal,0
3HBJpPaibhLd3aujvf97qAMCB6AseUPd,2236,normal,0
bc1q0ddsqveptl35esjdvwqm2jssa50pa6du30l8ds,2236,normal,0
1R5j5DL86DmBKh2wUJmmKujstNGGfSqG,2237,normal,0
1rqSvmqn954V2mjYCeUm4KhTC9FGTSMX,2237,normal,0
1bLLdCbh2xQgkotodcHN7LkzN2DJUXCx,2237,normal,0
bc1qd6wzmsrxe3ven5z6mlkxqt5zdx38mp46zty9x6,2237,normal,0
1greEzAoYrPz2nrdaei2ng9doLbFXxdo,2238,normal,0
1nzANfcVG9BdXr2UrhS1EoNtqdjgjiNb,2239,normal,0
3Vk1dunCcrbzTUV1mHYo1DDYCSXLtEb8,2239,normal,0
1QFnoAycLfLhigi95G5zNAbdVsUTYLc1,2239,normal,0
3zDAZamnm67QS6W3Bf5gttGcs7m5wraX,2240,normal,0
1VsMeHrQd5nS7y1as4TsJMXJnSJWMGCJ,2240,normal,0
bc1qt47zt3jvyucqv9c7pwn0tz3t3c9khpeuhp2hyv,2240,normal,0
1BGFuWCtVngPt4CmYXmb5D5qZqvmiHPs,2241,normal,0
3hLugvCDt83QLBqL2o2d52pyx9juQ1mM,2241,normal,0
19jBXnLXijGfqnvixwBe6xMMpmRyTpbf,2242,normal,0
bc1q0q06zw0ajx2cxd942zjt978uxrtg5vyfyj5nuk,2242,normal,0
bc1q4zvm6f4y60dx0f3tttuermmxn2qheeejv3kued,2243,normal,0
3YwnxJU3xNq5gXHKQjqT79gadkqb97oE,2243,normal,0
1wTiMoFvHTRLELCGUNwdfaHGfkVCWGsS,2243,normal,0
343KcKaX1NktVerq5LoXWEWiuCSVJYjg,2244,normal,0
1PnsSpVELz2jyWr53WDBDHAx7paUXtUK,2245,normal,0
3gJFZ7T9vm8Pn1rvh7oWTFJTkvMHx9N3,2245,normal,0
191iK5FcuTBW3HgZd9dEYm5gYpHEoxdK,2245,normal,0
bc1qajd70tcxhyd4cvgukg97lglwaa0pc7xy3d4p04,2245,normal,0
3D7rig8KjZojjAXKb3dKesXHAfgHhF5q,2246,normal,0
1G7hC1tMRd2fMaLfLN6Q1nYSgiRfUjHU,2246,normal,0
3nYghFPbaCfjpcCtSwxguoxa8KjVFEdS,2247,normal,0
38sYBzgHkHjaaywyRRBoozR2VpRziY6h,2247,normal,0
bc1q2xh9q75a5wmv7qzkw7tryqvgezu506yz8nkn82,2247,normal,0
1jbZYyP79JVKto2Qh49cd9K7BoZ2fchF,2247,normal,0
bc1qfpjz6qvtky72cyzsjcmg03e6nphmyyy4pqlzde,2248,normal,0
1aZSzv6DZKMHcux9S2QuQzgayTPv8R48,2249,normal,0
3PMzNAJeuKA5RQhRECoj6bkMz5FyZYkL,2250,normal,0
3CUB8h2jm6qfV9tuUxKAfTEQ6k5ssvde,2251,normal,0
1HF8KTEgTGYjnfP6C7m45AGDskYMKXcK,2251,normal,0
387Vogz6vhy7ArXZMvfsoMZyW6QHNz3N,2251,normal,0
bc1qevmsavfyea6nuj9y0ve43mnxc5y4tmk63z8zzs,2251,normal,0
1MxcUHSLQGR7ULoLY8TEYbW5aMm7U6Q3,2252,normal,0
3VNJxbtyPErvpwLPWnXTP1bdXgayDoXs,2252,normal,0
3AvZef7wdniawa5bGjFwLTvQ2VJApAGQ,2252,normal,0
3boSGbaFTxW2CJCySPR8WxpHMwGtXGPr,2252,normal,0
bc1qcdy9us4dclv9eyrajeckzy0zm5zecgl0v4sqme,2253,normal,0
1f3TwbwuYfThX1D9AW9AGGDexbZ4Wkjc,2253,normal,0
bc1qtyfcx6ahj3cecs9lh4v45nn86tsnlq4cl65mzd,2253,normal,0
bc1qm09nh7ah6jscsaftp4dvggamv2808kvc4uevpv,2253,normal,0
1NWTCLeYgMRmNyg3SiMay1YaU3k2czBG,2254,darknet_market,1
1thfuBvosoaPk8t9n9C9bD7TCKqdXtcr,2254,darknet_market,1
1MNRrfJQSFQ9ypm3YDAsSvXnipnvh4tA,2254,darknet_market,1
1zQwbobQHUyT1iQS8sSzcxyrpbG2UNZ4,2254,darknet_market,1
36LnQ6fAUX3TFqK6QWDeqHmD7AEdHrMW,2254,darknet_market,1
1cRczhUeYAT8BWPZHJdY6DWRHnJxauJe,2254,darknet_market,1
1BLKV9xhJdiwqrDi6g3BFPj5b98HkU5Z,2254,darknet_market,1
1u4yh9YWEdKj1xQzk2MZNL2EmwcE41UG,2255,normal,0
1vwE6H6jwMtstYz9FGm6NBexFWE6KgNo,2255,normal,0
3MCFyx34hqRojHHyya7ngQUbJkBQfWLR,2255,normal,0
1DTRddQGpR92gHC77EAbFpFEjqCDkFAQ,2255,normal,0
1X2nbPzHvLmqkn2sw8outQVZnH4zrZWo,2256,normal,0
bc1qzz8c3ust3dt9z05434r3dzccvnsszl9pwft7j8,2257,normal,0
3M5ghF9Wj9k39QYECXgwfDEoVnTYpkdd,2257,normal,0
1uPgARYPbTJWWCGeU8dQP7Uk2ftuQUeN,2257,normal,0
15ibAm1yzP6dm9BdLDjh19kxcioRHkGn,2257,normal,0
3Qfe7pReqJeV2q2atznextE2SorTQFW7,2258,normal,0
bc1q783vfpc4km52jnf388ead7qjwe5z7hx4ddjea7,2258,normal,0
bc1q5j46pv32rpvkn5vr9mysanprpwhu6hnaj8gwpk,2259,normal,0
3zmYVWzhuHCnUNajVLDaXbt1411qWoKM,2259,normal,0
1fUjnHhM34oxVWYJRNN6YM1ipmQ28Pkp,2260,normal,0
1uhU3wyXeihHc7Y2f3yMnRCJiUyzDNwD,2261,scam,1
bc1qn98805ga5vesy2k8q3uk7nv9vz7q8eylfxrhav,2261,scam,1
15BzBNto4P1SZw9ENSg9obTxRLjei7Ry,2261,scam,1
1nkXCZEERnVMDfFVGG4tQRsabTGePbUg,2261,scam,1
bc1qgsayn9jyucqhk247uhk53jpm5r5qu59upd9vz4,2261,scam,1
1i81WTDD9t4G4YhRH5fjhPjTCGZMSvzA,2261,scam,1
bc1qpk5drarm7zf2d59xp2ptqu09wsunxpxmepm88t,2261,scam,1
1jAf3655ow4uQ2sVMYSG21c6ubLacbmK,2261,scam,1
3suAx1xb2s755euSKsL25yPdefeuhUuy,2261,scam,1
1B8NWvoV77sjmK6Fa49aoyZdF29dNftU,2261,scam,1
bc1qy6lez32k6jm757cun4zzd4s7wzyjd7du2jkkn2,2262,normal,0
1pFm21nPGE5u36nCsbPrYu6f6t5ioMn7,2262,normal,0
bc1qu5rupx6trkw9p3dh2vtme05sq39jeqc96h7xtt,2262,normal,0
1K5UL6Z9TKbHBfPXM7fY4CRN9Komikfd,2263,normal,0
bc1qne80rrqmdfcs35nzsm3xwazervye6pd4uv04ny,2263,normal,0
1BfghbGxFJfRNkNgQw356q9zePTBfyNT,2264,normal,0
1p16EnrbqbTKUvar8REHnBgWiDAeG2kZ,2264,normal,0
1aQ6jgdf17HNfs86EfF8GBq9QBpMjyL8,2264,normal,0
1mcsnkue8n1j6LSSEaYL1GEHFagueATN,2264,normal,0
16U19yEYg6w2E9jjrG5mA6HpbuWEaN77,2265,normal,0
1YkewKCGBsmEkfuWBLXLAmXmLQncfLXp,2265,normal,0
1urjWMGdEm48jVsGJXzaRki2cTJG9CFk,2265,normal,0
3vQG5LGAMNG8mrmwKHeh8TtHP84923z8,2266,normal,0
3UEa4doojBYtxXyTPijFzgwEL1JnguCk,2266,normal,0
bc1qh8lx9sd5k2t8cstz8jez8g8svxztv2c99x26qs,2266,normal,0
bc1qgyrt7ux6xst9a947ztcc05cr84unfk39ue3r99,2267,normal,0
1JLxUNdRmdFRmQApQX6YtUSBE7EJsYeS,2267,normal,0
3bVgpPbDeoPmvcqzquphuc4KUdhDDHfz,2268,normal,0
bc1q3l33tghvq3p34qlggx72k7djs7xc8al84cctj7,2269,normal,0
1B4os3uY6dxfqSSwguY2cnmA6nR18SJp,2269,normal,0
38NRCPDhxt1LyQSuvKBrHC6W79TzrjA1,2270,normal,0
bc1q5fh8llzxhsw4cfu25ft4rtrl0qpcve275rn2r6,2270,normal,0
1uYA3tAo8gS8gan4SEiRpzwtAngkN58Q,2270,normal,0
1CX4tEqoHrWZa3jB3LMrowdkqrZEMAH2,2271,normal,0
bc1qhkzd2cnqr3ulsu3afhcaffzj3sxkm2cwev0yta,2271,normal,0
1LxrjexdUQrckWp3d9jey4T25ZWy9GVf,2272,normal,0
1Lu9QUsroCW6avw86bREhCx5bggpiViz,2272,normal,0
3QgbqifqDs4wFTzL2ux6GC51Ai54Y7P7,2273,normal,0
3fJqvV1m2BoiMTZ81chxXpwcn3LUEP4d,2274,normal,0
1GkmxTg38bk7AFVMjkBMT8wFUjzTRRB8,2274,normal,0
1SNdXoeFZjF1yZdc2pjV4vDxzRB7QPfb,2275,normal,0
3L47dztWySufAZeXuS2B2Cm11B51x7wp,2275,normal,0
1My8iLSYjSpv16rJAWkfRPUBdzvxmLbh,2275,normal,0
1kaqgtqZXfJMxTWXUNmzJVC7h3MAmth1,2276,normal,0
1yL5RbZKTyCJQBy4tNXhL4SgJ147QU7x,2276,normal,0
37WMZQoS348o3X55s1dFsJ89NfJjP96L,2277,normal,0
1fxn6PHGse6bz8mmsUpG4jCv17jP5jWw,2277,normal,0
3FG6u53JLYxVKsBo1f4US9QVudZH2i8z,2277,normal,0
bc1qwj6vzknuu0wgttna2ps84hd9sfku96qeakkm7n,2278,normal,0
1Zfzhdf4QqigRBXDiWhSMFEMEMCfGVkD,2278,normal,0
bc1qraamcz3qeej58m9xqsut632n9fp08qma7yd5al,2279,normal,0
1giEekUDP6LRf7xYNeBAveQ6oQPqk77w,2280,normal,0
1gqYk6njyFh7o52kff141aD5jAbrovqa,2280,normal,0
1VYjkV5nCNn8kwfKjNWuoMJgQzyeuvTB,2280,normal,0
bc1q7avjdvtnnduh8gzzu6xpgp7p74dxekf6zxdphh,2281,normal,0
1EoB7u91VWrc9RzK8bEsjPBpMT9m4JVy,2282,normal,0
1hZpmGt8gxVT26QmuHck4H6CornogCMs,2283,normal,0
37vP9NHq5SQf5MtGQus3f1XmCmYPQB5P,2283,normal,0
3sU5P5ZXvy6qE9T99wN2RbTdnaj1PPFy,2284,normal,0
121jwA8dCW9pVsCfEVqq7PnkGZ3sPMhL,2284,normal,0
bc1qe9shwj7reg2j9g5u9lf8ps9004ls84yy3h20xs,2284,normal,0
18x77wcGfPqJXpXAUdCWVGE898boLyXR,2284,normal,0
1B7hQ9fTCqDUzzK5X1pWYosiFgqTrGaV,2285,normal,0
1j1WB6R2hx52FE5Koi42xNRANiF3hCTX,2285,normal,0
1poQq26VLet7i9EtTT4br5oFkLnHUmNe,2286,normal,0
bc1qsmdz4eclllpehfqu250mvdwuuuvw57ra8wgp3z,2287,normal,0
bc1qahm9ahvah9whnlcmkvx3vr9av0xg0wthm3p4k6,2287,normal,0
1h88CZtPmH9fRy6Nnekgp5DYZxyvkkgi,2288,normal,0
1PRiunHWxUexcjT4Uwfxw3TPgodYznKg,2288,normal,0
1R6KTxdN8T9wcK1egzATuNrSm15ayPVo,2288,normal,0
11c354CNrUgS8cFxjt3rTyyX2ofDMhp7,2288,normal,0
bc1qqc4lnssy2663z3eg2gcwe29dp0ycjeqdd4860p,2289,normal,0
bc1qajsw6ns6lygucrex4tumc4nhg78mgp22zm9pm8,2289,normal,0
bc1q4gkagesmexqz9jyfqhfw9hglx28u90g83cdaf4,2289,normal,0
3LDo1uMbUkRPzYFE6u4XjPNBR5A3EEUc,2290,darknet_market,1
1xckn9iB7m3ETuNdTT3sYCXZUtvEipQR,2290,darknet_market,1
31GzTJTp6SboyLvUp3gCHdH57jMXpcRj,2290,darknet_market,1
14WXmqzu67Kv4anmHVMMRxq8uk5AR7ZZ,2290,darknet_market,1
3LeK9h9ZYKsnNE5PXCPgs8rsmz17eKkq,2290,darknet_market,1
1R5JxQKx1atBd1aL9ypSyH3aZt9d4cEj,2290,darknet_market,1
1SVZSXTSkNVZmd7DBUTqLhBHW5W8epvA,2291,normal,0
1a3eW6ZE35AQPFDpGg4pemz9RvZw8r2w,2291,normal,0
194qJn1tYrTHnwrhEB9W2mFdKn4vgtgi,2292,normal,0
bc1qsw66aw2wjt88tl3z8dwfmhjlv62xvq42405826,2292,normal,0
1Hz44jzQ9wj5ooQb5J3m5K5s5KkwxQWo,2292,normal,0
1WPfq9EMife7niYPJwq9DP4SNWkpQi61,2292,normal,0
3iy2gBx3C2NoykSszmYtf2gue9JwWrEY,2293,normal,0
1PrZLU6BrEFuntAR7YqwYCt3uhbD41e2,2293,normal,0
3sdPzj3GauuFk6cE5Tz62hPe5nV3o6HZ,2293,normal,0
3AsoEd3PwJaQsLTbJZhSKFZk7eXT7dsC,2294,normal,0
1M4MGKSZkLiW3vygHeWvNUgKjk8Geatn,2294,normal,0
bc1qdjug69ajzpv0tcllky2najvnyasn8qfgr8te3n,2295,normal,0
1PzZSQ3JvLr6pA7yGrvY4ZxQ8norJRko,2295,normal,0
38gnLHkYCnGT6PsAzr7fkywnetPHaKPZ,2295,normal,0
bc1qh7x3vptwwe9zm4p9h996pxyfdc4wg6chjjad2r,2296,normal,0
1vnrMxSRDFecWYY7KntF43ppztQRymsB,2296,normal,0
1G2Wy5iYoBNWU22aGUXvrq3HvJRP3EXg,2296,normal,0
bc1qknwavmdk68xe6246vgqs7k3qr4k0qwu0qmktja,2296,normal,0
1C5u3RjMXXhJBPKEqiEEzfoJBiarAWXV,2297,normal,0
bc1qh5mqa8l4mfwplmca73feqg2msnv78watq5dfse,2297,normal,0
3uPMoDjE7GSxf2rMAihJKVAbmSLWXvor,2297,normal,0
3vzbxLbF7tbuDrcUEVmwdruWPMwPskEA,2297,normal,0
18Gacg52TpaL7shYgejWdE1Y7mXuCagA,2298,normal,0
bc1q8qp2sddyk003pqthey4elpc27jr6u4xd04n8dt,2299,normal,0
3qsNmDBG2xAFbQA1AY1UxwH8EZk5yJMy,2299,normal,0
1rrPYf6zYL3xjaFYbTmPmrgnRQ6RAbRc,2299,normal,0
1xbmCrpcn2PgU23jxg5urBvePLPGbM87,2299,normal,0
1WBGgimxhEuiuiaVJg6jxDd6WfSqEKTA,2300,mixer,0
1Jby8bpEFJW9NS6UVVvrz3SBHisZjrrX,2300,mixer,0
1Gruosh1vGKPgiJS2RiGbk7V6gjpX89i,2300,mixer,0
1tYiCBXzjC2Zg7wR81hsB1hoaysT1HR9,2300,mixer,0
1umcMxagoaYsZFPRFMex9cCqrUPgrUo9,2300,mixer,0
3KxNQPp8cHzpBPWvudpM7JSVHVFBHujo,2300,mixer,0
1XYDePmE459cG2uNTApVjNdU7ELj1qNw,2300,mixer,0
3cAhdhMu7CZjPFTC6aUo7fByGQNV63hc,2300,mixer,0
1MLuEfUkUP1XBnMhW5FHZr8RPWRn4u6h,2300,mixer,0
bc1qnxg7h5h5umawaahgn0s0zqllj0kkcv0ea6c54n,2300,mixer,0
1yfFBmmXnPzAVq54ddoBUXBNaJQ9gANG,2300,mixer,0
1x4TvdgAJusNR2iz4vfT7j5bXUDKjnfN,2300,mixer,0
1byWfcrT7tGn8HLVikCDiTihu33y8EH1,2300,mixer,0
1BZ2Hcb8PNBaP7u7e8UQ2ay5WSRTq8Qm,2300,mixer,0
1YoK3jcd7Sg5zZPTeZqFkk2NdhdAA7zN,2300,mixer,0
1XhfbU7hR6CXWsMZJpYS742YMHZTbpHt,2300,mixer,0
1JKiH6hzHJ7op1ceZ5oNwCYp4k5qfCoY,2300,mixer,0
1HsbZUgwn3uNt6i39eHWpTFDwH1hqbFb,2300,mixer,0
1aYFrCLF63v6k127to9NuGpPz7PeUmxw,2300,mixer,0
bc1qqvkxlk0ru2pm809jgzs0u2yhjv5583peft2lv2,2300,mixer,0
3iAMwXB5L9Ckuq1tw74cV7yJcvBdEFnD,2300,mixer,0
1xKHABAYHqMhYzEacewP9wjApy6JGSUc,2300,mixer,0
bc1qseqwsh8u36azmh3l2f6n99rd2dth903f6chz49,2300,mixer,0
1s5UTeNEiNF84YdMJmgxUA75iEdch2RY,2300,mixer,0
15ZsJ3a2YV5FdNyVYbV7xgSGAp7QMvKW,2300,mixer,0
1xuVDgDctLtZxfcsFo2FVWTh1jsXJujj,2300,mixer,0
1TGHX7uU5y6SW9CUBhqWuurJbWrg8mjR,2300,mixer,0
1rMGHvvSV5Ky33J9sb8QoYfoifi5U7GT,2300,mixer,0
bc1qtd4fn2dq7escyntzgypdaskhrhsawdac0swtw2,2300,mixer,0
3KgCqYKa2bKWYpXGz7WpstvxWEkHh1PB,2300,mixer,0
3qKtHFwK75A1qVQMidD1A8ifphvDh9Yb,2300,mixer,0
116mqTCEoeHvGXKyzDdcAYPdXorDREYD,2300,mixer,0
1xVybVr4qn1bmXd65BL5drWKxtop7r59,2300,mixer,0
1eYLSfWLanFwkHdHfFN8USjG8meonkvc,2300,mixer,0
1Ef4ePGiH89PY4dqPZPJkWgjLEg3ZUAU,2301,normal,0
1B4KW377S7QtSFeWTNdtahKE4FoxtbnZ,2301,normal,0
1u5nsfMyAs3ZcEX6htwjGQvhGyvw3hh5,2301,normal,0
bc1qzutfte07z52tmvelqh6778d4tmpqgg3s7udzwz,2301,normal,0
1U9gkikd63zrZwszMD6GQ3Am5spmQwYR,2302,normal,0
1X3RLQ1NUFkvA2kiZ5qH4GcyJ3xffRGk,2302,normal,0
bc1q5gdkeg6y7m9jjexweyw7h5jq947ntf8rrtkaw8,2302,normal,0
1ucNxZw7uUYgCSidz3KzMY8XP9ATHLcP,2302,normal,0
324WeQiyyF45nkZmYNKYmBRnRfUuPrc3,2303,normal,0
1bsFHn4VYPm93rdPFoi99DjbJ4AXPMSi,2303,normal,0
3RA6NFv3nfsmJdouhSR2bx64DiRnH6Ap,2303,normal,0
1DrgS3Rs6Xqeadg2Jqhiw2mnb4yb5Jec,2304,normal,0
bc1qt868yz8ga4fmmdg7v0hcw69fc5frnuqj02ty3s,2304,normal,0
bc1qpuma9de2t98ks5ff29m6j9fsx0kjvpz65xqd02,2304,normal,0
1iwq1ZefndMVnVcGUvQmcuGQuvfwX4Js,2304,normal,0
1pJZZnCyGi285nPafxrqoCSKBz84zegr,2305,normal,0
1jqGEnjeh8bAAYLRxVLgtQUyF6mzx9az,2305,normal,0
1mJmdqqmERRy3dFiHbHgtNRo4xDmYCnL,2306,normal,0
bc1qz6tjer8hy7q9zfvcxgrkf3g8kps4hpfyzk6l5z,2306,normal,0
3XuDdm5zzGSEKtzx9CXhPvqmzrDQGm4H,2306,normal,0
1Ztqc4N74rZoDc9ukivaGCaKzWkYRBtw,2307,normal,0
17FdtDp2vFieiwe9QEDP134SrHLhqi9J,2307,normal,0
1KEvauDdSQUrvcYWPjsmP33Z93mjyc8H,2307,normal,0
38TRu3eiczMfXGX5K2JpuMYzVWvMtPZ6,2307,normal,0
bc1qyn37me9y0pnjpmvnmm7fwed4xpcdxw63s7mhsx,2308,normal,0
bc1qr50kwj4r8aryt9f5mqp3l2rth0kskv03ve9qdp,2308,normal,0
34hLVqEhkZerNGBG4YeSWiTKJxmfp3xn,2309,normal,0
bc1qul8vy5jv4uc8u4v7slxn268zqkgn2nvejlhhx6,2309,normal,0
1rQncS8j6sPEcinrhJh1WjCcgPJBqhd1,2309,normal,0
3RQBBGPWkHH1SE9kTU7phv1MFsauX9mH,2310,launderer,1
36caNVNaQtiUhwY6T5W1VLZZvow4tzkG,2310,launderer,1
3Kk8d1V1U7xCPv9y5rPkMmLapsKPu8FB,2310,launderer,1
3zbjgVosU1pJmazvAXPvgQ1PSJQwWZCQ,2310,launderer,1
3pRPfHLoRyrLiqawH8dMxYgDUD8dr8zn,2310,launderer,1
15EDVq6sUat3nVfinBzYsp5M5sQ3tvue,2310,launderer,1
3Siy3LkHAQp4oGeNgbV6NhZUWZkTUzjn,2311,normal,0
bc1qqazw9yc7285m7m9ke2thve2zaxvjk4fy4arrf2,2311,normal,0
bc1q5zenkkd5larrnpvn8tlu67ujt5rnjzfsnyftfc,2311,normal,0
bc1qmyv6c3ugm2cmf84apef9gega7x2tfwk8ycx73e,2312,normal,0
1FeLRXLH9zFdMHFfEzSkoVh1GFNgzTfi,2312,normal,0
1StfbkSfbgWeriGPPTDCXwU3MpQZ6KQw,2312,normal,0
1XrLmqYCkJPeK7Eax2EnRmFpdiUPz6gb,2312,normal,0
367ckSEnohzG9sxLZGWwK57AMkrq3Cpm,2313,normal,0
1xDGGPm9hv44ofgEq58tJ1un7hSh1kxK,2314,normal,0
3eEbgmzUdCXjYb9iap7jEazUFTPY1BPB,2314,normal,0
1rFK8wRzPEdNC4vdJMqiWL81uZFfoYyo,2314,normal,0
1TZUiUpsQbeeJJzSTr7ttDa18NLZc5H2,2314,normal,0
3pBprW6c6XH3TSoAd9PrLVEL6azryBFi,2315,normal,0
3EBZP5j3K1eFJbN8H9rmWRxYoefpnQae,2316,normal,0
bc1q5pp5pft529vpatpdgr6kykaf9j90hr739s55ps,2316,normal,0
bc1q7vqf3fd3whtp77pv6tj769xyl8r2fdnm62vlyk,2317,normal,0
1qDckB4RPEruoQiU4N1e75Qcc8U6Z852,2318,normal,0
15EciCQgDgBcYAJZZ3No1Ng9nEztTPYR,2318,normal,0
1uNbwHK73CJvX1aptDGrbWAGsgoTqVG8,2318,normal,0
1jy8iHUodZvw7mbjgPMeAFgC6Q8ZuC2g,2319,normal,0
bc1q8fxzavta7maf8553mye77grfvmlyvep6anya4l,2320,normal,0
1bdVD7esH1j9XnmV59R8RUHXH9ytXYY8,2320,normal,0
3dZ2LXCYoivBHGTP7nH883PDzwD8XFti,2320,normal,0
3m7NcSWjmkQXYZW3eZ51invdYtGd1dFH,2320,normal,0
14Q2WVJhyoSFagyxi2gFbcvBL3jqGhHb,2321,normal,0
3jQxtwLPBGVqcAzxTCbq84RzXSBPRbC7,2321,normal,0
bc1qvc06zsg5xd3h9wrxnfnexnt4h9hhtzps7aat6e,2321,normal,0
3Rx4yW2dWa1d3AqxHhrtrW6F6ND3K29V,2321,normal,0
3NFP6W7KMMioJALxkeAvdZTP8oTcWQ18,2322,normal,0
3r44vrmaxDBSbokozi3nLMqDkK2WwYU4,2322,normal,0
1EAawnoQy64RaiWPNfwkvXK9teadX6Wq,2322,normal,0
12eP4YKkghFTd4hESgY8DZsHfAJ1D9qS,2322,normal,0
1ad66ZsBvxPjvHndSuCE6d8EfbEdthe9,2323,normal,0
3YzuCxVZPyfdhvzuWqaxhNowLnTd4yFe,2323,normal,0
1h5PSENXbeH1N6CcM8x73pNDVLsyDo1t,2323,normal,0
14WEfUdaCtrrnThiQszHfLaeoWq7Ymbt,2324,normal,0
bc1qjvn5yzaf9x0kgpwswz37mnsdydlln7d77xavpj,2325,scam,1
bc1q04d36gxtewrhg65c2v7ncqtkts3e983y4g07d8,2325,scam,1
bc1qepdvpfnhwyuvfp2rdd69tyv54ztq9z7wnqqvfw,2325,scam,1
bc1qxcku7p5tt7vt5k026vnkqjhlppgva0u8llgj30,2325,scam,1
1JgW1HTvfRp8WmZgvmZgRUSh19VyFLa2,2325,scam,1
bc1qu9h4y35a73ek5jcutndsm4prd3ekcgckra5xt7,2325,scam,1
3BaTLBxhJquEf2odGUuB2JE82ThNrxNw,2325,scam,1
bc1qu6ylcmn48n8vd2jspu46vtydfvt6g5s368qvvt,2325,scam,1
31WeK1ZaEuUUdZ8zmzbhyg5nzFi88MFh,2325,scam,1
1zDxrP3TL453h7KxfPLR1ygmkwsP7pSe,2325,scam,1
14xsQNkZw12V1W1WvzuMyXek9oAQfhzp,2325,scam,1
1qWgwynT2GNBShmzoxrgsGct7jpR1Jpu,2325,scam,1
bc1q66724eg0ukqdh8ws3uylc4eyhnzzth83fz4ysw,2326,normal,0
1QuFX8x2fwcrkDg9ZEZoEWhVKdcWb7wA,2327,normal,0
1cuvq25ooePygB4Ad9C99tGDooW2G1za,2327,normal,0
3eg77naAzKhmU3FQmmMJTZoiRJj3MMYW,2328,normal,0
1sReY1Xf9Ryi4JkaMNktdk2ixVKPvubE,2328,normal,0
3Uto8zqMCgvk38WA72FhxLpDWafTymAv,2329,normal,0
1Xsi2PCunreULmYGpCRiMHiJsfTfiNHb,2329,normal,0
1P2ZSU1Hz7Rk6TTqh9NRCqXw7gkMwLb8,2329,normal,0
1sZQy8Yp8uZJBtb1KaeZV6G5Dcg9nUkm,2330,normal,0
bc1qr5dz96e489t3647cz447534y42stmthdqn38mk,2330,normal,0
bc1q8zr909r62982dh9zthe9lp6we5pkuuufvl7jwh,2330,normal,0
3nH1DhimJ8PBRutxuaXvRvoGqApRUFfB,2331,normal,0
1TiTXke6Z8gNNJkCPFZ3UsSGx6yaoQZh,2331,normal,0
1mh2W7JtAQn3rSgVxsv49Nvv3n9ERRWz,2332,normal,0
1xACbiq2FiuD2emD6S5p1ehuervU2S6N,2332,normal,0
bc1qytyk9chv6x9aphs7e2xvz50rusmr4u83aljny0,2333,normal,0
1roi6BUKR8GCE97d6DmvrZVBSF8vdwUQ,2334,normal,0
3Yn76rVseTso4BvbU3NntyQYVnrkU64P,2334,normal,0
1Fk8Q2dn7QoK2mwJojfxjmsrLroCpYFy,2334,normal,0
3CChvnD6XoLFSvMjYA5QP7cBwLcuL8Gg,2335,normal,0
1rnHFqw5LArjkiZThZKTVbdwpNLuYLCR,2335,normal,0
1u8gcMVcyjH6EsamMsvYcK3t3KNAxuY9,2336,normal,0
bc1qcwlz487e59rc4vdcygcu4vu5uesz4r9878ja20,2336,normal,0
1kspRJ2QrBy2ybHS8z4CPbZMweYAPySx,2336,normal,0
1dUu2pZQitBXtkZrRXyTrGWhJF5vN4ir,2337,normal,0
bc1q0zwfcs34f0wtyj673k3n2egtg0f9pyh4352cvc,2337,normal,0
bc1q0hslrrl8lysjmlhtk43308nhdk0wcq9ur97kem,2337,normal,0
1PgWU5rdRe3dtcxovSbgnGwLj9wo6a15,2338,normal,0
3mV1R9ciQzLHYwTNmLcQuqWH3QBCjBnw,2338,normal,0
1G2KmCrHAHHAQDFMoWY2Df2h3WTsnctn,2338,normal,0
1S5DEqsLCY5c7kRAZayzxebDAUUM5PRn,2339,normal,0
1jSQ9XDFNBfQ4k138pfrm5WarAyzpnov,2340,normal,0
bc1q69cdpw3s9nc5tvmx6r2grjv6hvyl4a48fyplel,2340,normal,0
119afmnvSLHnK9L6b8WdXiZQRCR2fyQF,2341,normal,0
1VRU2mnjWUMno1spw6M4hjLiTTQKVbFR,2341,normal,0
bc1q9keshqzh4espff6rdwn8sy6emrkr3nu3uzf3ca,2341,normal,0
3ETpHDRur5nQdJvg8QrQ2QUEnm8Rh6iX,2341,normal,0
1cqRHwCBD48EWGTkupCgBj1NPsXsggBF,2342,normal,0
199TT8vXLULVtMeb5ehjGZVfxUkjcmtr,2342,normal,0
11HskaaG9akZDY5FcdpLccQhhHwsfWsq,2342,normal,0
1PJyK8EP4aTyqbqNx8uCkpweQux5Ui7v,2343,normal,0
1UJuFo3Em6hxQMSF8YYqqUHcr5WVV547,2344,normal,0
1aVmfptTXAkrv8TtgSWvydyG8sG82eAz,2344,normal,0
1qYS41VS2cVGKgUxNceoYMoL5N5QE7XP,2345,normal,0
3Y5exnZNuFNicddKp8LCUfogX8BZvfoq,2346,normal,0
13ue36jhpfcLQQ3dVNKA3JW36TwzUFRW,2346,normal,0
1RUEX2SKNoawgzETzX3PviKfEtygQg9a,2346,normal,0
3pW5HUow22o15FVnd66rPu2pX8BfzgYg,2346,normal,0
3U9oVLyUtHdzxVHH71iYWSUQskGnQM7m,2347,normal,0
1xdYjMMqzFdnfkmrHRvvLdjKQWjCWwsx,2348,normal,0
bc1q97fjvrmrt05dwdanrfjs6nxqmgszldq7dr5klv,2349,normal,0
12u7QaWkCmSceZu9rhKd3JwKa1fxmi2p,2349,normal,0
1QTsJt8DfqkT94ZiNdfLv1cgDDHvek8N,2349,normal,0
1TfqXASH9Jcus1Mbkh5rgNg95HHaHy9p,2349,normal,0
3a98M2BLL3YnVJshgw9wrjVsEGBhEf8C,2350,normal,0
1J1kA6skx5wbU2nyUVM7XtViXRbGCmfy,2350,normal,0
1xZPRQw9Q5w4s5kaS7jGhbrxhK9yqD3A,2351,normal,0
3xA6S7Ks5XsFCDZUvy7oGkr5mPeKZsGu,2351,normal,0
1JJFCtRU3v1NbrYSEmdQRXHciv8c7LvH,2352,normal,0
1ZTwBvxdk21jXFwjuqkHnncDdQ2fjH13,2352,normal,0
3uvE3kD4Lru2LoBe96vg9mCgki2S1h7z,2353,normal,0
1Pkpr65tGh5izdzG4KZCDdvtQ2YUkj4J,2354,normal,0
3NTvXZ8aphksqt6PrX6MSeyZHkGv8yr9,2354,normal,0
3a8JoRYt2m5C2hJLF6ZXa7rNaKC8nTr7,2355,normal,0
1kpKxJdaXuPjb3Ln24r3aL75CAdUUy4o,2355,normal,0
1LkCC35SptS2yaZfrenkAnP9g9u66g7z,2355,normal,0
3FEVqZVTKXvJyMUTHvrfeojTsLUUrZYK,2356,normal,0
3vkQQrMKWFEXUdJdMHygQgrPB35tcuJ1,2356,normal,0
1Khhbq22GwScCw4KJALFFPWRRX2ELfCQ,2356,normal,0
3LhCKQFkM4jUbLsFu5DjHwEvaCGJpVDB,2356,normal,0
3PRqYm3v8i7LAm4abTXmNFrJ8P9PRtTA,2357,normal,0
1hN9TV2L8ttgqaE9F5zDFtrgHtcUs9nz,2357,normal,0
1Hpjshng6UB9MgrNtuBdkyKCv1v2ebww,2357,normal,0
1AP63iCPkJWRL81Yx4vFumMQddggR2hm,2357,normal,0
1Bubkd2pnoB69irbgVSgZGWMtXbLS6nj,2358,scam,1
1w1DVr4WdDWb7i5DLpTykjN85rW9EMZ9,2358,scam,1
3LHYWsdLgbDxt2wSKS4xdP5bFumCvf95,2358,scam,1
bc1qlz6vw9xrvdt6t09dfvdy8q3xw8mls4dsk2dfr8,2358,scam,1
1LhPiRjqgp5HcH5umDj1TfqFTJuZTsBM,2358,scam,1
1P9ZzSGQArenEdf3NUeedu8vNA4VCvZR,2358,scam,1
1Q21myasE67d7odYb2p1PZDs98XvYriZ,2358,scam,1
3RrQaQoGPVvsCMe7BBL9ZZgmcUfVvhxr,2359,normal,0
1A6Nmcz3NmvjvJb3o6PSXdr1m7vs8NoZ,2359,normal,0
bc1qrjhadadklw4c044u8satzpphvq3vzkj9um9wre,2359,normal,0
1ScoW8WHXzzQPJwzm1BxDjG8psBNWhKe,2360,normal,0
3N8jnBpESYtchS9MbRqMYv4WVCT4mLEL,2361,normal,0
1XTrVUsJCJq58zS6YaTn7fN3LgFs3e1s,2362,normal,0
bc1qlple65t2rs5gudtfz38pemkzja90as6u98man4,2362,normal,0
1696E1MYdeeeYLfBQ1YfjASJzRBvDpHm,2362,normal,0
3RSVqx2VR46byDfQcbVqVqricJwSVg2C,2363,normal,0
1LvtjKmHzT9uipwmXpnq8jKkamV6LZ81,2363,normal,0
1ED7pi1qsFvcumo8Lt78wkwUKuBvYjYK,2363,normal,0
18piUhEgm9mP6wxLZzUmjsp7sFFrZjQN,2364,normal,0
bc1q7tc3er4zd5m9rhqw49s68texpt0fpry00dnuha,2365,normal,0
3T1NK6mpNpzL1FkFdQAkhT4yY8RTLtJX,2365,normal,0
3Nm1A7ieeYS934NoPdDz2xHgvW6WnjwD,2365,normal,0
1Abk6HbFtNRGtoSRBuLX3z4tKLcUL1FG,2366,normal,0
1ndQbSmMYzsdYz72MwDwkZAVpgsZKTew,2367,normal,0
1fPPkcHW44LREnmeqhiQMH1eVo11LdyJ,2367,normal,0
1Dgib5H4imBRZuX4dg23VmFwSLJRaDoe,2368,normal,0
1g4j57DUemGC7LEUCqDXsc1h6V87YbUL,2369,normal,0
3dgNtwQiokeXLNghAWNrmgnJr1aV92F7,2370,normal,0
16bjUvzTDpfH48KzmMsuFxUjKiTnS4D1,2371,normal,0
bc1qwpsmjp4dz7k89jk4yvg40el05vaaureujq7fsy,2371,normal,0
3W2CfHdeoeiWVNuTzLmJ2DU8Af7MTJgb,2371,normal,0
1usB2ZUKfsxr4vDSTiqyuYNeu7BnwgeG,2372,normal,0
bc1qxqmts4qupxl3rfevsp4hd9zksvfc2z2w03h73g,2372,normal,0
1bh4WbDK69CRbaaHxHSTzZUefCWz8khV,2372,normal,0
bc1q35naff39nvs94c0duw275ejxtt0p8xzn4d60ff,2373,normal,0
37JACgV4VpNWaPiV9Yo9cCPFiRu4XyAn,2374,normal,0
3xpoU3QVzxdDY8wZguXFKfmmh7KPKRVX,2374,normal,0
1vZ54b5eSP728xE2GFnEZ1c29cdffMeW,2374,normal,0
bc1q340wuq7fc6nz39x25qkmjz7d964zvzddrageze,2374,normal,0
3bmiXmG862RNPsxXN6paGeTg46tWwhbR,2375,normal,0
3pR2e8CDjB5m4j358CsnRxddKggan816,2375,normal,0
1NEpJHycpgyGNCq43iHqnW2zQHpZFTJe,2375,normal,0
3dmjPVjZprAhwnpaaTzhASMCdsK5xqKw,2375,normal,0
1MrvZWYyb44PD5HUCDdvzv5h8U2dDVFt,2376,normal,0
bc1q5fsrr9rnd3cwdc366s66tcqacdg0uuxf95hmlh,2377,normal,0
bc1qaqz6z427r4v5cw3lkh0a4merhdyzgyeawyeqje,2377,normal,0
14BUPUVzSbXQhVjQYdyBqci1LkX1jhbh,2377,normal,0
bc1q70frc00dps3tvl02xuca5se4hq8dnj04w43wg5,2377,normal,0
1pTn1SeGcrDJBH4pzCCvSV8rFNy463Zv,2378,normal,0
1r6KESWAsFE84z7tVF8j187TLhehdxj9,2378,normal,0
14HR74cLC5CJR9mW38SjxW9KcxazuBRx,2379,normal,0
3VF7gTbxjBZFsn1Vc52DCw78MNCA1QLm,2380,normal,0
1vmhRdXhtz8Nc4u2unBzbcSUHqKgyv1i,2380,normal,0
3RrZuT6nmX63UHWVefu2NKoa97suFLrM,2381,normal,0
1sn8Bz5gicoggR2TCX6LW2sjcb4C9cBj,2381,normal,0
3azuDADms447QX759xyX2oq7gaZtDeGp,2381,normal,0
3URHWVnBjBZzZ2ZXN4ykLhK6YRNP2wek,2381,normal,0
bc1qwzc2x3gqsknhx9ev2w4qk5c8uz9tyehrw0thtj,2382,normal,0
1deptWKP9XzvReV9mSiLa4GJDCqfh9Jc,2382,normal,0
bc1qavctuwdxhphn82ntjlw8k3rn2dgz47acwg5vw8,2383,normal,0
1m7md4pXUap9BiwRoi16Bsy8QPWBsQDA,2383,normal,0
1jxR8hfeUm51E5ciNuFy6AKNLooEeZma,2384,normal,0
1ZYH4or47vBuhKV8nXyUgfNPDF8KwZyV,2384,normal,0
1ouWwzsmcfyPdU9MtUPZPer7LzUUqWfk,2384,normal,0
1LCWa9rFQcvg11SJLGNZDzKtpD3qDJ1M,2384,normal,0
bc1q097gvstezxd30w4hqf7c8ahethyky6qa04h6d3,2385,normal,0
bc1qy7avdaycyv2k3pkjv5gnenqttcktcyzyv5nr53,2385,normal,0
1yak5uxqLvZ76gjGsCRWDM9SMdmg4PpB,2385,normal,0
1ZGYqcqzF38CSq91EUXSCJk7mQYr98JY,2386,scam,1
3Qv4DJyyoVqbDqhQQy3W8aywpEKueZ6e,2386,scam,1
1UFgoFPqTBoPm1QWxKGh8P52LubZYKnF,2386,scam,1
1rvn892PSRDaeUq3HGf4rYatgPaasVqF,2386,scam,1
3udL6zeLvActLiHgenEmRcPjGACVfg9x,2386,scam,1
bc1qz8lqelr7c8t3dg4482heq8gf08etsly79hgu0j,2386,scam,1
1jjFZPQopXrvsUyGHVezwuibM6bQH8gL,2386,scam,1
bc1q7rv2hay6mu9ns7ejhwxczhmt6zf235eg99j5wd,2386,scam,1
18DdvEjMxPUAbCAbFkyvmEMSXpCXQdQb,2387,normal,0
3RY4kbczYcxtdgTWsqgoKCeBTdQzp1xU,2387,normal,0
1Acy7AqP4p7VogwwSqSWAnTzTzfCAm2T,2387,normal,0
35DYcwKzAqopRGDBc59iUjvhbNhTPGn3,2388,normal,0
1YiiCYRuCqWxSSzJq4tC7nv5VgZZ1orf,2389,normal,0
3wApthgbRbWssTk83Rz7Xov98rLhdQMK,2390,normal,0
1fmZD7c2QuUyCrxbeTrgoU1JxoZcCa67,2390,normal,0
1hETPjh5z9reUfTVr3HXDwY3pzVbF33c,2391,normal,0
bc1q63adyr7t785a9nyphpzg440fhd80gsmjgvuec2,2391,normal,0
35xU7bUmN35KcnuJs4hMnfcAgWFxaRa8,2392,normal,0
3R6SppqtxeENdQx5jBDieYPfqxKfkrHh,2393,normal,0
34ihFk2p7wvcJz8USDP7Y2i5Ba1NBvgA,2393,normal,0
14L6iJ3huGYfXGgKpBZNmnynCifD1Tor,2393,normal,0
3p8up22EKQstZT1SAZfGhA1jt2TnDRXe,2394,normal,0
19QzsNsLiTLuAysM2VJK7mcxsrt2fHRj,2394,normal,0
3vAvMbewYQnp3RYVtw3wnZSTSR2M2N5Z,2395,launderer,1
1Zo8iJBTNvxMVr64upcQN8q12hSCKgAj,2395,launderer,1
3DvpH1VMSLfctGLC5jxzLAfLSngXB6fd,2395,launderer,1
1xLSNgkmo4t5MfEoLAgceyjDGv3MXKHU,2395,launderer,1
1rZtCRHXG98obrAmif7Kpo3a1JoFEhMo,2395,launderer,1
1qHWNWM96QXcBByoMnwvbyNuRzqp4mdA,2395,launderer,1
bc1q35l3zt2z78mh2y8hy2yt4ckatdrwhl2pfsuvut,2395,launderer,1
bc1qqqw3vnu4jxsygwzrvvcdrahllpjsedk6rclglc,2396,normal,0
3iyVq1PTGbpCaVPpqe5fLjS3A2oW3AVF,2396,normal,0
1NUdmA4id4TYC8fU22gcZULrYDbwmdSG,2397,normal,0
1iBADri7QRkLYTuWku3Sjbw9h7jNpAfZ,2397,normal,0
bc1qvdgl7u2chxry2amesh7zeegw2d9kztyrphj78l,2398,normal,0
3mCABhvWyQ3uwE3KKfCgAYN8vVDGTYWi,2399,normal,0
bc1qwmc70yyrtflrvy4t25sngrxa8nu57yvwfk2l57,2399,normal,0
1fWjHvRDPRVeHQULjwTdzCVqTa1UMxLE,2399,normal,0
3ZRgU5asVgBLma9UCJTbK1uxLu6Qsji9,2399,normal,0
12bv7ADnqvgv47RxEYe4GaCxh7w1Wc3T,2400,normal,0
bc1qen0e65vw79lp4tuvwwxynqpn985hj62tzwg7ny,2400,normal,0
1oQmw2yZb61Ui2GE7GvGH4BeJDGWReHz,2401,normal,0
bc1qr44l24q89nau64rzqx4csh7rcskhmpc8eh0cvh,2401,normal,0
1wgCeoHfAzLfKX6CpTrbANdHVE34AoZ6,2401,normal,0
12kTV1ehKhxPMiw36GgzH8jxeECzs1um,2401,normal,0
1GFrp9co3zV3gFNPw4mwoxCYMXjdwxmZ,2402,normal,0
3s2bLQZjfTYktKXbjudRXVNEkstiQykU,2402,normal,0
1L8tGYbk5Z5BLQDj4a9Svd7sFfUgUM9c,2402,normal,0
bc1q0aphtt7mz2nxgkvelcgrhetfl8rs905j3n4hsx,2402,normal,0
3tLMWJpp836RovEve4hKFMiQ36f2zuQH,2403,normal,0
1HdhqqpBazvZUzcS3nbyMffRSTym7BAo,2404,normal,0
1fwALmi6UJRwjtTFCvKW8h3hCrUD6YU3,2404,normal,0
bc1qgdnw47xa64rwqtw0xkr6z9nevys6m448qkkn5k,2404,normal,0
37WdP69k73ZaiGWvJ7puUG71rp6ZSm8C,2405,normal,0
3kNb9h8dGsu5vHFEXJiKfkoZrDdvR9gU,2405,normal,0
1ihZaycSabEA9jKAZB4RmZb8XPv2yooA,2406,normal,0
39v8Ukpj7YJoViZJ6vp5ALJMGjRyCP2Z,2406,normal,0
bc1qztlp20880tjda6myw88kg9taxqrrnxyqz3s3p2,2407,normal,0
1GBUZPrB49Tw8zj9FzxJmNadgX5qUmDW,2407,normal,0
bc1qvxa76cxcn6vr34cytwwmsjhctnyqvxstwu0rgz,2407,normal,0
3GsUFBEHL1iBFLc3b5dzD7KhCmLJNiFG,2407,normal,0
bc1qw9t3p2m03v58f6u7378gmuds2zep58q562v56g,2408,normal,0
1xkTPSgzM5ey8Q1t1YeEwcyFDKByXwCq,2408,normal,0
3r6yJTJTJxE8va7nQTtyWjn84zfpe9En,2408,normal,0
1EHtWJoymHGgRXxfQXdqyRKid6iuK8dh,2408,normal,0
12TvqCHznZ5kYRY4oWjBsaj6au3CdqrS,2409,normal,0
1Vawjfs8LcZtBzdGSK7LTAvdtoFZyepu,2409,normal,0
1bKa9G6sW5v9puxnyPRuFuh9nkkcaqdM,2410,normal,0
1BRhaUEuLa9BbAaubNnmg1fJgUtDRTim,2410,normal,0
1PKCZHLXkTQ3QfG4NJ18oZRS8VaWQoRC,2411,darknet_market,1
bc1qj9u745cm868dx857sawj7xw3us7ct4zgpt8r36,2411,darknet_market,1
1MsQ9hVNcP6SxkyfS2UUAKhu1uifz9oY,2411,darknet_market,1
1QmzAsg1KeDZLp3CTQmEeUQ8o7Pxd4ZK,2411,darknet_market,1
1HLQoKybKAXZuqEmV5dH9btduifwG4xe,2411,darknet_market,1
3NDJxeVQFD29cdJnswAAXRjryLZZydZi,2412,normal,0
16hLoV9HF14JfXi4iVkwESkNKCpN7k3A,2412,normal,0
12zPRutgmJgeDR5PuuXPQNbn6KGC4uSz,2412,normal,0
3iP9SV7hfosgUytzG8m9Adf3QHAFDZKm,2413,normal,0
3v7ztUT2iiUd3nfd5BXi3hWGGyc5PgHf,2413,normal,0
1B3rUL3tA9CeJw4YApFFwMcC6GKLpisr,2414,normal,0
17LQGZykgvs19Swc8Kza6aDcvhoSGfU5,2414,normal,0
1kF1FZGNS4PEcGktjdDSMfBWBSZv2yGL,2415,normal,0
3JYTCeZ3RoyAQvLYdRs4uaN41KbffiER,2416,normal,0
37bjEHBPmG1LYBYj87wD69uK7TbNsw7d,2416,normal,0
1c8jHoFWAUiGGbnpkYXDMRRMVcY2QVny,2416,normal,0
17VJLuQ2opjHBewEFyd1C8ttHhyfRX7h,2417,normal,0
3ns3Mrcn494n365dUyXKsMcCF9nJryJ4,2417,normal,0
3MhM7Z45Y5m21PmSYeW3csHfbcifG422,2417,normal,0
1rs3y9tnpZftiUiUS6mFcN84coLiLG1S,2417,normal,0
1URrKZSNK6HV1kEBJHwKzEZbeoXeZz8t,2418,normal,0
1VJ8YEHDYG98zsCypHbhtocb7FqnwHVo,2418,normal,0
bc1qm9d85566fekvkdt2ukf0r98hpzs5twgt7w6sms,2419,normal,0
1YycDtHcYLgN1MxTDcFeomP2DtrVGiNh,2420,normal,0
1B7tj6FWX6AibwEHEPTzj7tY59fPLwxc,2421,normal,0
1DzgdT1Z7fDqfyzPYMcFYLXoBssSn1Pd,2421,normal,0
3ab1bK3rZRy4qw7ZBBsvJ9TxWCDDhVmN,2421,normal,0
1rCdDqHpC2ZvPDaNXo4aEecYpz9htxu4,2421,normal,0
1dCYY1Lthvnodt6aquMBfT6zVt88eZ3F,2422,normal,0
1DEE1wCqNKvXYC1thfbdbUHbE9KFF57U,2422,normal,0
1PUmqtPihk8mPVWUrXfJfs1aDkr2N5Cw,2423,normal,0
bc1qw3q3hy6kz5haj6zrpdyvkdqznpcck76zgayxvw,2423,normal,0
3AcuDFUZ7PB4JibRzHVn1aJ2MEh9JFsv,2423,normal,0
bc1q36ut28kx5u9wsssa2azf6r3p7pf5jgr9xwmpjp,2423,normal,0
3rAwH588pKVLsuSVc4DLAFPVtkb69mjR,2424,normal,0
1Gp7UuHD3sHiaZbFojxZywhr6QXQzxec,2425,normal,0
17s1uZCwWzLoJgrSbFAsvxEXbUjGSadn,2425,normal,0
bc1qnktx9ajmj6cpazpfy8588rmqzu2tf6whnrkwmy,2425,normal,0
1UyXBem46FFwhXZboGhnepQPVRVuFinN,2426,normal,0
bc1qtxzr8n8kdxcdjr82n77lg2644ecj0cgkevff9l,2427,normal,0
3QfEUgbJH6eUddwEAwiXxwDEdy13uGMU,2428,normal,0
1DZFWpDkiVKXWQQvJiA499751epFSwp3,2428,normal,0
1A6GhoNNBk636nLnt5n3UvyXtmwCPY5d,2428,normal,0
1HDXkKCWxhc61UQKLbFE997LbSufa9hx,2428,normal,0
bc1qqsfh4ykv8kra83ttprvkt0wsmzl6m859ls4pvd,2429,normal,0
1tV85aqyYkN9NNVSFJTr68zc4z7CoA8L,2430,normal,0
bc1qezz09hv2hah05le7qaw9tzhnt90sw5cduy6l5t,2430,normal,0
1mzo1BPNfdszPDd4V977KmJxg2Qo7TbQ,2431,normal,0
1bNieQ7fDoWUZvJFZ2xGt3sXG3suFaiu,2431,normal,0
3GMWo54is1thH78DAWzimXqpZ2iTP5Vu,2431,normal,0
1vCTZ4tgCKNHDdc5vrj9GDi2WpfvkHiW,2431,normal,0
1MHiEBRfqWqAsm9k9LUZpiSMSQQJghPr,2432,normal,0
1UYqgRRYZmHK4DrQzCHGmr7y5JUdvEqw,2432,normal,0
1sEa5eiPskKZBF9cvbQtRwMGt7gyFzX3,2433,normal,0
13tJFgwzRpvRzc8mhBpvz1J98DRncBm8,2433,normal,0
3zzt4Q1TQoMZwvg2uZFGdJMcEmTYqBLj,2433,normal,0
1o12uqUJ1UaFpYGHTsX3PqdUzqmunjeZ,2433,normal,0
3iN8eFGXqSqM6AmhHRyx5BdkA6VPD89m,2434,normal,0
bc1qm36rl2el32wnhhll7pcqspy68sdrqrxkrxt2tg,2435,ransomware,1
1erngVUisbJNAST3xeXEGpuP6e1QaD91,2435,ransomware,1
1CqUfe1sVhSnZmRxEEXXxznWKXnXKJyi,2435,ransomware,1
1Gy8qf4Az77Vc2gUrmpqU2XGEk3r7TyN,2436,normal,0
1YqH43WdKLcnT66NPLqwRzbLMAZPHLRC,2437,normal,0
12rDADAHk1WrdTX8Qe68S2VALF8jNpmZ,2438,normal,0
1926EBk6DpCLfGPZBcq4wUtyoHKs3bb2,2438,normal,0
1JD5pu62P8ikhbiXyGbevpBooLaFsmT7,2439,normal,0
1QvGz4Qx75x7sb8pCCywec46qBXLrQpv,2440,launderer,1
146xRJbaQiuG3vPjtGnDA2yax6QhwauQ,2440,launderer,1
1T58ChK7a2zxnWoB1XNsZAzduSRjqYVZ,2440,launderer,1
3UzAxhKxbhMQLVxDFP4NnB71xycmexqY,2440,launderer,1
1rVTWsK7Y8kayUENCWv47Rh8tSC879z5,2440,launderer,1
3K3CXupS2GUd1Tk34wycT5jkupdo6sjf,2440,launderer,1
1zcxhA73iBTMgUMqUAczuSzd3MCYuFzr,2441,normal,0
1payYTkuWqE13yv4LdkgR7pb7AFVmciq,2441,normal,0
1Jwa4mfraixpWLAsuV7Ga31SCJtQ5eP9,2441,normal,0
1ac2jok3mmXeaKMWsY45C3qwvZw9s4ca,2441,normal,0
19HWK1pvvLSYwwYLZDgEpkYSS7sESNHo,2442,normal,0
1c3bgVXGoQx7VNATADrTEzj65cwK1zpY,2442,normal,0
1CRLdmg6jtLuopCkeYCzZn23Esi9XwtD,2442,normal,0
1AVoKqPPjkcRpDAp5ZoxVufQ4t8DhFxW,2443,normal,0
1uxhV8Zv246uEAhKTLjN63uLFvYX3p6r,2443,normal,0
1UaqFGLggZZ2PqGzDR45eyBoLkGbRfCm,2443,normal,0
1WVYBwKTZ5xaxbvdN55dcXnMASRtJgnL,2444,normal,0
1ZqEeFR3oUNJ4TWgLgj7WBgmakkxaZyQ,2445,normal,0
1MaYipLpHTSWjfrbJSoXR7NMLsh7VAXV,2445,normal,0
1GEUuizjty1cYFf9zf71raAWmpeQ1Wa1,2445,normal,0
1MVX6AhBD66opCPo34dATEVM72yNzVth,2445,normal,0
1tEfCDBReangZojGB6ZAgKaBjsSePbjt,2446,normal,0
1DGPV7pTvmC4SMcDZqzaTzwByWtUccLX,2446,normal,0
1cyNDahCuz4bwr9dyao68gACMon9NBG7,2446,normal,0
1QspfAbxeCukBUrPuudsyeJqfgUWFjTJ,2446,normal,0
1k5xxzRMSd3jW9Qdeh6G534cRLADMHbN,2447,normal,0
1QqiymUvLUFpY8L7dWv7svrMojzr7fPY,2448,normal,0
3b7LNUVQDwUrScDfXwTgXUzBzkrn8sve,2448,normal,0
1Prav86q3vaGVvrVz4tngLg5mviPJC7U,2449,normal,0
1rzVUhXejiTFuGMLN1TSgDxb8VMNhmtD,2450,normal,0
3k4auFAJWspLpCCFE23yAvr66zFCGvqC,2450,normal,0
bc1q39ufdl5ynkj0yf4dahpelwndljqz2rng48qztk,2451,normal,0
1fbbYWQ1vrAZQhSBietw3yZro3shqgxy,2451,normal,0
bc1qcrx49dsqn4666zw5265q3c5xjuyh2dwfjung22,2451,normal,0
bc1qhuhmpe8s7an7l5537l93d5mpavcwn9x2x64w02,2451,normal,0
1ahUk6B7a4RCLS68MydUh9tJobC7Zqhd,2452,normal,0
11hNGPDAzHUjvKYWPsg73zVM3wREAG4d,2452,normal,0
17AbV1cCTH1MtuwuEacjLkMaNPPVGUfv,2452,normal,0
1bUou6Y1MUvnAWXCLkwDujSbUUbQCLv9,2452,normal,0
14jgP1BpdaAPSkwJr94jS4FrxY225rRb,2453,normal,0
1NdRT7BSJ2y72ftDrzcoyvWQM4ZG7HDS,2453,normal,0
3b4KHVkQQ5T6FswyECg6QT4YWfzH5VQe,2453,normal,0
1RGAXztDbawRd5vQLrEAwpQ2r6Y2ahrv,2454,normal,0
bc1q5f2y8mmrdyqmy5fxyqcvzp5vm9pc35zn9qj022,2454,normal,0
186pFeLYRjSNti8sgDpcfxDPkai1zUm2,2455,normal,0
16k3NKxDfuYspqUAkwGPeh64cQohWgMe,2455,normal,0
bc1qjtp7wtcfswguft7e4xwy6c3527rjyg88lqhqd2,2456,normal,0
1urXb3CzS4PnB7jXBLu73juB67JUh5gJ,2456,normal,0
bc1qzm4pm0twz6uhe3y2pfh44jww7qa4z6ec2u7jat,2457,normal,0
bc1qkspvxm5p8r4hj8cnqdj8lrp7y9k3er9vyul6ua,2458,normal,0
39gWa95D9vXGJd6iFZuKNpu9bmf5ZW7M,2459,normal,0
bc1qsnslvjg7ruqwcnpg4rtf5cxkqs0s26tdr7zumw,2459,normal,0
3bxYVbXdvNM2ZdzN26cmMPKpviD9pJ6H,2459,normal,0
bc1q5qkcvw3deyt9s0f20sy5fvlewfrgd3c9c3rqat,2460,normal,0
3QLhq5nkCpQ1vk9jhqT99hwvbzbhXmNn,2460,normal,0
bc1qepm96hzpugagg49tqq84pdnxq76lmaa0gjdkwp,2460,normal,0
bc1ql756kldhrctw73nlfpuqztc990za242dvzxtrn,2460,normal,0
3GjL9vPVp8EpVd8wJ4GGjUEz1ZnBZSSz,2461,normal,0
11PF2pmGSYLwP33fw4N8PJsJJDFpZrGA,2461,normal,0
bc1qjq2ftng28pa8a2la83l5udg5d2v0azwccw92t3,2462,normal,0
3UC1UkawdueG1brvz28HMscaMfnoG8Nc,2462,normal,0
1XGMZAoz4Yxi3hJBvNx1tAuzFbv3anTe,2463,normal,0
1oQJTLjuUNBRmt22E5zqTh9dsZros5kB,2463,normal,0
1E4N4v6f6jguwZkUvSjfUsdDoNvqTGx9,2464,normal,0
36EuC13ZxcBAejdaK1Gipz7Ckn6wdxow,2464,normal,0
1AmPXZsyX2gpMkngsZgst2XYfPqs3pGi,2464,normal,0
1fBaambq2udk6363PSZLCTan3iuo1hpk,2465,normal,0
3aBhNbxJZD6RmByjG5uwSsp6Ci9SWYkY,2465,normal,0
11j56ZzqgYo5WLqzkPWqHc6wYidGS5xp,2465,normal,0
1wshyCnrGrnXZkc4n5ZRRQZZWChZSJUX,2465,normal,0
1NiSNezpNJCf1RsbYmxrsqPDrcvt1QW4,2466,normal,0
1FZGFe13e38bNNiV21mfem6uSGf7Ubop,2466,normal,0
1sLeuyAqmf6NHRNztsEjXrZa5jC1dZhk,2467,normal,0
bc1q5wdlyqrkzah4p7kgdp98vp3grprtk08hfd5wv8,2467,normal,0
bc1qhkml8pzyxgp56002e0ajzdrrqfx3h8580dkvaj,2467,normal,0
bc1qrt5ejvyl67det39jh7llrnsyk3q6lavpp4v7tu,2468,normal,0
325Sbcrrvb2jPxYqrVubqofm4M65YyUn,2468,normal,0
1WMJi1Sx5K321LQsagJPDDngAKfyG9cx,2468,normal,0
1Skq6q7qCFmwqPReJhdsqpfCsZUF3At3,2469,normal,0
17qi2XYnbwCNbj32CReCBQK5M8S7b6u4,2469,normal,0
3HEEaTh3NPuEZDuxa7uy1hca83u4CgHp,2470,normal,0
151aQFQc6v3juc1Qo9268kCckAV29E99,2471,normal,0
199HHCXbwfvMdu26rWPbTjBeHFx8m5yr,2471,normal,0
bc1q63l6vsjwvy502r572vxwf5n3jh7v96ek958t6h,2471,normal,0
3JxS8txCSr3AJxbfeYKgrB4qSj5Bc71u,2472,normal,0
bc1quxcqx2gfxdy64wnszpk087n9fgr6pdx00nnr35,2472,normal,0
3hX3Tbwt4K9mmx5w3WdL7e1bCyQcCkAu,2472,normal,0
1J5uQf8gqh7QKatCQikYPbSKM59v4FL8,2473,normal,0
3LRmFw7niGvF9nAyXAJKLnz5pKXG6pMo,2473,normal,0
1f18xjVrJ6WfBGtizcsFDWsBQHiTtSMh,2473,normal,0
1zxhopczQZT77pPV6b2HeUfgm6XH1xNC,2473,normal,0
1CuSNW8e2UNJbUgRA5k558JyNAzs9PxF,2474,normal,0
bc1q2q3kh92352vtksavgfrcdrw94ud5vzr0pjq4hd,2474,normal,0
bc1qsmn4033hwvh60gtuf9xemsuejfahtfg6h67dtg,2474,normal,0
1WeLhZXufdQu4z9vac3BnYkmR8wyivZq,2474,normal,0
32x2U576JAuV55aCYuS6H7YUPn1Nh9jt,2475,normal,0
bc1qnkx7nw3lp3zgre6xc8e39jx7gdam3r0rsz2m8l,2476,normal,0
3MkxfEN5TbhmpUzvXfBfizS4hiWVTh4s,2476,normal,0
17hVg7NatbGFhJz67S3sFHZMSd4XtFAr,2476,normal,0
3a5aD8tYaaNMaWhwktEGqpdUycFyW6k9,2476,normal,0
1sq9PaxvYZ7ht5oS8YvTKCvZ8N3zQhYr,2477,normal,0
15io51PdTcBkHqcKLRGCQZcy3YhnVkkX,2477,normal,0
1S4qRPKRycSjgtG2xExYHrbcRKzNeCh8,2477,normal,0
3gDXQ4M48WzWsp8efbwZsPqJTjbxhoyp,2477,normal,0
3kgH8DSU6hzua4HosURR3XTJmXBBSG8Z,2478,normal,0
143LiExL5mCAGzX882nu8XVhNdsYJ3my,2478,normal,0
11UftKQbCe9fQ1Bwto14baAamTat7b3W,2478,normal,0
bc1qdcuamwas8meglka3szhk9y8kckrwu0uvpqrkzm,2479,exchange,0
1p88NdBr4UXQYDqkwV6J3Lh13XvoNgab,2479,exchange,0
1LQ9apMmuwCDYKYXgUG2nKM4XzokBosc,2479,exchange,0
1HyJzsrxvHQwQnvw5ZmWMYy831P1QAjX,2479,exchange,0
bc1qsv37cc6s7545ft67fjjdv5d7rehc96h47hrcp4,2479,exchange,0
bc1q2jkwq7tra79z9r870wptw29umqhdqrc64ff20w,2479,exchange,0
1J9X7S5yrif3e1YZHDWh6LEvtteb4m3Q,2479,exchange,0
17E8ckdAZt5kdiMAdh9NCP3tiaPHjyB2,2479,exchange,0
1NbTV2NY9rGKoEaac3XVfCiknreip1ep,2479,exchange,0
1AiUwozX2PBbon3kx49c7PSfDDkgbTKC,2479,exchange,0
1WvkYoofA4tFUPDz5dSu3U6P23bpascx,2479,exchange,0
1f2Bcsz8sZtRtHypGjW3K7s7QDUNqHUX,2479,exchange,0
1BUNSvDTPPDoTokaSLvLStWLv3KJnZrf,2479,exchange,0
bc1qkn8r6fdffngmuahns944frpe4wkv7pd5607dt2,2479,exchange,0
3gxURhfxifjpSFGFhtnNrFC4d9f15gUj,2479,exchange,0
326YRd5AD3kWEe645pVy1k3hptFtEsGS,2479,exchange,0
3CPJzrz21cctFW3s1Fo8U7rqcQurZ6xi,2479,exchange,0
3jFTQuUPffPbUL6tDJcgc3dHJdX4V8fZ,2479,exchange,0
17sWFV77ibjaB95aYesPxjSQhANYELbE,2479,exchange,0
bc1qjnd40ghtw98rvc9ea4yx6t2ayhy4zymjvwmspf,2479,exchange,0
bc1qvuk5jfmc65k9f2xyu7ug75nn5eshhued4fpyc5,2479,exchange,0
1JnW7pHvzLmiibvZWbHNzgc6amGBpBwx,2479,exchange,0
bc1q8t9mal9vqd3y279pn0a7fe4juxvp3j9zu3jkfg,2479,exchange,0
1c8VvKKhe14AXTQFg84LXsvTXhFXS4HZ,2479,exchange,0
bc1qts8he44k74jwynqx4x9gv9e5p9gdrhelz6hhad,2479,exchange,0
1S9qoLuT8YoZnQBcgRbgJ2bVgQxtcSnG,2479,exchange,0
1bxSE7wg3Af7a8nN34Q4yerUHqtrHf2s,2479,exchange,0
1m5yUsobeJeBsRkKgHTDSPEmBrLseCtp,2479,exchange,0
bc1q9ddsjftacqzwt8q0gnw40zxd3has8cds3tmlg0,2479,exchange,0
1jKFKgDmeyGtrYQvxxFiJQ9siU32Jt4p,2479,exchange,0
1KFFotC54h9twfApbkztdUAdn2qWJvxd,2479,exchange,0
bc1qsxs4ljgk7qnz57rth54frn0hwlljrlx5hwpu3k,2479,exchange,0
bc1qlthm87uglp25lwznkfd5cscrlgk9kf4a4jqqes,2479,exchange,0
32ZUAZws7HLZvP1fhBs7gPEvhRLRNgVQ,2479,exchange,0
3aGjGZuC3WbPMfbXE87FFqvYKBpm3qeX,2479,exchange,0
1yjRTJGHAvJGFWnQpiFzvJw8aXe63tEs,2479,exchange,0
1zDrNvazCACcEZqXwud7DSwpfnTDR3iA,2479,exchange,0
3zdcD3SE1oKySa34Cz1sxDfNuZXHTYTU,2479,exchange,0
1X1fqDmaL4RDP9eNAS9LTt31XTRwHfLD,2479,exchange,0
1pawwMVPKsbkKVer5ZWkXN2KorgMhq7s,2479,exchange,0
bc1qrnpm0x87j9nl6l8j7h4mus40yh85rgaxurupsk,2479,exchange,0
1iVWdvitsqNeMpTfCnkijoQoN3VuVSJh,2479,exchange,0
3H3zFnCvZQQ2TKrwcquRoxpAForPY4eL,2479,exchange,0
3Bn1ivSU14ctcukMDtZJpFiF8a8fZVia,2479,exchange,0
1dnCcmDVafLM4Dcnhkym4moxj4dfT5jf,2479,exchange,0
3w5gmeLZ8fwq5Y7ZA8bddRgbaviA6g5m,2479,exchange,0
3niMSF5sFgYprzHS5EHiYCMyNgFJaoxi,2479,exchange,0
1Z5TnrrjBvbXFmGGodPGja6TP7UCzkJs,2479,exchange,0
3311ZSxw679Ro2dsTrN9GAYTs6c2NxjV,2479,exchange,0
1upG6bsdaFVxCGusmGgSwkVDjmBG29dM,2479,exchange,0
1VWABvPfazCejGHavQmnFjfeSvgqNZDr,2479,exchange,0
bc1qpjyuux33zepd2xe6vlfzhqdjwr26fzn83vm0c9,2479,exchange,0
1jq6gVRKqthUkchTaAMAA4JfDdqjtke4,2479,exchange,0
3PG9mn19o83nyUiPTBBmBnSehCabv6a4,2479,exchange,0
bc1qr202lw7tz9g63a6wha897zpnkq6d6m94rzvyqm,2479,exchange,0
3SMrMng1zgZ2LMYHUxY9TiPz6HCLAGHz,2479,exchange,0
3Sjoc4C24g37tBph7CyEsREUsfVW31At,2479,exchange,0
bc1qyrnystsr7ffh7ree2v2taxlm3mx3jmddrggau7,2479,exchange,0
3kyPhrEJSPE8JxL63V6X34vpLYABzFZv,2479,exchange,0
bc1qnjrapvgc9nawgynd4npxrr07gyk8k2yxtrdafa,2479,exchange,0
1KCuprWpArk6tb2hpo5SUGZyToRpeBJq,2479,exchange,0
35YftJxLCdD6ASQbKhk3q7Ze6prW1WGX,2479,exchange,0
3JcyxUQD64tgChSRNUXPHmL3c1YBkeDh,2479,exchange,0
1eUmqBHxQCgAiC3wwFejnq4mLTnj4qmc,2479,exchange,0
bc1qncy793mjc9qxp0yr8t4ku7ydlvh8r72826gclc,2479,exchange,0
1hpUSeBkx4ZABHcwhEJfV3WZLTVAGYt6,2479,exchange,0
1EtbdERcWjDraPEPUo6zbGUVUxHDPfrB,2479,exchange,0
3nTnwa5HFTVYTDCJtQcsmUFGBBscn978,2479,exchange,0
36VKM11mYoSdfC7fAL7Avk258Hdc1GTj,2479,exchange,0
bc1q4fmz9paj569h29uggnvrt440ylf7xd09xd9yl2,2479,exchange,0
bc1qjplj77a9e366qle62elj8ef2grcdny4d24yx5m,2479,exchange,0
3rCr7oq8i7ym2foG3iQHkQGJoht8Simg,2479,exchange,0
3W3J4Q56LvpyVaviHZ7Jf3hn86qhsZkJ,2479,exchange,0
bc1q8nrkxg3sjgssn40e2h8qqgf5n349907055yw3h,2479,exchange,0
1sA5ZHqrU7yy6g3arY5Uj6QbaGEAQQSy,2479,exchange,0
1WDHRNwHdY3hAUxfwZR2U78qCfEf2UBD,2479,exchange,0
bc1q3d5mzp0sthl79mwvtyvpmfrcvunaexm8mhu5e0,2479,exchange,0
1HMXnNaD6FY3Yo7Sya3dsZ1Yr3HB1wW6,2479,exchange,0
1foA4B8dRtyGVwmdJmKukDUcaoqW3FTK,2479,exchange,0
1qje5kTCNffSvwiyXMVnQiWVscGC5yrY,2479,exchange,0
37jQUCQ6yi54u2bw17K1L7J7vXRFany2,2479,exchange,0
1noSH8BJ5YsVe6gZNeEyKyiqVx2DpXVZ,2479,exchange,0
1ZSrHEz65rE2sssBh66FDp3TdbRt6FGk,2479,exchange,0
1iiN2aZ2GXq7XCpZUVA1x5v4xueRRBgX,2479,exchange,0
37LjoNZoL4isfGPYCVKe351WdWBvDhFp,2479,exchange,0
1vL25o1FgskyjZA4bQyZkdgMntcCjaYy,2479,exchange,0
1oXBZK6HVRAoQL1bSNKNjqpKwF27tmMN,2479,exchange,0
3StWrJfBBqHxojF4WrxHMp18U6i9LgpT,2479,exchange,0
bc1q9zs5eg2g5zux5mr6dz8dftmh68k3pu0xpy8mq9,2479,exchange,0
1vsydWgdaZKEpeMurrmZKHgMjkat8Ecw,2479,exchange,0
17UN384tLGq8HUwR1NBFQxBEEFfwsPfv,2479,exchange,0
1MnZuwL46nfGdqCHP1eZ6B4HbQj8jPBo,2479,exchange,0
3yeCDU6TU2Qv54pUB7NeMqpiiScTpJVa,2479,exchange,0
1HxVVR85Jde7HJy4U4e1Eo9JY7LJK2fD,2479,exchange,0
bc1q95ylvplmgz9qa50fw974t8eh8dkmssfcgqtll4,2479,exchange,0
1jLf9JDagypkzzqpoDP7QYFy9BVHXbVQ,2479,exchange,0
bc1q4ekp3sg5s27x76t22hexznmn5mw5vfwqnw04nq,2479,exchange,0
1JL1969KRV2nbmBib4RxCndHKgCGv3pQ,2479,exchange,0
18XNiqUHGH6BgzVexgpSSMnmmKSW5uBv,2479,exchange,0
bc1qkcgsmnwr2cgtqwuf0k09zw47sawmschavt93e6,2479,exchange,0
3zUfXrn2sSVpMYzUeA6QHss6SZaScFfe,2479,exchange,0
3HymGVWWDrEuQhoB877PjBnvX1dkDVfx,2479,exchange,0
11nkHG4hR9etJbHo18sVWGbeMoWZ4qXF,2479,exchange,0
1gypMT6za2i361KUSpLasp8LMj5DFVGr,2479,exchange,0
bc1qfxhxxy7a286gvqtx7j3f5pezagjzqwcqy2fd7m,2479,exchange,0
bc1qe39uflgrxalxmj7gfh353hh85h2v605a5az82a,2479,exchange,0
bc1q8nqvhrdsayqlp79mrqr9cgm0dl48eet6qzukk5,2479,exchange,0
3homtSVfdFFqzxtR9Pb35Fqk9XsaBmrM,2479,exchange,0
1HXkfEqGQUu76CXhWTdeamwQAgESvMVz,2479,exchange,0
3yZyQpZH57wSwV7YQvAznqcjEeKgnMTY,2479,exchange,0
1PZwCDfcTJkPnyxLzXZQNtYPCHMeFgrh,2479,exchange,0
bc1qxrln6qpl7zvker22nk054dm87fg9qq8k06n73p,2479,exchange,0
1d2sZf8G59ukvKqfXbcaeQwgmMoAnucQ,2479,exchange,0
3mR7YR5ktVeTjtCD9aSHrrXeuFhbjZWE,2479,exchange,0
117rFPV4a87gMdXqNxEKT9jdJqVaR6ei,2479,exchange,0
3VGU6GEqvjiNKVak6KHwGcqfGCE9nGfR,2479,exchange,0
1SYpDVLiGjRdd5Qik2ErGxCvdKLukxJj,2479,exchange,0
3muRRQuc2F57PsEA5LYPruj8PKboYPuQ,2479,exchange,0
3KsrtS9X5XJNwkzwpWWJiuiMi1yG8JJu,2479,exchange,0
3MGRfqQDFtjLKKmGmCTdeYvJfbCeE66E,2479,exchange,0
3iBnT2ZJMGM9kLyTxm2WbbaEURmfSTC6,2479,exchange,0
1NSdGbVWu5BEk2Rb9Fev4sKMasGZMtTa,2479,exchange,0
1yku2qQArLeRS4PkyS5srKHyeKvcD87j,2479,exchange,0
1i1WGehiySk94dgQmYcssMRdiFoU2boK,2479,exchange,0
18gtCKh1ohfvNfswpKkgDnMz4aWnVYag,2479,exchange,0
37wvaeLckFoTD75nXF5dQSUNaDErT81f,2479,exchange,0
bc1q9a6pj3suwwmr6k05renhfmulwy32pj6p44sxqt,2480,normal,0
bc1qc69w2p8ph0f7stp3sne8hn8p5f6r6newamwzk3,2481,normal,0
3mHDH8bfEPyZ5J8QuttVT27tVFQAFRJc,2481,normal,0
bc1qqzwl2hz9zqqs6eh7gkydvuz6cmdytxhj2r9wpg,2481,normal,0
1oZQ6qfKMH4Muv8gEzAJFjAJwPsBT3JQ,2481,normal,0
39mueszjN7vYvkvjDB8kdzBc78WFnsbW,2482,normal,0
1RnSWE9DXYQ5UuWbkLgJvn5KtXGrqpaw,2483,normal,0
19M72tErp55QED81ogFerMsGSASmgqKH,2483,normal,0
3wzp38mgWMRDx3zynbPKWwDcUAiWhYrs,2483,normal,0
3vRkafMi9qdEYnzWwQL4XVGvEYKGrjzW,2483,normal,0
bc1qmgfhc8wp25kl4wq2muwulkr76z06kdtd2dm97q,2484,normal,0
1szQ9kqu5hoCtbmnXN8WNkBNh8PYkU4V,2485,normal,0
1ZNAzWipBYpwEp2WKpFvmy4uqMFFNiwm,2486,normal,0
1roFWdZoqNRQwC78bzWbk1HBaxKepGEf,2487,normal,0
1gjCjMqVKgPdgMCv9fGnkzmfPmaPrhDo,2487,normal,0
1FhYC8VMfRNKbps4hj7DQJStez38TCXJ,2488,normal,0
bc1q06e59gmlcxar0pd6t4z0sxla5c7e5sv4mfcg5n,2489,normal,0
bc1q4gd4nwknsxn5ev08mzz6hrrzfpj2cfuafdkmlf,2489,normal,0
1E9Yde6vgNdi7Qu4e7chEVVv6Psz3NoJ,2489,normal,0
3YifP9iydBTLW1DSBSkvnWF8TvRSUj69,2489,normal,0
1SobWDoXNzCsnWh8VSiEct4Luuu9HJMm,2490,ransomware,1
1vu8oQpBkkJAN9QtehpcaV4RNEz9L2Ae,2490,ransomware,1
1LLw58Jx6e6kfUxEw5KrFSnpNYRWzUow,2490,ransomware,1
1sjf7c4Db9MorSvbyKCzJVqsdVLjUDNv,2490,ransomware,1
1srMd9gj4NxV9TuEqV65ScgeC5bj5M1J,2490,ransomware,1
bc1q8gc0wmavrshzxhulc8st2rs69rsjd2vd44xxfl,2490,ransomware,1
3drE8eXBjXwwtjtXhPG9B5rZTzCCkET5,2490,ransomware,1
bc1qgpugyl7a757w30xtza43v7auz0yywhml8y9d2h,2490,ransomware,1
bc1qcmnjecj2ach9we8wh8ewga4epzq48c2sd0830r,2491,normal,0
1tnffQTncU6eLuoRW56mXsD9hw5rCxNs,2492,normal,0
bc1qd8cwdes39qgayejlew5v94aquvc5vecv957035,2492,normal,0
3bQCJ859GNdAC4Y5bZpEKQLWXMFuZRDF,2493,normal,0
1yPPyjUSWFApSiF8eErvfMLdGQsB4vsm,2493,normal,0
1f6Syjd7GiSxhh6qrqDyyy5ULJDNfXGY,2493,normal,0
19naKFE6xREiDAh9HkS5KwKWEq4ZUUR4,2493,normal,0
3imD5DsF8ggYw7Pv5NzqMWofzUJzokbw,2494,normal,0
1hbFeXJEgtJ8EKTgm8M6XeAYJCXaPyJ2,2495,normal,0
3mpXSspJS1Vg9F1hGCHEFjmKFc4ADDfU,2495,normal,0
bc1qje3wk3hfz6utahptyrxxe4v04dmnnyvgvxf628,2495,normal,0
1KRzWs5bcaSVNkaWAZZGeYnnqbymkLWV,2495,normal,0
1Rt34RSkhRDmLMCGVoZmty6NtPZGAj9m,2496,normal,0
3bhQZ6z883ZXzKwGdgyoGe65We7ENrEj,2497,normal,0
3K2d4koD9CSbCQdLonnG6P7LcG9P2cYR,2498,normal,0
1T6SiFxWTWLumpG2PAujqfw7r611BdP5,2498,normal,0
1GSv1VgvSH21Awat6PQ8u3xi6qagRynp,2498,normal,0
1ktA7upKfmnRXRaH8jM8qb2aHrTaN8KQ,2499,normal,0
1Bran9PT8Ej65YWZXJ5YbtDcb3bDZV13,2500,normal,0
1NdXiKLZtukjrf7LHaD5Zzz2Jc5pDexE,2500,normal,0
1m36N3dWcbmUWeB68JJCfbPhjpkjmWCs,2500,normal,0
1EdqiqJGwNb2ANvaAMyZgk2Pb6GJ4HhS,2501,normal,0
1ZwJxMFeziBqrBkiXq653znRt5cBj5wa,2501,normal,0
bc1qradjcjmqd45rkevu5336z06z2fl5wwwp0l5gfq,2501,normal,0
bc1qxf07np9x08v3ldh76fg9ucfew04lnqwq0vmxa4,2501,normal,0
1EVcMqeY9oi1Fd2PNNJBkhXNPDA1jCaY,2502,mixer,0
1qnWZWu4oqogzwYMvixQFtGEofdviNrg,2502,mixer,0
1n1WAg99sR9TMvgAFsCXuibeGDs6dGQF,2502,mixer,0
1EhTLoBpGvFuGutJuE2i3qspdK6j2yRq,2502,mixer,0
1PvJUm6UrmJtSUbVNoakL9FCQzEUgyR8,2502,mixer,0
bc1q3yj8yjd2tj3kv20ru06vzjv8er9z4c5yapcjyf,2502,mixer,0
1fERd4dqWVKhSheaFDs5tZDKE5sZSQdB,2502,mixer,0
3kTSEH5pYC8jcdt1hzmfVAKqzU41nCvc,2502,mixer,0
1sPmob7ArFpD8AFCZooACLtSy12DmDri,2502,mixer,0
1pE8tdEQiwyHKkauJajUpmLkGN6FjNRP,2502,mixer,0
1XB85RzFyD59dr9GVaY1oT2seZRJnRQB,2502,mixer,0
bc1q05gcwv8ev5yduj6gsgjx0k8f5jmwq0heqtkhlk,2502,mixer,0
37KEwjBnJfLnjBoousJE7AechV6XanRN,2502,mixer,0
11em3xfLdLB7iv184tZdbSiBbGxtGVEe,2502,mixer,0
3rPvBMNFGHXVMxVqMFJZTV7BceSUNtwm,2502,mixer,0
3Zxn4xEajtxNWB72AnZciNfHVKXADUi9,2502,mixer,0
1tQXiNo47PxLzgcfQiBAqo2RM7fwB4FV,2502,mixer,0
378GDawWwCVuU82RUVEDLHUqyR26PpUv,2502,mixer,0
bc1qw3lzeze63m0uuh65nd9dwx0747ykt3rlu8qj0n,2502,mixer,0
1MWK96dG6dvEeyfuLWLjadSYssTb1WL5,2502,mixer,0
bc1qnwwnek4hedrefyz459rmkdj4478ttsl2sc7zwa,2502,mixer,0
3KFDQx3uCKPZ5uHsvPQS593TZonxP5bQ,2502,mixer,0
bc1qgdr3ua63wqv2trmam26jrcspwuxkwevfl6av90,2502,mixer,0
1NdDZGAveS3p5uSZW7pcSCPTtJKnfwn3,2502,mixer,0
bc1qrdd3stu9eu96w4eqf7wc92fr00xt6s89wq8d70,2502,mixer,0
15D6KTwhrekapLVcF76JAznmtxN4NeVf,2502,mixer,0
1BE7jHz7BWbytjZNQLnLMasXNvEGCFXv,2502,mixer,0
1zWHRnsbKjAPMGuF7qnt4AWrmi55SeRb,2502,mixer,0
bc1q099tum89v2vedzj5qrqrt3m8lguvq02uuw22h4,2502,mixer,0
1M8jRPDuPfabjNsqQSYME3wGXz395h6i,2502,mixer,0
bc1qu3zw60l86kmymn96u3rnhxk5cpncdm5atds22k,2502,mixer,0
bc1qluku6r7q9h3shweum3fucwg84p2exeayry82dy,2502,mixer,0
1n1a8fJCDZMVUb7Kgfty6R2GmFKkuKQS,2502,mixer,0
13LJ2cd1mwv7JDLpWpnRV9TYDgBehXk8,2502,mixer,0
1ZDMoh4Y6qRnfGVKoApqT8UQ3f84RxB3,2502,mixer,0
1j1gVbkGkaKbBcm9iriXxLmgJaxW1unq,2502,mixer,0
3Ej2ssmBSSxFULqqwG8c5wbenyk51KQ7,2502,mixer,0
1AE5tjgnr7kujLnpVyz4d8ay4ksuLVsK,2502,mixer,0
1ENaC23rDL3jL4qtr4jJejThZopE1jGK,2502,mixer,0
1NNNa4XYNwLcPsntBXUwCwYknF12La27,2502,mixer,0
1hth3RtvVr5ACevFwuko6zJ3EiWiLNkV,2502,mixer,0
1gLB8KCMGqZwdN3zwsnTQAzXyRmsnFya,2502,mixer,0
39JoBatBiePxWeYLGZLQAwQV1X7hBmqa,2502,mixer,0
1z1a8oZ7H8PngDExksxe6jRXTvwGGUrP,2502,mixer,0
14m7HKtmhAbNL37PwyfaK9tB8RzzYLG8,2502,mixer,0
3Sz9s1V1zrhubsoBKeaa87NVDQZZPcVu,2502,mixer,0
1opWrqbooYzmAvwduTjVHdMxWCfemEHs,2502,mixer,0
1zP3wSuBztJEj9JURRXnTLjMY4LSqmbd,2502,mixer,0
1duPYt26v2GHcGXCCCW4YHCXY7dCYdgM,2502,mixer,0
1qkgnE89iTnfMxwDThjgjAyFmtqprx9p,2502,mixer,0
bc1qpx60f7ay79memzxn3ustjz38u39rjs9t00ndkw,2502,mixer,0
3yrnVgke4nMgoLGfEmndHQt4YgiP32YQ,2502,mixer,0
bc1qt8qqcuedlztqapl643nwske85dvspdtq2wyva5,2502,mixer,0
3isC812afJ3YdwEpPkA2qmsKyo2Ejf1q,2502,mixer,0
3wjrJi3uspGHuQY8GSZuSeRiQFLYwGG5,2502,mixer,0
1T9EDrMHwta8A4u35Lgns546x7hVFdze,2502,mixer,0
1c5qf9HjW1yZvziKgMn9trknnyDjff2u,2502,mixer,0
bc1qvw4rsleqpzl4qvqryrhap9xhlzpz9s5j6k8qmm,2502,mixer,0
bc1q75yrcq86cc0dzq6q8lt9mym2z0qhvjetz77gl8,2502,mixer,0
bc1q84uj7vlyvnkaj7qlqxltc9wyujnzjntyelyssm,2502,mixer,0
12soN1vpcKfWqH99vzYzEuJwuYnrPthU,2502,mixer,0
bc1q5v365azaddaxg3tl603y8rv5ha2gkammv0mglg,2503,normal,0
1cw7YoModtfEUUAnpDpkhdVEhpsJ5DMj,2503,normal,0
1HVa5LCEEzdSAQYXCyJzkYi9YegkweVr,2503,normal,0
1NXcieUGrJFG8kx3KaF1XP7oMJxyWrGC,2504,normal,0
1PdFZMpds1HLDvA744e79vkKKu2adoMd,2504,normal,0
1EuUKT2BimLtiGwTsBRh7i18Hj2mkW5T,2504,normal,0
12S8WfHpRrkm66kFVm1drmYPapQAfvEj,2505,normal,0
3Eb3PikAiamn6pkrRnvhEBreaH1X7NyE,2505,normal,0
1eUUzGLiGVJ658qaMdpmmhiJ24NzhkGu,2505,normal,0
3oDhYd7dA8LaJ3Vhjvf9E4mmbLxN7wPj,2506,exchange,0
18QeVys1jewyv3g9NrYMdE9MwhhS1coU,2506,exchange,0
1CfYuAP87izPoQCJAT1gcV1iUc1WZnsi,2506,exchange,0
bc1q48mt0ne2tuh0zdsr8fkjcap6rhkhqywgjf44ux,2506,exchange,0
1tSNpdkXJSwntFanGLJwhciYTyTJsHFc,2506,exchange,0
3dLp7GQcwzX7DcSxDLAGPzFsUBPRejka,2506,exchange,0
bc1qta6e08ceexlcg2dzy9jhg5wkhwarhx5ct2hsjt,2506,exchange,0
bc1q6lqzczcr0kg9e70knum524y246ngh9mw6esfdq,2506,exchange,0
3mmrrdPfi9aKk2v7fAYuhcYhL27vwzk5,2506,exchange,0
bc1q0wnq74aeql2sjlc34wmpj9asvluacnlq8098hn,2506,exchange,0
bc1q20efkuapzjwcglu8yamvjgxeekdpewkmzj4xxa,2506,exchange,0
1QnsyvdbEnuLEhqwCEZUGcQC5fbCKZLR,2506,exchange,0
37tdwzyHsX3HGEn2LhvaGMo7k6v1v4xL,2506,exchange,0
1fzuVw8KVGz2covHeghkvDxnM4zsX3Cd,2506,exchange,0
3MRgnc8Q1ab4Cb88a5oL8JEH1oXHCqzL,2506,exchange,0
3839TyMpjn6f3DKHarAxkyU5pqMqGEtU,2506,exchange,0
15NUTJqwUTS9617pAk8c8Rj23E9BqdJZ,2506,exchange,0
3EwhMZ4W8xoWUVKTQMWGmG3pDjW3VnTq,2506,exchange,0
1CvRjJnMFFfLtdzWro5dZNjjh7kZheSN,2506,exchange,0
1qAvKYmHKHUHzweRZdqExrcnT1ugMSg4,2506,exchange,0
1yHmABi3EvQfmh3NjAak2yP8gcbbi2CC,2506,exchange,0
1VbUooKK1hpLPMXMT5LU46jGUM7CPVFv,2506,exchange,0
1pgZ6yWw1D6MEkKPuccXkR7yTehEbBFw,2506,exchange,0
1eYuVhdKbCdbXM3y5mCxsi8p5QPC8UNM,2506,exchange,0
1PFB2FybnhkqT6pVTrK8F9XWp8i9SnkC,2506,exchange,0
3fLcb9vvj37a83tSQB82oLAf5eUgUq61,2506,exchange,0
1VaqKLKgQfNJ7BnbUsXasdDnRe7oyjfc,2506,exchange,0
1dWo8kNVCetvGgVJajsKZMGQwVeG3UKc,2506,exchange,0
14bKC37y1nJHW6DmyFtBuQSv5wgZ8HDC,2506,exchange,0
3fxtpZjXuKLCPqjK7wMSJSLZcU73MTjt,2506,exchange,0
1eHKMwLTfTbD44p9cosNqfPPcesmbKdU,2506,exchange,0
126iHmvdGq78UNqcAdXLiqyGJCrwMqdp,2506,exchange,0
193NuCRCzC3BSTRLBE7mhcp9o3LwQGmA,2506,exchange,0
14MU1Yi7VUgb8crKir8Kcm2Nit9s5rr1,2506,exchange,0
1j4BffYY83zrQtTGWUtXVxmuAPxxSzMJ,2506,exchange,0
1LWxhrvJDRC5zz8L45GQr3i8X3mjgVjM,2506,exchange,0
1uwHP8j1JNfwXTMRR1XbMPzLL7iFkGRR,2506,exchange,0
1PkbaSRKt4iMGJLuwhjhhJ2bQLuKzERL,2506,exchange,0
3EXHT43TC3ZqM8wyLxaYuE928tKAjgLR,2506,exchange,0
3SGuxRJDjCtBBMh14AxTtEcKd8s4AAbv,2506,exchange,0
1DZrSXujN7WY3hrfaHsWrqzFFqpLmtXT,2506,exchange,0
3eESAMsCsaK97devNZUhh2pZVSrQdckE,2506,exchange,0
3SkEcWrMk5TfUM8KY8paZveXLLP2GCAA,2506,exchange,0
1t5qE1hvp7osKzBKJ29zWq2r8YDnLRwK,2506,exchange,0
3deHeZ6kDfyfCkAhxcfbWij56hEu5rwS,2506,exchange,0
3V34oBnypK6B3EHwXXSP96r5VAaih5Wj,2506,exchange,0
1kmyh7deNAc7tRafMyzxCQ73wK8ZaJFG,2506,exchange,0
1doGF6VssDa7jeoTzURAoYCcDT3hV3Ac,2506,exchange,0
1KZ7HKbvfe8wG1HVABqdpotkZ9z2pZGz,2506,exchange,0
33rqEEWitzMeJPqUCvdUjmVhiBzxu4sf,2506,exchange,0
3mmoX2mNSoCjko2ZPsGPyeM8ir1T1ZKF,2506,exchange,0
bc1q08zyypxm6vvf74rqm9h8vracpf3xlxqe6ffeue,2506,exchange,0
bc1qnvnwknf8mjrsg5mf3dx59lv6sxmp9kvcellf3w,2506,exchange,0
1HFLTccXghEZr7kc6mMYg6T5QaVF9iCP,2506,exchange,0
1CF4mZWwr8bBXiBiaK3MAbtcPNjA9Gu4,2506,exchange,0
1LwkZggwYXkAWAaLec8pTpLCeokM5JJb,2506,exchange,0
1VibfcZWKCpFgwerBcMogtDAgec8Kmjm,2506,exchange,0
bc1qenjzsj8a6jpmtus9lx5carl8dp9d59mlltyv62,2506,exchange,0
1vxHrc3iwG6XpG4YLdrSoY5qKYoWHdN1,2506,exchange,0
19kyVWy2A7yHLJkzjMjLzRWsXekTPM16,2506,exchange,0
3tpaUYtdC64dzD7N3KqChJjW6AJtgNR3,2506,exchange,0
3QjK8rgggCP8KTu7z6gdw1PK461JBS4M,2506,exchange,0
116cGHhLVRKfrGVxiUbwdaeEpSPt2ryB,2506,exchange,0
3quJcngnyitTi7ECvLwbHX3KdcCrvHJF,2506,exchange,0
1729UL5x5rMZMDRqBfByMcyn79wNNWJe,2506,exchange,0
bc1qfqshtxej2xlzp94tw32ta2mxjafjgrxh2thc6e,2506,exchange,0
1iwSGBB1VqS3McFTvcYk9qT8yJYmp8oE,2506,exchange,0
3g4C7jsijFEFTa3C1nPeeLXAFkXHNtdK,2506,exchange,0
1VmeGJnA8ggVxkuEdX31hQkWj5T9TKuw,2506,exchange,0
3oDLcEHjmajzHEVcBknGz3acv1oSEqBa,2506,exchange,0
1bLbG4MH8sDaJyR9iiv5ajJQdKKJH1yw,2506,exchange,0
3u7cLNPTEka5uaoJzATMW8ZhFgtoXbbn,2506,exchange,0
bc1q3npe6dndmlcvwsnsehcl0nkpmtt0u7qkkgmfse,2506,exchange,0
3UFjbT5DPp1ecx1knopwm8ZXqdEKr4qL,2506,exchange,0
bc1q65xek05aadknraae2augnxu5tt36gkmsd2a4xp,2506,exchange,0
3Hxs8RmbQ8kzDX4eENWLgfTHbePDj27u,2506,exchange,0
bc1qjnx6d8y56pr0vcpvj39xqfjqxekfscm99ucq6g,2506,exchange,0
3xim262VeCetfdh9wj3KX9U2mem8ui1f,2506,exchange,0
19MwLqxa9Kpn5NKpMan5aTUQPHgvRzVh,2506,exchange,0
1hTTybJWyRzQerwCjryE5xzgfisHQDV4,2506,exchange,0
bc1qg5sht2uwjgqgjpxxavcjdf25gp8vt8ap3wz6us,2506,exchange,0
bc1qg52rrq40v69gas2s737pdax6tfrgqmn4xay5af,2506,exchange,0
1um8e3w6H3qrqMcHjm2Ww4rWUcG3AMU7,2506,exchange,0
3sLHCGGx5Y551F2BfSSFAriZYnHKeXY7,2506,exchange,0
3HQZSvV2coCjza7UyhLpSUTrPhBK7iih,2506,exchange,0
1EkUBy5U5EkxBMsw6G2yosaGP4ctZwhG,2506,exchange,0
31vsSySLH4owzE1jcyTd57ZNmMfTkSAs,2506,exchange,0
bc1qx5u54h6d5yt8gk2pf4zc7j5a0pskzrz4yys4da,2506,exchange,0
3N1LWPn7pFZxeJuD7zcMSw4wBKFsErmK,2506,exchange,0
1zSqaEmM9fQsQhoJoRtoPP6rwRx59XoK,2506,exchange,0
1ancHHvGtpF8QJKUqfvHBBprvN2vZSJ1,2506,exchange,0
1zMY4dauNK2ncqocaMc8SJ8BmH29PdaM,2506,exchange,0
1UkNcPKRsNuEsXwFjnfCJom8UpLYiFzq,2506,exchange,0
1MYFKnPByMuXXtCNKZba4386jTUYPyPz,2506,exchange,0
1v5QsDe6wFSrk77FqkaknSdQVACn4cvN,2506,exchange,0
bc1qxl3fl7v3zsu9q7u8wks34zvk0hd9x0fl2f2sse,2506,exchange,0
13ZfSgFqTaQC7Ns3g1LXErSjrfRrYhS4,2506,exchange,0
1F7finKpA6hw4nz8vRtBmBpwJJ5onRYQ,2506,exchange,0
3Re2VfMaYXD8N3MyHbaLrGUJaAuMFBut,2506,exchange,0
1Xx4UavkuYA52hFHoCVQRhDuhfV5T2Hu,2506,exchange,0
3i9FBMGTyfYktGC15dJqXJPK7QpFKLLH,2506,exchange,0
bc1qttwgthd5kn7jdrws2c93h7z7p28mhya93nllg4,2506,exchange,0
19Yu4mxNYQtazQ3yPHW8mV1jKvsgck5N,2506,exchange,0
1QtpWhTjycYwVZhxreSPPkHJdDPCgfAa,2506,exchange,0
1yUHEqB7DxDg7MYZDVefLFgHRyG6burL,2506,exchange,0
1ysp9f3JhHJUXBxTmBUxa83mfnN2BHLp,2506,exchange,0
bc1qr6004egcxqcchx0086w0qt490s23a2dp0wfuku,2506,exchange,0
3uKnqjB4HrHawxkKovdoQPiAmgtD3xMe,2506,exchange,0
3TztAA8QndfFL3nozPdYgLU1N2468ewf,2506,exchange,0
18Pxbz4LNps6gHGY4jJ9u7oqn6QbxGnC,2506,exchange,0
bc1qnj4yrardugqrcp2xgvxs2sae0dcq52nwnte3h4,2506,exchange,0
1eJVo1QCktbwbHT9Uo5WuEZEeeoRoHwi,2506,exchange,0
3wkxnVqdRDdQE8RGvNBFTmroJGW2doyb,2506,exchange,0
1uD3xmNDKzhD1kDjTpLPidpxYDaEgKuX,2506,exchange,0
1cHW5Aj87TSPusocN5ARqnb3XQmTvNLF,2506,exchange,0
365tEJktNqeTXGoTmzyRfMgWo9yDAcPC,2506,exchange,0
11x4xyXb7wysikAbcY353g2SikTG9m2c,2506,exchange,0
14H1mwGSb2RZXfRjyfd6Q7BsKGLgmijn,2506,exchange,0
1judg2bJXqXXpvr6hP7dEVcxdrSaqj5z,2506,exchange,0
1ZDeiQgbq2D6aPx3JiXJtnZSfvBvLEcm,2506,exchange,0
bc1qnwm55n6xzt44jvf0qrf87rvewjzkk4dpyrhvpe,2506,exchange,0
11MEN5VcoMJjNh5K7gRR7Cf24ymr9Nyu,2506,exchange,0
1PCxs33KdcBqGGyV6FLBtbKJPGc8jNKm,2506,exchange,0
bc1q8wg98ckt8kujua2sp6vnynmffhj8xlt9nudvd3,2506,exchange,0
1oWcnTjfYr97d5nqLegVHpb86tP7Xur3,2506,exchange,0
bc1qa7c27jv9x5wxjdnm2tj3hnljjccdmz0zujk6k3,2506,exchange,0
1JEZDov5tgVopKCAMst8wSXkqQjqPFF4,2506,exchange,0
bc1q0y63ytqpga69ecgp3rmdln9t8074ydw87c9e4m,2506,exchange,0
3oKeuEBick6mGnh1iDZG5vhKvojLcAhU,2506,exchange,0
34ZCUNMFcMqNfVCaoyA8j4ngZwkztPF8,2506,exchange,0
1fWj7c3b7Aiiyg3cgoDh8P5zrj8jnRRM,2506,exchange,0
bc1q2kulgs6mxvr6je0ejkjn0q9uyk9tu5ny6639dx,2506,exchange,0
1SVKfP8ZZSbhjKT2TnRTr4zrPxkBbxzs,2506,exchange,0
bc1qat3fl5a6ytr7760ml9vx5qkr08h6m0vc7egfar,2506,exchange,0
1Eds8wx9LoUovZ7LHmpijmK6rSfaqrKP,2506,exchange,0
1uL1S1hu7scDrbHsrSYKYKhr5TnFCwx1,2506,exchange,0
3gnohStwvh6bQ5ruEhjEVcA39iA4GKT7,2506,exchange,0
1mdF3NhQW59RtAA8yP935P1rBVV3EUH1,2506,exchange,0
bc1qnuxjg49y7qn4nqueddpf80tt3uxkqrj0fpg5jg,2506,exchange,0
35TDWf7Tq9pjRBzSrSd9nJBLzkVDZ2mq,2506,exchange,0
3C4kcY3eAHdZuwRoArKCWbKK8tsiy9xK,2506,exchange,0
1Xvs8kRBKqhfGXeh3fwPKWj9iYMFd7dW,2506,exchange,0
38hVPDPKVRnmHxEuiiDRfP36JjBAqy6p,2506,exchange,0
1VJ6EcB2PBHanJNQTa2VDpGW8Rpbkvgh,2506,exchange,0
bc1qmxh5mnkfv3pms5wyllnxz2jyxwl9qgvet9f8ja,2507,normal,0
1PK8dbhfPJUFCq8fnMnUrU2UwGEtTzFS,2508,normal,0
1t3YvSSPkn8V27C1wZ48gsf8FTW1LwqU,2508,normal,0
39YmYzoAP7f5kpoZcTTp1usVda7TdMco,2509,normal,0
1wqQVCvZwiYYoU4RfXpBsVEH1FGESQYH,2510,normal,0
3u9Fyb7qYsLrvHQfWtoXRZZ3HUHA5oga,2510,normal,0
1zH158JPTKudeuUaFbU2B2h9ZuJbbssm,2510,normal,0
1eb45iz11TYdRv5dG9kmpPTCEJ6yo6Lv,2510,normal,0
13Hn8Ea1MmEWdqBVGo5V7zCvKCJp3SmS,2511,normal,0
3U861MneKf6z4prKNy5ahYig7Pogxhfk,2512,normal,0
3F5LZdBrw6GAkMEZCnWmQVXwba2tmANM,2513,normal,0
1oPsbTp3oJyYZqbvdfXZbAaQtqkXTroW,2514,normal,0
bc1qgfsfylcn00daxe3dse5u8drpwkg6r5csvn9qu0,2514,normal,0
1twiAsvBCY6hGqsYzQqd2FcxzCbUqmKX,2515,normal,0
1Wjtz9jMVgykoW4LMKfwFk1mMZ244jdU,2516,normal,0
1KKvEVQnLym38iFS54cHyRubCuPFTUT8,2516,normal,0
1H1XRrMhvneGWWqij2W8UdyF5XyCAaRV,2517,normal,0
bc1q5047xrg7l7txy8srvqv9ulu2ge3devzcq0r7pk,2517,normal,0
12R1KjtUoGaDv869RhMLKabRxNatRaDq,2517,normal,0
3UU7Pm6CYcBcj7qvDTB2FEfBddAPLCNA,2518,normal,0
3gzxvZ9gyxYvJwAHiTn16ihLfBMiHrQo,2518,normal,0
bc1qaevfrfw5kc5cymu4xkwpz3gqzu2srgdxe5l3v7,2518,normal,0
1VdFXQDHYGjJnxutneSFHvyr964qfGE8,2518,normal,0
3s24J3jrmeAUXMU1hFJgS7iZJRcN3vwk,2519,normal,0
119RD2xiC6aN6HideB7G2pKjsHvbLzUQ,2519,normal,0
1TwfUaBkX6Hf1EDu2X4jtpkRvSFLvrrT,2519,normal,0
1ETWbTfMAxkpMJhajar34dZbA44kSdSX,2519,normal,0
3jTEppcreqMMFjfAWiJfSWE4b7p2pj6P,2520,normal,0
bc1qydhtx03p6ld4gws8gs6s3fcplmqpztm4dx4fkg,2520,normal,0
1fdUrJXiRr6EC3UMtNbSZ6j1FKyVkrmV,2520,normal,0
bc1q946fa7ganarjps83jhxmt94l7rjtncuxv58r8t,2521,normal,0
1PDA4sH4FEtK3FXTrGZkZpEMSmyjn8t9,2521,normal,0
1yJ6cffwdfTXcQ9MtYDjGYtcWXTm1KPH,2521,normal,0
1wbmnNsa3DbdhfrGjVJQriHcaizRQ9RH,2521,normal,0
3dfsbJoZAmYXa7YYdG2M3Nr6Ez3LDGCN,2522,normal,0
1ZSNncghRStVAb8RFinyaDSgjUMNNhiZ,2523,normal,0
3mKqi9wk3uGizqSdimUvaazM5XmNCrAV,2524,normal,0
1HHb4QtrDiJvh5N15aundebHN2ickfrV,2524,normal,0
1LEWo82YvwFQzhdE9vodt4Yb2i2QFkHX,2524,normal,0
1DsacNozkEeVNvMPb84MtGrkzvjVryqQ,2524,normal,0
3QBwL9oUpjvVwBmePxHh7pvJHqod9ygX,2525,normal,0
bc1qcy9xm9vtkkldxsx54mlsgt2vnapgtem7k4aewy,2525,normal,0
1n9BhAf9SSK3CLAYtBh9d1dJiG5eN2yb,2525,normal,0
bc1qu9flfc6m6h2mptregfaxmj5pus7lv7nufqdfa5,2526,normal,0
15d5Cnrj9drgZnJiUEJwk8U61B2J4dQ8,2526,normal,0
bc1qpq7epavuqqcs3x8v7r5v2ux0agj5evnrucq4ww,2526,normal,0
1R5eeDNgit7CHEw6ngZbnmCqJHqKS5W4,2527,normal,0
32Dp2NYVbjbt97pi4MVvk6XcRTT6yMu6,2527,normal,0
1k7vDZdLiGqEAj8pZob3pAxsJYTR8Yqu,2527,normal,0
1Y3zFhwZhxWjmMNunNU7CBruPqqGGE81,2528,normal,0
3mAJNxEq4z5Hru2jJqM7162T1y4TkTSL,2528,normal,0
1fMh51Wy7KnUbhgTP6JYzJTJabNJ2euH,2528,normal,0
1fW2cAVrPqbkjZiySq2kmbrW7hhxksVY,2529,normal,0
bc1quvtnauhxnzwmu6ty8d94kj8farz62ykaa8lt74,2529,normal,0
12xQZnaKbTDMp1rDEUkLu3jS4kEyY86C,2529,normal,0
1TgAsZVyyEt1kc5k7Rb6SbZ9eZcv5Req,2529,normal,0
3paoNHKHYKdfCRatvuz6HVw649QyyR7r,2530,normal,0
37CHjFKTEptFaqzp7hLjWLvigThhHyuD,2530,normal,0
3dLHSnLtJS46L7GQYA271xKZpd51wJjM,2531,normal,0
1mNYNtB5foWUNqmS23nmKbRdsoQbRTGA,2531,normal,0
1dy3opdTsj6z8qXXr8iBL1H5JiPcyrG8,2531,normal,0
1WVy2qYr6hHrcjdLy585uAnWnF58URrE,2531,normal,0
1McUnZYXmPvtDPjDCqq58ivnrQQiTvdz,2532,normal,0
bc1qhxsegcmxtfuy9686j9q0ykfuwm5m7tqmxntg22,2532,normal,0
1QRw6PeghhQvcoW15yswBku3nnMMvMtB,2533,normal,0
3JUD7f1H6t77ix4m12RjvWW8UB8QigcC,2533,normal,0
3v7gfD6eGKQMKvJ8AZbkrzGwtCop37rV,2534,ransomware,1
1w8RbrVMV54ZNjtbzm3t94Go56Xpk8eo,2534,ransomware,1
bc1ql9m0fx3kf720655l099sykkrpx0q2m8jpsv5r5,2534,ransomware,1
39HK5c5xes1C1RPDJtPMxfUV3fTxMYQr,2534,ransomware,1
bc1qay0zkr4vw8jyqymaamfyjvcahztgut5yrxgt0h,2535,normal,0
3zEkv9SqzLyyGF7ZqhtEpKtU74eVAwTU,2535,normal,0
3W2LovESDJ2XzgUo2QeGQCL7d5DH1UhR,2535,normal,0
3CisgdVAdpY1Cqr431shzpPbqEpHRtys,2536,normal,0
36d7NS3t8hB8JuZSLWd5CYT5LGKQthRp,2536,normal,0
18ZCG3qckiKmSZXonRAajdpdnseoehBJ,2536,normal,0
3bV79vza1prbaBEBh6TiAiJVj3prXLg7,2536,normal,0
bc1qx6akqtm3g02tdlr65ngg5y2q5zxrkauj54cptt,2537,normal,0
1haqRGLZrPyEonpUrZEVbN6mqTdvMM6w,2537,normal,0
3WDytZg8HbnpbtRkZKLYEYTgQ2NFbHoe,2538,normal,0
19D4RY2XvY7pR8Fmi5uGowGEvfbtfU6X,2538,normal,0
1qQkaxSNbrmBVLHvCPNE64jHHVPAMUnM,2539,normal,0
1zk8w1gAtPTQD29gLrcYmL7nsHdZyQ8F,2540,normal,0
1BM23A2e42NHtokqHrXJErx2S2DVRXMR,2541,normal,0
3WXEFgAJveFNCgWip1XqZnBkFW5RVcMn,2541,normal,0
bc1q8gh3qg235jfjh2tndl5zz0nv6zr0mjce0dqf8h,2541,normal,0
1SmsBiiyz42uxWpqCBPJgjrPB9XZ3wEL,2541,normal,0
1htUwF4gBN6vzmMEsRaVkjviPJ7USdVc,2542,normal,0
34BtHoT1N1G8pcTnZ2fMUrGiPgBpb8ud,2542,normal,0
1W6vb5iax2WxkRrhUg3e3WbVCstPXMce,2543,normal,0
3YWvrkLPQ5h7E7vRKQMy7d3gSPVRENBk,2543,normal,0
bc1qgkltqr32r4j2wxm8wjwf5scpkasgjvsen5jnp8,2544,normal,0
36SdRemLmicfeVZ8gjXHWVt9cfFomjGV,2544,normal,0
1Qs1HKyEceNLc6wA6F1xBNPWiLfQfz9q,2544,normal,0
1uYTP23Udy8JrUSaw1hvvAHhV4UE2fEA,2544,normal,0
1wgMmhNLy6hF8L7PDm1uCJa2tj5LFS2W,2545,normal,0
1HLobN6FYkN9gmPPBjaEPhTsAjZAKUYJ,2545,normal,0
1mfhbzSobX6kfyqDzo3Xhpgy5rqRFG8z,2545,normal,0
bc1ql0upsgz6wp95av2sx0ac6cquxmg7ejk5yewe40,2546,darknet_market,1
1nucx2CmU29hWwN5M95ECJ2RHyrQLD7u,2546,darknet_market,1
3GKwzgearrDC6FsrTFgtFcSqe4SUKNrn,2546,darknet_market,1
11Q76YjVRcxyM8hD42cD7PRU7Gwvn4LL,2546,darknet_market,1
3Mb1akZPDi2Rgf2Eo2uxWiA3s9KBTd8p,2546,darknet_market,1
1zd2R7yNDXKe1MjdZZBum8QFNVANe8hw,2546,darknet_market,1
1XTpUPqrSrgYFkCrA7ydEBxsjPfoBx1p,2546,darknet_market,1
1zdAzwrMKswsgHwByFhMaAqNg6E8wht4,2547,normal,0
3kPiXTxAev718fF86aN7R8TNBhi5yDM2,2547,normal,0
1dW4JGXGcVuhXagXrUriZNWBa9t9tJ4S,2547,normal,0
3gTBoAvEN2xBb8Q3SdtCNPUg9xKrTy4s,2547,normal,0
1jTMmLZwgdSF189ZADZu9vTL9StmwoRv,2548,normal,0
16XDAtwfqzruFqp5J4MA9UzjBJzCF1rA,2548,normal,0
11nNnkEMAVyB1YdeKDBky72kmLzHoYxm,2548,normal,0
bc1qfvldr547m442l5vd2cfm9rv6qen9e5e4tp9p5d,2549,normal,0
33MNnUgwdiHBbgdHaNQxxcbZ5zRzW1vv,2549,normal,0
3CgoXpCkaeCXYg9P24D6FQAZfQCDodGY,2550,normal,0
1dB3vT6hDsN4PWALDzHCtg8JAXZLV9Rz,2550,normal,0
bc1q0ynql6psd60c7xv9pq5ruhvftkd0tu7cwrv9l3,2550,normal,0
1nB8YBTf5Dk5zjD43cLMG3p84iJ7BsV7,2551,normal,0
1uTJhcSnmfXoRTBUyg2v28ryCQctuoAm,2551,normal,0
3zvLXfUKt9UQaSPUixXN2iJFAbc57nKH,2551,normal,0
1AjU4i3HRHVVrzh6ZgnZ3YuPnKz8wrfE,2551,normal,0
3cEFFHr8FMicw8mfMbNKVem7Rui9kEPo,2552,normal,0
1E8dq7KdkKqwGzs4DJREYkGNBrQN4yt5,2552,normal,0
bc1qmk67r90nhrfdtztxk8t6aqy8h6jja0ya86v0nn,2552,normal,0
bc1qcawya30utegdrx8x2ruml3s9y3r9y76qwwl659,2553,mixer,0
bc1q54q29g92p4qsy54uz4uvd2cd025c4zvmxwlnaf,2553,mixer,0
1fzwDwv2YoDNZNRNbHXZdsGQFamHJaDD,2553,mixer,0
3LycwUkmKAmLPAeZyJto1w8hYobpSQKz,2553,mixer,0
1huEUa1Jmmco7xV5iyGFYq5qW96wJj6E,2553,mixer,0
bc1q0m63hl09tjlptkje592hgvsh7ucf97rrvms3en,2553,mixer,0
1x7eJUVERUgFoo4ZQ2x94jTPhkFhWriz,2553,mixer,0
3rxAw3aGcs3fzdRaUxf4t2fPpbEveb4W,2553,mixer,0
bc1qlmzg9s39694g54kr8704mv0lm7y8y67aemu8jv,2553,mixer,0
3UWM25YaHZzT59qFPxKpWFqogGV5pgGd,2553,mixer,0
1UnN1qTkwtkcKzfLQjYxgFGHzcjicMhj,2553,mixer,0
14xvumgwjNiWswDtu9Xv9nztUVCP6SCi,2553,mixer,0
1t25vqRwL3w23JNFM3ogSgH1xKfBXJ2z,2553,mixer,0
3cEPsV8qfX2A8rTAvMTUQDvDB27Bmu7m,2553,mixer,0
11ASCrzM549hYwrp95YZHDTsnUKXa4aP,2553,mixer,0
bc1qgu2njkkqqcamhu5gq3mjz3mavcqfr85d4qqrq3,2553,mixer,0
1fbgwcRDieQUcKX19M5qkFEX5oe7HUyZ,2553,mixer,0
39NUJRDX42GchG8B9c4gXRbdmseTrg42,2553,mixer,0
1UFG2d5WgYg3jrp569fHr782jTEfYhU3,2553,mixer,0
3pbJxo1RzrYhJoPAsHuZEyMigEc4HNjZ,2553,mixer,0
1YgkzNLbw6nfUcRDRxt4FQgsFu37z3mP,2553,mixer,0
bc1qmtuva2zlaew2hfpkdl9jc87y52f6nnwgw2mw9n,2553,mixer,0
3Jd9y6RLeCxmwG8qq49HUUVPWtCrp2zk,2553,mixer,0
1ysv2oj3NotST3dCtSya2hL3H9ZLoxvK,2553,mixer,0
1WKdBC3wSP5xfEBHHV7veSPAGo2gVbtW,2553,mixer,0
1Lz9EcTV1sHeAxBpuapnCwi7xB4joTW3,2553,mixer,0
1Q5RWzwZ8uZ7G7y51yQVAydosw7Bgakf,2553,mixer,0
37h9Qfz64Yo11aYDM7vrHrhFdGxrhk36,2553,mixer,0
1UfsvwST46jiQL9qUZmQzc9r6okZsEcE,2553,mixer,0
1yoW5zFR5kbi2PKU2QAyugwg1CjPftVS,2553,mixer,0
bc1qry7njvql80udxe0n6arhzak0rljrxqly2prjwp,2553,mixer,0
343ELi5n3arKTsAez1MiHKEbHPTjK9hg,2553,mixer,0
bc1qegcjrdnq7gz5mxuhnsexsw0z3yd9s3j3973lr0,2553,mixer,0
1jgZQGmTnJUncQnCDavCaHc6xroYfuBT,2553,mixer,0
1LCVYXScGQ4pWVPHpcyUbSeKUckjeSy9,2553,mixer,0
1WRsqQkhjn8hHsYxamhxXqWXgwfpQwY2,2553,mixer,0
1HxFNEXTCv9fa6Yq6cvQy416qvm2jhH4,2553,mixer,0
3D4XeRqVzGcxNkixn2dFYVasd3JhgvT2,2553,mixer,0
1b3mZJzbQFLDYX3saBUi9NfoTs3nJViP,2553,mixer,0
16XU4t98CFNX85tGurdBZDSWD9GNNPi2,2553,mixer,0
1JsoZeqqhqrN1FZjRXkFmj9RDoCPZJu3,2553,mixer,0
1wv9GLVynh8p7v8oeWVv3MUX1b7fQNoH,2553,mixer,0
1jZcFAdNzrXJtBoYDrLpCYvd6viicwSR,2553,mixer,0
1S6ATLy5PXzSVqtw2JrisB3My1gef1oc,2553,mixer,0
1rPB8ywA7aaxo9qLKzDxK2vCY4m6DvGu,2553,mixer,0
1sc3ZjL2oxZMCmejquTX1tSM9kSKDd5z,2553,mixer,0
133EGj5r9ZGRtyEpv1T48ENPPoRJbQ6w,2553,mixer,0
bc1qy5qrrawax6kfs8t6c2vjyr7m8dmeesw204l4ra,2553,mixer,0
1fZnKsjndphkQUQfJLEEqQdubod8n9w4,2553,mixer,0
1wDSax2j3Q8L4WW3FsrBs6YgNMAFreGm,2553,mixer,0
bc1qf79xzlsl47vfgndhue64hrpepzq3fhkqeglgz4,2553,mixer,0
1UFUow1ihZ6Rq6d2xAZvQSUVDhuz1yz1,2553,mixer,0
1UqbE2fXvCuEJfuy3bdJUgwJafLYmicw,2553,mixer,0
1h2WSXqNT5ZHKiGmmedvsBw6TeZ75SPA,2553,mixer,0
1mbJtn9qFsFW2kqDD8krKWn9Qddg1Biv,2553,mixer,0
bc1q294dghu2a4fq2mkgza4yvxunffqffuxzkv6766,2553,mixer,0
bc1qeyyhz8nrad7etwnektj7a06z5450mw4q6f6q9a,2553,mixer,0
bc1qw9a9wpkyz0n4r6e5vsg6cpv8jy4qtlutzxcgx0,2553,mixer,0
3keVQJX6vg4ga3Rsd2Pus8YUsBw24EAW,2553,mixer,0
3J1rEvh8bmc7eHxM7kEBnUQNmo7EbmuJ,2553,mixer,0
1W1ZnpqYsYVq1bg2CShsdzkP5KpcWx9w,2553,mixer,0
1eg6eLcXJ9fjUgH4NzMDzi346DvgHqsP,2553,mixer,0
1BV9x8LvQ4V6A6zQ2iVzVK81E3dZduCv,2553,mixer,0
bc1qacpzyeg3hshxyfsndr2vs4l6af0nadg7cp00fl,2553,mixer,0
193Ma67Pu6mszLvXKsJD8n6jZBwvMKDK,2553,mixer,0
bc1qf88u52lszxy67ukfdqh2emmzf3z630kgkcwpcx,2553,mixer,0
1Pcm28XiiNt4DseTyPyday53G84gsrfP,2553,mixer,0
1UTxrPHywpn6cAzTYQRXKjXPxnkfjtEq,2553,mixer,0
3gtEm5g7HwS8RjEfiK8H2175rLh1Cf14,2553,mixer,0
bc1qx8r8qexaz3nfac70ns3sttlyjhacqnd2j4xm0p,2553,mixer,0
1XbGyBwUXiYUKSFm223NMwznX8RyQMag,2553,mixer,0
bc1qx4g6utz46hsqj523639wmqrpz05gkfggeq3q3l,2553,mixer,0
11jCd8PBWsWz1BwdatJmMBPtQEuLqq7M,2553,mixer,0
bc1qj685u70tgrwp6zvme22luptsjz3fjsup6d0cja,2553,mixer,0
16NJmVn35PjH2ZAiwsqpPFoZ9HnEbM4z,2553,mixer,0
1gfjMJXkXnphkRd6G8Hfmx2VuQ3Q5xmJ,2554,normal,0
1k7boANCC5SaEtXTAk7L9NMWciNGVEHZ,2554,normal,0
15xM8XUM3aNHKexHBNazsMVUuSzAnkXb,2554,normal,0
1maciupEaiL78AS9xysMsyHCLLZNqG9Q,2555,normal,0
bc1qe5fvj266k5u6w7uk2xux296rmr0et3gjdymnq8,2555,normal,0
1bMAsBoxy6uZCozia7LSXpVSVudTU6ug,2556,normal,0
1bva8irtgWP8pzL84uBesN1Xs2qfk4fg,2556,normal,0
1XkHkRgVAFiFL3mvUuYfj2U65CcmGEjH,2556,normal,0
3sxJrQWgWBnnWhvFEUrMHoxngu83kyPG,2556,normal,0
37gcQpzMhjARHi1aqD5ntojN3xPZ8u4f,2557,normal,0
11K4JdeR1aYjFwcsEAYULCdQEkndHsrp,2557,normal,0
39vcbkDMgHVL9kpy7S9JdgaKTnBCaPGQ,2557,normal,0
3LMohTdgDWfz7CQe7ePbr9YVxj7VjWqS,2557,normal,0
1ETxedLtVr5P4yDAgNUj2vFWELmzyUoN,2558,normal,0
bc1qm688nvk0cc4ndny9fj2h7h32ppa53kgxp45fps,2558,normal,0
bc1qd95g4l0npyf5qsd8cd6frx8qhdetad33y9p7pl,2558,normal,0
3pmYyiyWwtVdaydP9ujcqeUbopVodaQX,2559,normal,0
1GPcBqgQC8JGYQtRo5tkfisbZ6UMf314,2559,normal,0
bc1qc4rdl0l8s0jtvevy3f23h5jgunqw8zmvnxvfap,2559,normal,0
1XoraYWmWzUkkwqDWXz3dwYyPBXTxzTD,2559,normal,0
1Uz979si12gYah6HTFsQkMBSKAHTsE4E,2560,normal,0
3kR7dfwLgVXbm2ekf3EQnHdmK2qwtwSq,2560,normal,0
1PpjH7nuKMfpGwYLbJrKuhAzNu4x7RYF,2561,normal,0
1t4Pkpp87gphzush3mzeJ7Xb9efpoxgH,2561,normal,0
1AqMQ3ax1EP9a1S8TyvZG5H6wsGxgfHT,2561,normal,0
1VufX9A9Rai8CwTWKRLVio7BACySnbbm,2562,normal,0
31kWLcNu5ZnHNV6SmjWRa5R4zfQb1gAy,2562,normal,0
bc1q30vnkxpcs7wygu8ks00thvx6g5cdsmtfcc2uzh,2562,normal,0
bc1q5pwacejzx2t8w30tjmwcn8f3wj8vhwh739zrwc,2563,normal,0
1ytuJShaAiwb9zGDMcCudNyauWPuvp9W,2563,normal,0
11hy6qGM94qu5DGVcvSzuAzS4JnQcKHa,2564,normal,0
1BovFHEo5ANxPxhKz5uxEX1xg4mUY6Ar,2565,normal,0
3SnnHvsU1UoHpLL7qeriy9zLZUNaAhj7,2565,normal,0
bc1q2wln5lyqmptzty2j7z8xws4tsjf49jd2c8k2zs,2566,normal,0
3NtVCchKv5qvRstDrAYbPTeehz5NJFBf,2567,normal,0
1wdUTmLQpy748jw1SyPSc8ELa8umJgW6,2567,normal,0
1kEu1BU7o1m14Knw787rJpmSzWTjLZr4,2568,normal,0
3Gkg1App2Lh3LNE4y7xYX5RDuYSdV3XF,2568,normal,0
3Kxwvm3QPabc7qyiZB6VTaTb91j5kGUp,2569,launderer,1
bc1q9xclzr2733yq9w8usf3zy3zgjarglarkly3u2g,2569,launderer,1
1e3Lku55oU5wmsmmUfHoBH36aGp6Y7Cb,2569,launderer,1
3ZbgD9CmAWRxeCHPrs6p8jgC79XVpRW8,2569,launderer,1
3xhrvCatdfjKmUnrh6t9JDpv6vQbxkgE,2569,launderer,1
bc1qzc22nx95pseg6lraqk5v6sx79tgywdfnwccy74,2569,launderer,1
3FZyL65hUwQcQpEfoigVzExi4eRCed5f,2569,launderer,1
1k8fFrn8Qbkm7mLe7dA4m5oyR8ZwWR8b,2570,normal,0
3vL5aTatVzVTp553bYNJwMYuQ9AgMDD3,2570,normal,0
1HQbzewU9vBSfGTNuywm7aDPPjn2Ub4m,2571,normal,0
19pizSp1DarqAfEHe4zSwsvDPSgKfQDD,2572,normal,0
1UHmY31FmXjdB6Mt3UZfNsKpAndDMn2U,2572,normal,0
bc1qf8hvpma4r0l0xeap5emrpfpmph9mj2j85kj3r0,2572,normal,0
14rjE8dtue6qcne1y4EzAxciSj9abHSu,2572,normal,0
bc1qssmdsd4p90wqqheydpxv7vesf7cn7p7f9xkfpm,2573,normal,0
1qApBW8quiNRwJexTahC1Bq3NEQWWm7W,2574,normal,0
1Wb6qrvr23pHMsjeZoBFhUns3vxRgFSE,2575,normal,0
1rHuoJBT4LAaq1i7G2UjiBctPS7wmQxP,2575,normal,0
3XZ8nDYXKmxWfzc34CTHxXF1LuaMdenm,2575,normal,0
1FUDVjNQpAZuANFSzMyLoNKSfUU3c5yW,2576,normal,0
1U4QEen8VoL2gddGuq85jxrrb1PqJ7Aq,2576,normal,0
3p1RHUeje2u7e3qtuN8dyeKUyyXH9Tyd,2576,normal,0
1ArHoUvSD59WzC4FNgDQNsT8XiPDYNLJ,2576,normal,0
bc1qzl52mhewdvvadzw0q9fu08kva7kx0r06ac7s56,2577,normal,0
1oSoiRrr1DCSnihk6k6BwMAd5cchpijP,2578,normal,0
19tHs3HLqqMre6KQFMmcnYnwL2taKsBV,2578,normal,0
19GbB8XYZqRszYg2v2CERqNBYdhZGHzE,2579,normal,0
1CD5dqhFXPZjjGRNTtfxruuJhmu4JbjD,2579,normal,0
1mKXujtpoxKgT7oGnZRyTgi8GfR6FTF3,2579,normal,0
16aEWV6QEXP9XQNjzftk1iX3TtpTMDWk,2580,normal,0
1mfLRd4GZ7NRNw2gEo5B6th66H1t3Njk,2581,normal,0
32FAc2Lh5DCNLVUULEZ3p1trp4KH7jXF,2581,normal,0
1oMNpou7Xg94GMsMSjmWNCErvvnKDxdN,2581,normal,0
1yGYJuBagQz1nqRGehTuBgzn26VuQVdT,2581,normal,0
1a5MwYdhKq861GqbUZrcwbshuiwbnYQZ,2582,normal,0
1ha22LC8gkhsXLXHhNpEgWZCNnors4PU,2582,normal,0
1Dqz6YPZs8VCwCjyVfA1Ybc2fL9rxg9W,2582,normal,0
1gXxde855jQZh2FfVMzrnumd9x1KFhw3,2583,normal,0
3raFBktBB4G3Xby4mW8tzcELCCxXrXq2,2584,normal,0
1Fi5pXZz2KtHVWEBGMSdba5v3BwBjh2q,2584,normal,0
1KnkNYqc3x72k2cLsPvuq19jqXB9FZMG,2584,normal,0
3rRaiVn7paG5gRF4SQ2dTWzU3g4VkfT2,2584,normal,0
1MUJH2Yt4crTLk56xAwAYcgvE5vLuwAQ,2585,normal,0
18EtkJCNxemuHjiK8BWvSSEa2tzf7KyN,2585,normal,0
17JJeGANnyZp4TLhMJKfo9b3mkQxno93,2586,normal,0
16zZ9AtjJU94ngEzA3mDWkE7v68PEj7F,2586,normal,0
bc1q4rjgaa3qp32hzaxhfrkkwxkeqrft686xadderg,2586,normal,0
1N1qrarFnf3ahukUaGKLmvofynLhT77h,2587,normal,0
1Xp3rTEsgJwAmWgcGAvPu6BhYNrLZbJx,2587,normal,0
1nEJE9GdNdzBSq4LG2hn6aWbNbQaPzMY,2587,normal,0
1zFfe8PS5EhH68Y1AZaKp4FfVX1usvjR,2588,normal,0
1AhbPiXE7ZZjoymUCEGePnqeQdpufq8o,2588,normal,0
11iRPTMRmQydnhe72osmUP26g8piXdzS,2588,normal,0
bc1qydtykzxnhpraqlfzy6kzlvjy67jx8mzwfyhjm7,2589,normal,0
1dgJoaYyAgwpWmbg9neFjcHudW4oS6PD,2589,normal,0
1zspWbvTXMRkNbDwqR5BvaqJPuQZmFEW,2590,normal,0
1L24F7ibZgt84MKYsHXcquRnqgh6W5Kq,2591,normal,0
1HugUDzeKSp2CaPAUDkjkbHnWbYM6hnq,2591,normal,0
16p3BeUR1JYwWxMZEwRBuizaUaFZzm2r,2591,normal,0
1UBxQ5vc4VuF347UUpHznWZ9dYRMQjMk,2592,normal,0
1RncAaTMcH3bFuK27mJQuwz8WfkHAnok,2592,normal,0
3Ro8jawS67ZPMuKRK95uQJgU1KSPS1h5,2593,normal,0
bc1qrzeakvpt2njkqlh8mv9we3l4zq3wwnnfemu77k,2594,normal,0
bc1qyq3pkx2lnlejlcdl22zptwvu4v00gwjm09tt3n,2595,normal,0
bc1q0gjendpgju6jtndp6739g53u868f47e40ntpkz,2596,normal,0
1YJSxm1AjzDz8NBo9dpHgZAqBKeBjD8E,2597,normal,0
1X8JGVucRqpZ1txkaLFJgNDqpvFnVYE5,2597,normal,0
1ZAh5jj19uT31tEfZzcatACGC8jWa7rJ,2598,exchange,0
14mGup8BBDjG1tv9Crcc84fnxUMNkeN5,2598,exchange,0
38cskPpNR3Pf5nqBQwbkKWUgMM3kycFX,2598,exchange,0
3DTBEKXr9Ms18ZLdPZVn8MGfmejftFRs,2598,exchange,0
bc1qd47z4nu789rr484s4s565ht3avp6hyt6eqgfpa,2598,exchange,0
1AX7uZiaTFPMz7n9LZfiBtnRSCk5QkLk,2598,exchange,0
1dBkqRroJwr4W3L5R3equFw8RJbXUwjC,2598,exchange,0
3VDX8NT8Lp8vTpn5Zd5G5Sz4qd5Zuv3Y,2598,exchange,0
3Ek8k5rsYq2xa3yJBBGVfbgVWFnQeZ3u,2598,exchange,0
bc1qax5fhegr8fgwse3mfrqece7cgpxv085uk6qrnw,2598,exchange,0
1FAo4jpPxbGxPxyST5uM3yA9QguyjDMg,2598,exchange,0
3YTKr4V3ZaXgbmZtwanCNDJLq6qedieQ,2598,exchange,0
1gzsAKN9XHQ4xNL4AzNvh8twhTnyAMtS,2598,exchange,0
1Z87b4izKVNM4HTwvPcmXhRbAYdQdAV3,2598,exchange,0
1cD4pQjyY2WcEKwYJwd2uLS9DXrscc8H,2598,exchange,0
3efK33LVQ3E5kRge2y9AAAmcz2bgXhtg,2598,exchange,0
1F8Qma2MnLnf3ep4yL8TewQBfqjvEU8T,2598,exchange,0
1SUhvP7YtsKg3wZAsnq8pqW2rFLEWe2B,2598,exchange,0
185cmE5PkTgb4MtDTt9JeTWCSLELedHk,2598,exchange,0
1co9oFz5Xbq1eZaFRoapRT2StxPpFjmo,2598,exchange,0
3ixcBCY6F2hAU4EJQ6D4Yaho5pscheR8,2598,exchange,0
1UK5NYLh2hDRZEZcnsnTpTc8yfeukNmg,2598,exchange,0
1nkUfFrVXuBh3QP5bY1x2LWwFiNbcCzA,2598,exchange,0
1pxb1bWVFeY8VL3c6WfJHBLSMzq8Dk6B,2598,exchange,0
1rCE1ABzk8931f9Lu8E8jaJHbZtrN7uZ,2598,exchange,0
1vn2CYPb3nw3cfKfYd7sahnTbLyPNsN7,2598,exchange,0
3WP1gY5DZMYw4u8W6HnNVuoWxysgH81K,2598,exchange,0
1yWwZpqdRALSB2KMQzXhj56p74VFcZed,2598,exchange,0
1JhjztzhRwE3Gz1VjgjAhrJooYU231Dv,2598,exchange,0
1qmMiQqGPFVRx8MkENN8ktEfRe75GHQ1,2598,exchange,0
1mcaphcu7g3zTFpxfGuRw6zz23eA2PPr,2598,exchange,0
1Wwtn8puEZGjTaSJaao1kqXjstn1Gtmk,2598,exchange,0
3VXYCMKyszgncQSBgzHkiXW3wK7Jumyv,2598,exchange,0
175dYD8FHfoCySDYVTaiYGv1oXb1NEN1,2598,exchange,0
1qsPHVginF6ZfXuRZMqENZoP3LgqRP7c,2598,exchange,0
3SzwP3HFKN9hqKMuqwRUT1zHDuAGsTS9,2598,exchange,0
1aZtvT2b6YSnnL5mcKikQUFNnLfc3na6,2598,exchange,0
1oTF5wZxB3aXg6RC79k8Lxs13njbUvdr,2598,exchange,0
1WexTVfYatb6XsfRpSFbUnBTvEo6b8bQ,2598,exchange,0
1dpUzb8UGYtRS8XyvySLAFmdy8Dq5AsU,2598,exchange,0
1ptTM1KhJdQAnMgUAhQvCxEBg2ZGfwsi,2598,exchange,0
1Rb6hquVdDKjUgSfLtf43phRPpzVuxZP,2598,exchange,0
16GpXBJEVikVgQYEuasePuLgfAtmdeuP,2598,exchange,0
1durTdcMjDQu5rwtDS84kqqWMHh5DwAq,2598,exchange,0
3kXjgiusMBKCpNJAfkk22UeNp6T8b3Ve,2598,exchange,0
1cxMwqqRYyrq8msVZuWxYN3LXR2X6cSn,2598,exchange,0
1rWouyoFrCbG7JjBct5CPPkEjkgGW5hS,2598,exchange,0
1jCvhwhwCTiy73Hxb9TtVkgWQmVZ5zp9,2598,exchange,0
1tU3p4cpYLEzCcnFehCSnHjeqcScLTXQ,2598,exchange,0
31QSQtn2XGWWStiwwsVvwmF7vpC68vbQ,2598,exchange,0
3JpY4swBCprdkVEstNBuTu2brXCrzrJc,2598,exchange,0
1rhs4qWivWM1B7xxFicc9C1AU2Nv5yDW,2598,exchange,0
34uymmRjdUR77vTVYKuVCpenNCSVEP44,2598,exchange,0
3qwD3pHwNgMUcd2DZtnwHdWgLmziwLUW,2598,exchange,0
1xamwKHg6vR2Ek6Gnm43hdEDpKouZQ5M,2598,exchange,0
3ZjvGocfQ2RsJ6kejKPrJLp7pgdE7AGw,2598,exchange,0
1wAmk7Y5GQJ7WTy5UJKZMeWCs8wc4p81,2598,exchange,0
bc1q3x0dv9j54ug6up8tzrxs6snlheh7e4u62hrr4c,2598,exchange,0
bc1qwc3uywz8h3yk2x4vx63sh959lylrkedn5hx9ta,2598,exchange,0
3G5iKsgQDWYe6cEZEoS15ykiN1y2HJco,2598,exchange,0
bc1qy69le2j428mk3krmrxjpdxqvmsh6504azsyjz8,2598,exchange,0
16XkqNokyUvmryfhEzX5SDiRKTPncAKF,2598,exchange,0
1uVLdrDQFARwD16usZPSvJqbwvY8znDt,2598,exchange,0
17pgHi69N1ozzLcnUaF2kB4AMEv1xe3n,2598,exchange,0
3e8w65KMRicLz5tzS4h7WB3AwyGTGsG2,2598,exchange,0
3fCTd5aCNSKzMkCUU7eu4Np6tSpm8yWn,2598,exchange,0
1K2X85Qe7uDqsdTqCnNa3Psy7RaumB76,2598,exchange,0
3uV2dUmupTsuDAVzUZAcY4c4VNU4ayM7,2598,exchange,0
1Pw8sn6Bna8Q7GPYKCpKHk6KRuiYLaZi,2598,exchange,0
3DcxyW5sxp4TDQQm9HKM5E8v1cga7m7T,2598,exchange,0
3qBnXA6TkBUFUu17GViba97eDgpVcmVs,2598,exchange,0
37EGhmmtxXwiKb4T2S4AL1zp1cpKTf6K,2598,exchange,0
1oRsuGkRGqUjrUKePmXjwqJzMQ4tpHeB,2598,exchange,0
1YwpBMbaoLCHqVLixgJuBrv4kwZjJ9EW,2598,exchange,0
1RED9QeCvkxNH3sgLMEPnTrwFVY3zBUR,2598,exchange,0
1TNz3feEijqjuwTRCgPKGSK2SAJLNVyf,2598,exchange,0
1KxteAQrUQmEsNn4WCdcBsrpLEF4JWkd,2598,exchange,0
17HR5yDSjqDaLkGxCCTGVKFUCELhPqs7,2598,exchange,0
1bGtjL6NZi5SRjCQofbH34jPETuAab68,2598,exchange,0
1ejbbx1DmKtezyWr432B3TLo99LaF6y6,2598,exchange,0
bc1qhdw4jy8n0qqpl73yqadpx5w9px77plq4wk08f4,2598,exchange,0
bc1qw5a3zdvs3taetdrta3svqulwt4z9knwqa57ety,2598,exchange,0
14nzHENXHWXPHjjtjjQuZ6iwMD3nUj1t,2598,exchange,0
1xm9sGPkGRV9RagjduRryG9KewBwFWqg,2598,exchange,0
1N7hD3jgR4UrWtiPsgxkNvg6HeuYwcp6,2598,exchange,0
3g9ARWhwqJmKMSmedGA7ut5gDrsyXgmS,2598,exchange,0
3tpqt4HUCXm7N3ZpTiofS7bEUq6r4ZtU,2598,exchange,0
bc1qqqk9n4jht35k5v8dct300ulx3tqqketpp8tmw8,2598,exchange,0
3nz2Z3h9DhjF2D8gr4qZ3HHzpBVuzEfm,2598,exchange,0
1fULi4PE42GStzdY3Pd2RJBihMyUyNXr,2598,exchange,0
1GRfrK78nRm4nuRT7EgV9RExyynt8qVT,2598,exchange,0
1q62Y6C8m1mR6buAgxHSWju21VMHJqZa,2598,exchange,0
1oTMm7ingwiZZvhwhjRwSSZeQHuhx1Po,2598,exchange,0
3kjRcwR19mSKxFJP9uhv9NJZiEKgN5uG,2598,exchange,0
1TVXJyFN2rGjBVe46SBrUCsu2sspdsSQ,2598,exchange,0
3TSVufBbADojjU6fmyiWJkTvotPngZth,2598,exchange,0
bc1quwvznj59vzuaaje5h7395sfnl0l4cuzs6t8z46,2598,exchange,0
bc1q33ckr4dpk4dhkm0t8rwzdlgtk7j2ztn3xuyetj,2598,exchange,0
bc1qdetlzyrqme46gz8fvlsggstx958ztzgfdspyrq,2598,exchange,0
1bAjKUHtCtRX3fhURqMNR3B6ZhDDyMXZ,2598,exchange,0
3HYy8t2jZQZdZJxJBNaDtDZcivHaARBn,2598,exchange,0
1Nxaecm5zLxaHbhKU74xtksFaaC4Y7PF,2598,exchange,0
1U51Vm3WKkvaTc1CpZuhYydNdgBBBiSD,2598,exchange,0
1TamwYNyskCVaUqHuCA6MuQpZVsnqj5e,2598,exchange,0
1eLRikJaqqJLSpmHsnToUrQ8Ri2eouw7,2598,exchange,0
bc1q99g8ck3gyxjc72nswxvfx05n9at92mrfl3p7uu,2598,exchange,0
36bSE3u3DwtkjZb2KMnSc8BtcwJHtWzv,2598,exchange,0
1R2iAgtjpE9FuqYtKr33bL4zsp5os54n,2598,exchange,0
12AfjsVYBWD7Gg7FqPNMFZ1KhoK33LXG,2598,exchange,0
bc1q2kg4pqyxkdxtujmpfq74c04qhc23g6rzfju8s5,2598,exchange,0
16s6nFGExNaW2fEi28npoKqpTxEVcAMA,2598,exchange,0
1hxUNAK7yLpywRVXEznNNSUHsAkVxDtm,2598,exchange,0
1DPSHXxRCnYg8VqjvAvb8z3mdQ3X7x1o,2598,exchange,0
1dSA4dMUX667mScRwgvXcQb1Wt1HAcXL,2598,exchange,0
3dDWuxcbyZomEhCWNui2tFXToNENupKT,2598,exchange,0
1TbiqGVHq5DQhKjbEQyugrm3Dsx8SPNu,2598,exchange,0
1ik6u4WKEUrn59sAQvQjrkMH93bW22Qx,2598,exchange,0
bc1qszw9gpzyjyvvamtw4h5sh8jjrajv3uykz9g3tr,2598,exchange,0
1DTMQgWzc9C3pXeLWDVQ7JCvoBS9b3v9,2598,exchange,0
1EouHc7BbjTqmXiNhpYcQADT9rNDCoKb,2598,exchange,0
bc1q8qtzx8zkwt9rgvcwexquttn9h0cpk5sdpw3umr,2598,exchange,0
bc1q8mxefhlfugzyakddflhayfp6yam0e9n4gw47jz,2598,exchange,0
1SSpo8HvUN13NgVN4dfh6xYiaAH2wkN6,2598,exchange,0
1uqmvPEBHM75oYSKfWi3ibFP2yBd7HKL,2598,exchange,0
1ebDXDu5zvKmQHZNRu2y1funPFoYhH73,2598,exchange,0
1HSUigFeXryLAGwUU7Nj92Z4WGizxyFQ,2598,exchange,0
bc1quszknshlr72na50kduzcj4vq85vt55tq0r7vyg,2598,exchange,0
bc1q7meppydxt5mphg6rgg7dmnl6rdx2n406xc09fp,2598,exchange,0
bc1qprhwzsfnfvrh262fuwhj73ef07djdfns28drrh,2598,exchange,0
1iVfK4LhuokXnJxS2ZT8hmQ8mWQdTK4j,2598,exchange,0
1Y5vExZ643sqRourvJhsxnAga3AjTmHB,2598,exchange,0
1UqRhkvcb8oB9DZDkLUJuckugmaLSYRd,2598,exchange,0
3RAsPDeePkjjDnQ4jovpQkzkEpULdD5t,2598,exchange,0
3q7vLW2WDezgyafbBymW1s5S6GbtGNtP,2598,exchange,0
18h2iY6vJMYPqt8f1ibYotJacbK9KXwE,2598,exchange,0
1NjgrzF83tmYDbwAXLb7zijdMtR5r35F,2598,exchange,0
14mrnimc6YsyQ2NGgnDghfM2LpqYASXe,2598,exchange,0
bc1qnvjkpzjsxh0c30sq924dr8fxtllg3zqw6jrufd,2598,exchange,0
1H75qjYJQfck5Zr1HVj93iorhAYE1dYh,2598,exchange,0
3dVQbf8QNBttyuu37TCjgVY9xwFHNikZ,2598,exchange,0
3BCauytKLbLfqaw5NMsMeD26EUQ9AVe5,2598,exchange,0
1sFAbzSCUwwUDxMs3Npp5m97ou58urYW,2598,exchange,0
1yj5bx6J5Fv3XpV3CbavNZXRMoQPt5AD,2598,exchange,0
1XE9REGFL9S7LhtmLTmhJhDJi7cgj9U4,2598,exchange,0
3CYRC2LrLKhrS2iJ7n8SYcGWxcgXoQUw,2598,exchange,0
1Xzi3QwGvxrmZeNAHYnf4s5rig5PfBnG,2598,exchange,0
bc1qxr5chlrsa8pnv56n3934wp9gr86nyy7jy6043d,2598,exchange,0
1FZS1fomAZCz1sykHMfj6DCvfzcsTJ22,2598,exchange,0
3ZwiYdPyNWrtgBAR9Mp9PMNQaZTS1xdD,2598,exchange,0
1hzR9oL8RAapjDxAoCeFMasLRvf1G9Li,2598,exchange,0
bc1qavrdmuw3cjh9dkmekreqdzzvcyra0e34yag7ww,2598,exchange,0
12SCfYn9BaXDcnHN57R6H7EztunNfjXU,2598,exchange,0
1RaaZcmEEvsgzAVhL6x65CNtKyuAXyqx,2598,exchange,0
1LEyqRWXW9NFiYv8QTx9Ge6koCjLw6BF,2598,exchange,0
3SZ3uhW96DaGmy7PGvCgfyBys22jyjJy,2598,exchange,0
37z3MSNti6Qisw5diKPAFSskbZHLUK3p,2598,exchange,0
1Kt3g2DBRyAeGygt2hmGLxHMn7FbfN2v,2598,exchange,0
bc1qdx0xr7m5f6d5hf7g9der30wjsmvn0tvr3zvyme,2598,exchange,0
3yWzMZ1BxJtTCagJ9iMT8V1PM42VZMBx,2598,exchange,0
3mTQHujpuY9xGtr8dQM7p9E334zMVAF5,2598,exchange,0
1bKmcDvi9J6D9gzTnUzxVsvXYKtBsW1F,2598,exchange,0
13UcPMCrKjVbE47ENeqiWF7B13gjHWcr,2598,exchange,0
bc1qw24emy7ry55ajhrnp8k88edjjpvfruz2agkng7,2598,exchange,0
bc1qzpz9xw7etak7y4tx8rj99xet6uw28qlgqj6q4l,2598,exchange,0
bc1qntnn3zvwmvp97ut9eqh7te33cteqn8wsth9wdv,2598,exchange,0
1yRti8qdxGrzp61i5oWrAbBeCxw9chny,2598,exchange,0
1naoyzr5UYk8HjnVcWnhQQ2K5xsZix92,2598,exchange,0
3QPKg49JTbW5tU3b38PYL7N532CGMqDZ,2598,exchange,0
1fKFa82UefJ3kWFGhFYcpQMb4YbCiZRK,2598,exchange,0
bc1q933hzpuwvfk440pzp8zxlnvc24nhkdrhh9sq4u,2598,exchange,0
3vEUTParx6eYSZCkNKXhWjAtDvTac6d8,2598,exchange,0
bc1q3y5pg5zcg4muqu4kucwskw48zkvz3ayn7r5hp8,2598,exchange,0
bc1qqsw9fyvtu2qnkxf53gdppacdxr2zysd26s5une,2598,exchange,0
19zo33kMT5xsSNsVFPo3nzRdnmdjabPj,2598,exchange,0
1EDA9Q457p56DdjYaFbwR3vMGjtHxnKJ,2598,exchange,0
1FJ8Qtir5zLBkAxaZQ9qZp9PMUwWYGFi,2598,exchange,0
1Qy2joYDxKxvrY2EEcaLk69gHdgNqVRA,2598,exchange,0
3qFn9dnxniFcsGKrd1xbqtAH2nYuDv4V,2598,exchange,0
1MA48fdDxFWxJzAhawgEoC1J9vpKJmeN,2598,exchange,0
18qeeMHWJv7ZtkHT7ctH4DNBK99QD5xf,2598,exchange,0
3EwbaZgWPnZBQsyFPT7RWzVpHyBjxFzz,2598,exchange,0
13qcC4vtv9FLTSavHpqSHtHbrJELt2TF,2598,exchange,0
bc1qepzxrmx0nzmau9ane2w03lkl23pwnpc8a98q82,2598,exchange,0
1Szq69f5KnJUM28QD8mrTSWmvbpVD2nz,2598,exchange,0
3vfwUfdenRd2MGy566xoFgcSi65s5dYN,2598,exchange,0
bc1q90yg3wjt97c5qkjsdnwvpqkqggp25j0jp8mv2e,2598,exchange,0
1D7AfwZrzLM5cg56a8A6Feky82snMF12,2598,exchange,0
3kaFZ7XVQDwgxPN8KBNY9Z8CxXFV7SpF,2598,exchange,0
1FMajeVXZ1q61dwjLFZKiuwXNNn1UE5n,2598,exchange,0
31mjWy1gBy1Zk8AshsS15znF4G6QoH5P,2598,exchange,0
bc1qda74f03rjm40jz7jl4ev25n3dl00dkv79dqr2y,2598,exchange,0
1kGrzk421FTBjQvQhtLtNdQ7VMiCPWPn,2598,exchange,0
bc1qmynr3hm8m53lk4lssqvmj37rfg7nxptkzkwghw,2598,exchange,0
3AdxjP8iEUmPAA25kcdUJnA5Vf2URRGa,2598,exchange,0
1qpnSEpsVpSFfNFb7UZbnkzs5f6VHHRF,2598,exchange,0
3U54PpFd4KvXwm2t2BGb8nUY7UXJNFrG,2598,exchange,0
bc1qmap6d23ftdpex7qk6dhpwlv5qk3xzu8afrxyz0,2598,exchange,0
1fTktrx1yVCxUes56VEYFM7WMv1Rg7mJ,2598,exchange,0
1jLQh2K3KhTR7RPcKHqTdQgMwnaCxN3B,2598,exchange,0
3pJUUJFwUjyzoRUp7aqEhkoEng8hUSEh,2598,exchange,0
3Fgej78fAVQXvb3DRCTc6D3pXFrACXHX,2598,exchange,0
1fKmyDn2bcBGfY37TMmxwprwPPm9e3vn,2599,mixer,0
3ubyHxUoNa1JcZd5XToZgUaqpXtykEcx,2599,mixer,0
bc1qwaka48ueg494sde4yrjg3htrghnulu6sgcu8us,2599,mixer,0
1pExAnRNu35fRdRBUW8CPH2YUkVWfKxq,2599,mixer,0
361JjiEVbv2YDfKApKzvbHrkkwJw24FX,2599,mixer,0
1vu1VAVoQseK6LmZZ1TuE1Wmjb3ovzC2,2599,mixer,0
3oh5f6mBgcPB5wPy7ehjjwymmK8k1fLj,2599,mixer,0
36FgYC7aZ2JZmPFaUiZ2qi5pUJPtEJ1o,2599,mixer,0
3keqb2aCg86KsaaqEf7zpfutaFopWNDE,2599,mixer,0
bc1q3vfrvx3v2ea9k2jh2u59vv8q74a23vyg2me79c,2599,mixer,0
bc1qjnr6pkf6shxmwn7qm4kcum87s6nejha4rdz866,2599,mixer,0
bc1qgut7a3axkwlq7vds3mmpkc3mg3vzhzyrmy0hws,2599,mixer,0
1bAv9k21ZCBXCPXGhGSuQsQBNMw4SEff,2599,mixer,0
1ccxuWqY4pKmfManjrPATqXS3xgmkhhv,2599,mixer,0
1aiDuqkbJf7VS5VHenNGowhoXjjb2Cby,2599,mixer,0
3PesC87NbaPHiJmT4utsxXKcRj5JhDo3,2599,mixer,0
bc1qtyqlnge2vqpvjkp98pllunmspvla554nh8rg4a,2599,mixer,0
14STeMABSzpsKK1epkMkwx1TzjMCEkQW,2599,mixer,0
bc1qmnyegkanxnjy0ew9nzyt0367qs3s87sz33f033,2599,mixer,0
1t1gnmFvJNkrL7vrzm72YwvXgTYasKwi,2599,mixer,0
bc1qkgepvrw0547j4dvltmsm4gjlxcktlz078kqssc,2599,mixer,0
135s3EF1KkMwmc1QDPLvFHMiokiDKw8a,2599,mixer,0
1nCqaUvsPgMa7Gdof3cKcNRVveMAZdEG,2599,mixer,0
1XgUPTcrkvzqsW4pmv8Bp895RuidaksM,2599,mixer,0
1cnNt4M7QXjfxiyCr4bkkBoEKAXAqL5R,2599,mixer,0
3mtPxmecLpwKBB2oBTGsxgyBo7ExDwQx,2599,mixer,0
1ax4nqSF31uhBmiCEXfh687aNq93FKvv,2599,mixer,0
3EiQ9yXSKNdNWgbRrxXd6YN1CxDoSHEU,2599,mixer,0
1787ESGyy2fxb5jaNEXmDrJa58Qtqvhp,2599,mixer,0
1yC6irn4Da4Ec91r7pQaNgEhn47M3ine,2599,mixer,0
18PRArS4sCbvFi6QupTDjNsKKvaM1HnA,2599,mixer,0
bc1q8ejx9j62tzjm7sgdl0mff8y4hjsvj5yf7rc09w,2599,mixer,0
3cRsN3gogyNaXTm8oCypkvLknkLsNk2W,2599,mixer,0
33KFbRdwWXmiqsDvCkj498LLosVJNVPu,2599,mixer,0
1SNXBEgugT92H66hTvaa4XwG2ZGChYVD,2599,mixer,0
1a5VTzEY8HCDk15C3rpbV6JUuuRAdDpJ,2599,mixer,0
3PruunHBrnyZzk4hx6j3GXDcKKG5jxER,2599,mixer,0
1SeHNgvca4o8A6yhMqTaf9HYVXRHuqLU,2599,mixer,0
1TnCGRpZ85qibxHmsZtKBDLS9LZ3wWfQ,2599,mixer,0
1wjn99zEsXHuDAEBbBKFoE8fSriko7pg,2599,mixer,0
bc1qhha4s080kutu8z65mgqrshe3flx9pxpvuh0k4u,2599,mixer,0
39PGGzphN5tpuvy2Ue26Zqojm7aii2Ha,2599,mixer,0
1txcmyCs2TBYP8n2uBG45HvKiA1r3BEP,2599,mixer,0
bc1q36akenkm6nttuvkpcpksrhjudqk2866nfkjdgs,2599,mixer,0
3AEhtJayy5qt9hp3WLeHgzdDS82YAx8m,2599,mixer,0
bc1qh3l2wffk7ey2375cp04fys2d5f8j2ydflx2gd0,2599,mixer,0
3EhavdNHk4K2Mg3H7ZuwiAxvt3cQqknJ,2599,mixer,0
1fHM1n2Qj1wK8oCcc8Mk8mA5Y8LLJmud,2599,mixer,0
1vFfCE4cgVp6JjrPJR8T8TXaZfczHBTw,2599,mixer,0
329S1buihZVf52e4go1H6QDdZCHdf6D3,2599,mixer,0
1QHTmwsv2vUGaXZKKgLYZZf9CfcRFAX3,2599,mixer,0
1urY5BzX2edh9yE3oxKsqiBTpVCfHybG,2599,mixer,0
1zyAV6msPFNwbgzoJSZBTcTQp1sFN5qr,2599,mixer,0
3C435LEo768FjcLThNTsUzCyFSfrsPW7,2599,mixer,0
bc1q50af00u8nce5eghu4f4ud8k83u6myfk76ltx5v,2599,mixer,0
3iBKjpRgA1Aa8MjY39tMxmiG5VVYvEZK,2600,normal,0
3ye7nTLpubeLuVrtgGfpUw6LLZ6PTN29,2601,normal,0
1KNg6Pthfjy6ZRxhupGnqnRhwBawwxaV,2601,normal,0
3m63nYL5UTqbBCS7VpjojppECQwvgYxc,2602,normal,0
1oQBR2Q6ArXrXVZrpPcC13asiHbmnC8E,2602,normal,0
1N2uKB6zVd5utJr71yawpa2XBhqQgHAH,2602,normal,0
bc1q3wvmn4fwv6txx9hzn6jlp0nwhr2fnh4zg03xf6,2603,normal,0
1ZnaTXAYDmhB5gsZ8JnP4uvVgFxZqZ5N,2603,normal,0
1ugT6x7WHVij2KKUALcRZHusZdUbk5se,2604,normal,0
1A5qoYjVL9WqFxCcxPBq7RwgDcPTMe5h,2604,normal,0
18AEwNiAxfHxPTGPXXGUPnuLgXAQdWdF,2605,normal,0
1a9nHUdChTgrkNNyowwApLsHKsnpTfMK,2605,normal,0
3BoXuW6DUwUVF2unn1VPW1U5nhmPMnZN,2606,normal,0
bc1q8psf03w7h0vp27ps2eslnkae9kyqc4k5zyfp2w,2606,normal,0
3yCYuJBpMyysU6ubhoeixTxcbtwViqTF,2607,normal,0
1Frf1AJCYMPmEqUWkyj9hPZwuHuEUHU5,2608,normal,0
1NwuxDYmELN5BkisBruLAgPCHbfjZKuH,2609,normal,0
bc1q9ky7xje3g3m2qg7732dagt0g05kpaceq76m90n,2609,normal,0
bc1q48l9xcsny7ltwh72uyhty5rqxlclvhp0wnw7eg,2609,normal,0
1Fmyp7jeF26QEPJBCdwng3b6nFGvBtAx,2610,normal,0
1HgyhKRQvL1KzqwA3JcH854VAnDA5xxi,2610,normal,0
3s9USYW6QQLdgXgqEE5ec4G9PULF9NMY,2610,normal,0
1KRsWBjQcWp8xyhAZ5VVQozfSLckB8Hn,2610,normal,0
3ai7v1byHo9L5YEVW3udzyMV3dnRdDvH,2611,normal,0
bc1qh0hdpavqe26dpu000ayll7lvr6nk7v8cwnfet6,2611,normal,0
1dqhyoeKZx4Sx2jy8RKm3RnCSwtp2gzi,2612,normal,0
bc1qyyefq5a04rhnnfm4t8dgfa4vus0zujv2u3xese,2612,normal,0
3fV9xyvFCPuCxxB2QVkDPQNSmGQUkJD4,2612,normal,0
3LXZtWPahhUW4J9M94QwbKdbWgzQFpYK,2612,normal,0
1no2shBvMgh3UEfZLQxkq7erAGRtmoGL,2613,normal,0
3MkBbfzrzvPjKdga295BWqbpZ8omnNWo,2613,normal,0
1iyLGnqTs7ZqWX8SKdVbGjuRj3zW9ojm,2613,normal,0
bc1qmgaszhmtl8kfpjndusd5fvfy4ftzrhv4r2lpaj,2613,normal,0
1mQqAzNbH3kxFob1BzsyGoiCaUoYYb99,2614,normal,0
11WCY53vBfzSF3u9TxcG64xdjvvxnu9V,2614,normal,0
1gnRQ8FCEwVZcr5ZhxVMhDNgTaeEdXBK,2615,normal,0
1HwfYpcqs8X2LPZjjwUuFcZF3t8JL9kS,2616,normal,0
353J1GGWjtTJianBsvWJff6ApY3ox2EY,2616,normal,0
1FewzqhxLBhDDd4tcRxWMNziYxhryVxy,2616,normal,0
39RduWgjS7U8mS2pgLofGzbeFhewrH6Q,2616,normal,0
bc1qwe2lwm72shsedhvwmw8ty9yy533zt3akn96vju,2617,normal,0
3N1uavUDPHysky6ucYt1RToB8KyGgSQy,2617,normal,0
16798H5Y8B16Hs24VJFsaUHDsq2VPoyg,2617,normal,0
3Y2oP7audbTCeoVxvqezB9s1jdNkffME,2617,normal,0
bc1qgyfxmkclh4d86sq33m6sgsm242gk0hnyfsg7ga,2618,normal,0
3y3hMDKJwCtN27Dmrit92ywHJZ1TjcQD,2618,normal,0
3hFmFvjDxnJgZX7KgaLj5LsaSffEvqFc,2619,normal,0
1TkWGAxbwyXbcwwQYqJE1o1DSsLgbVkp,2620,normal,0
1WwwnTvNtt47tDv5CcSZmqvxwaZQTHTm,2620,normal,0
bc1qf2rynthwm40eayh33pcr9ds7qjazwgj68qkwcp,2621,ransomware,1
1craNwARHwZERGwkWDQiZrsFZdj9r6sc,2621,ransomware,1
bc1qrqv3raggfnyvw26jd4szfz6rv3jzp6p6gq9cu2,2621,ransomware,1
1WraP8LX87k4vW4x3wcGAyQNxtfcc4bj,2622,normal,0
1TXKvH33Pv7nGittzKbyiwMJDjsSdejW,2622,normal,0
3NzJGwUsayymu3rvUApTMNNcHqCnKNYH,2622,normal,0
1ReRhujQzW1WqMkxJTNKFxAZJUP7hYqm,2622,normal,0
1NRB8Fxo5vsbnc5UWTAkanHpmPpv9cHR,2623,normal,0
bc1q8m4q7d49lulex72cn08ssdz7f5f76qzd6gc2f0,2623,normal,0
1PwF3o2jXVRS15vWX8tWEYXRTgxGVYHR,2623,normal,0
1kvpB92odyQq8oqJhP43wXkhQR5htwK3,2624,normal,0
1Jou4qsJ8JwNEdiUUFC1cJxLsouZkkMs,2624,normal,0
1zdtk7Hcd6e7HTB3ZfuQLNQY42KCmox5,2624,normal,0
3JX5Ghb1engNEZALd5d9fLRgD8b7g25u,2624,normal,0
bc1q5p0ayzrwycn8percm020yqkzrx8ye6n0uhqsya,2625,normal,0
34LDGuEKc1BGnVrKrMuxouYuMzQYEMa2,2625,normal,0
1sVYSA39ABMj9P8QFCi3wBqcrkEviT5e,2626,normal,0
1L6pzwAD2p3Kn7RFd8yadmtbsStWVtkz,2626,normal,0
137m161xQLJfpnsmX9Q4GMU8zYmsnxGm,2627,normal,0
1mEaWbMopwqoirwP7BpSbHph9rtMbpqm,2627,normal,0
13oxxMzmqzmYTovPn8x4wgxQNPUL34Ni,2627,normal,0
1NNNctuZjuhKd39qBSa24c5jfJQ3Q6Kg,2627,normal,0
bc1qqp4nh7rgjw3kmrn9htvw0e8alcqgwr5q3l9re9,2628,normal,0
1AFBU8FFQhhwyp1HqWkkoyHGCmwVFnQm,2629,normal,0
1Cv6tpytBQY6wUrUZQf2a8cSnQgd6Ejt,2629,normal,0
3GY7giuuKF2mG4uVSMskc1gqE1VR5Gph,2629,normal,0
1yvv61WZdbqM3Q1NiTe6AiM5JZkXG1Bt,2630,normal,0
3eBgiVqXzRGXPY932h7hNDK6SAqMwVBh,2630,normal,0
1a1HvAMNzcz6x1QCXYE2Mq77Zh1vXaPx,2630,normal,0
1GkGNgMzJBxJyji9o2FEWtczZCGVpNDD,2630,normal,0
1bAsZX5FjY55Y6JgawZPWMDDoJtVp9VB,2631,normal,0
bc1qnetlvccfkc57kxnk7jfx8j5fmk8aanejdmektw,2631,normal,0
3EX5soEbokYMBP73WPnDfqSmJADr9DDi,2631,normal,0
1WfnmP8Vh1erLPT2pFERQKkcZLfRMkbm,2631,normal,0
bc1qu04a3ft4rv2wumj9jf478m0dqg56klfq8pk0h7,2632,normal,0
3E2YSrmCtEduKraoRWGj4GDueVhfJF9W,2633,normal,0
1do79mLkxmQPcs1uRRwrMXwP9ovX9ZW9,2633,normal,0
1xUFySueK7sftcG3cwjjjuSMrj4GCofG,2633,normal,0
1WEPv7kTETRevJC2wPAnA3U4oWw2cGBz,2634,normal,0
bc1q5yn2jzar6f4lpjmn9z3yj9gq652ua2lhzrk9lp,2634,normal,0
1rinpLfQSkR9ESNu5PX2tF8PQvJTbikD,2634,normal,0
1ZPgLRkr1XvApPuiviR5BRjCB5fDz3Pd,2634,normal,0
34J5fAuPyL9MAaHipf4iznySUHnvxTRP,2635,normal,0
bc1qhnncqt594tts5n0pr9lvaudgd5ejn3vwgtr66l,2636,normal,0
1P9U15oz71xkM8i4c5kXiEfz2iMjTtip,2636,normal,0
1pg23aPq58x9KCANDQRUvnKLfwUBFowN,2636,normal,0
bc1ql60f7k6m4p7jfe6ard5a84rpx5q38l25e5k7l7,2637,normal,0
3BCMPYvsLGZ8heCNnRWiCbEWXRQz18C3,2637,normal,0
bc1qrt0kvw5jhf0naht257uyds0qw8yqs8xflenfgu,2637,normal,0
3o9AXkxLXvrB596dSQRtDSpYUHHaRbgH,2638,normal,0
1H3ph1BrF5sJFxxwU5pHPpDMtwDrAns7,2638,normal,0
1ox4CBaH1NDwq2hyCo5vrwih4CAWnycm,2638,normal,0
bc1q3m2g6a8hfaxlnhfge8raa505fxa2xdjs27z6s3,2639,normal,0
1uvqsMvuzs4n9kVDpb51GxpTifEaNwzD,2639,normal,0
1eTH6Z8o44aggg8fRba3BjQe4Z9c2TEg,2639,normal,0
bc1qkjjal5g38xu6rj73ntxsanlp0dyhu3xxp802uh,2640,normal,0
3tXCVvXDZuvWCsZxSudKCNZmYcJmzkHR,2640,normal,0
1wM3NBqmwZEtDvv79gUW73WaCAY8T6D9,2640,normal,0
bc1qkq57tj2mvmcq6pqeayxelgqxmzyuv4668cp0ph,2640,normal,0
1kVcC5KQaNxy8F9ucKb6CfFh2kiiKyrt,2641,normal,0
3fRvtmLgDsoFhgwKpdq8TcGuXq5cmaqh,2641,normal,0
1MxWdJkJdycqjWSMVwfqV7hMyPrdekEL,2641,normal,0
bc1qsayxckg2n2yv98dwym2v78epxqp03vpmayy3dv,2642,normal,0
bc1qpftvmtp2nx8nkerw6lqfu86thk2k06t9la2mj8,2642,normal,0
bc1qa7r4uqam8ut2nzcmt4h6sjkwgn8c32zqqtm5mr,2643,normal,0
1D3k9gm8mqGvhkgVbdnoHSbppmsKrz47,2644,normal,0
3H1w1JPGU8f7on3QU7AHrzR7CdJcTQ2N,2644,normal,0
1zLZmokL1V8Dzvv3hdhAcmNYhkBD31H2,2644,normal,0
3NGBgY9EHTgVSN9yMCqNvjNXkEMeb4Uh,2645,normal,0
1M5gHa5wpBJxyQtTBmNXhWttJ4127jdF,2646,normal,0
bc1qn9uzhltzsaeq4lu39wl5uctchnd4gg2xaqgsy5,2646,normal,0
3aHV3zX2nNqGP2FFn7hsPpF3LPkMnaVu,2647,normal,0
17EeM7SpZnLmcXub43z1d9n7ZHRKzry2,2647,normal,0
1KgCGAunbtKvVXMQeaEvWZuhJ96ruDFW,2648,normal,0
bc1q8qten9djktcv68p46jtps4e58rtgsllskg7rh5,2648,normal,0
1iRKKZk5xhHEVjE8cYE7s3AKrqz5iDws,2649,normal,0
bc1qlzdy9p3z6jdnf00atp67fw09w70xvy0mjcvct5,2649,normal,0
14gCE983VygjCGfDAkdETGPhJRofJdFz,2649,normal,0
3uQ31kkhwNW819ojKrxthS9Z4Gg9RDnw,2649,normal,0
1jM1sF1FwB74LLd5pDTqxBhXF7a8owsX,2650,launderer,1
1jyQKdjnsrCBUHPbGRMGEHGQVVA3PvzL,2650,launderer,1
36trTeLAb1FYrz3C8JXs3hE4qjatfja1,2650,launderer,1
bc1q25v533slpspg4hwpxvey5jc5q7lzg3ws0lj39m,2650,launderer,1
bc1qtz885egtqqt0n0uwrpklean0z0e2pmeysegnr7,2650,launderer,1
1RSdgGnGnokHKsxuiKgxHzNo8XBptzUB,2650,launderer,1
3dyyB9dvyWHQtbBbhxV7CLBkd5dSWqbS,2650,launderer,1
bc1qlyd542ej3j62az486gvanf58e3xsp7eqmljtvp,2650,launderer,1
1pJBWxsNchyJ3XVQY1zbfJpSkuHL2T7U,2650,launderer,1
bc1qtpfl7e4y3dqcjc7uw9avuaxrkyn788xwh47y9j,2650,launderer,1
3QrJjosYJKxt2BKfxCyPbxHX9ubCgtJe,2650,launderer,1
3aEHVEtsFeWx4sj4bsgoWLWGk3wrS4B2,2650,launderer,1
1NxwcJgaPkvYmzyEBCeBrYeiYSxoRKXL,2650,launderer,1
1hMgwXtyt7CecQpL6qMbNxofi1kzdxju,2651,normal,0
1gqKqz4Uj3p918RYmiHycDCExx7y2XMd,2651,normal,0
bc1qx00uxdlsqgn2xlxzz8y754sn3zjrehdcgxvust,2651,normal,0
1YuAU7QFMw9Jf64etnfsrJiaLQt1E7SD,2651,normal,0
36AbS6r5EBFCvxhEjqRkrBUewRgvYGQy,2652,normal,0
bc1q0lq8uq8p3nku4ymcpd4at5shqfgfxdg8wzt2y4,2652,normal,0
3apa9dPsddkuCEYtd7XJDZh71STLNag1,2652,normal,0
3wXJPVoWg4p3naUvQB6DEPgpytKcSUk8,2652,normal,0
1izDigoNesPZ7bHYWxbdWkHfKWutbYRi,2653,normal,0
bc1qla432k48femhcfwr5rtn5q2hth2vqxpty2gczm,2653,normal,0
12DYDoArvWyGWCADMGWjXbwqB4aLmBXK,2653,normal,0
1yjpEFDbU6LPMpvq7KhASLERZVRmiFME,2654,normal,0
1fLZhKfn9ic63QrbTLeSGeSywqQV8fcs,2654,normal,0
3HW7wwebATPa7BdRRfAm86pAD9H2ENCg,2654,normal,0
3yoWbkE2wmhK3a77z5N3xCQUmy1EJiBA,2655,normal,0
3SdZigWLdLBpqAP1uDGfVzsfNMA7ut5L,2655,normal,0
bc1qup9lkm76vg50kluclhf3eskf3tdhx2pwgyentk,2655,normal,0
3SXUfzX84RYuYMJqXNvq4GhrkQ6fBN33,2656,normal,0
1f6AF3yeGGGFfCFEGUuTNNWyeAArMj9y,2656,normal,0
1mJVDC71aNPGU9KD7fi33FZ6uVrtgZgw,2656,normal,0
1mzvnJHUupUe92NpwADVfxzoqBxansFB,2657,normal,0
1GE56jTbiEV6fL2tFtUpK3pauvaky99o,2657,normal,0
3jY3TUB8NeVCfA33FtzrSw1JNKFSNKZv,2657,normal,0
bc1q7qncar6v0jcrudpf3j6f3ehj22pq8r56f6z7q4,2658,normal,0
bc1qkcgzvsqrs2d7hzpnwae54fylsrvm3u5x04sqk3,2658,normal,0
15Vh1bGn9SCRfSrytWFYz5Guq3ZJDKsn,2658,normal,0
1EGfWQXe2xTZgqHAfwKV6gtJw28a7Cgj,2658,normal,0
1Qrf7K5HfRi5Br5Q6F5FwRBSMgDcuB2y,2659,normal,0
3FUT8oghQ2nQCY6Vixfvb9vgg6ZLaKKz,2660,normal,0
16piYPnQBktwupyNHTwidMf6eQB97vVm,2661,normal,0
1pxk7CBySv3YxdYCeZPCB3fprmYEZhCx,2662,normal,0
1N5Vcvi1iC8cwRf2SeVNBCCk1XRwQ5pX,2663,normal,0
39hb8Ne5zysohY5YQu9rCfMkfAypSowq,2663,normal,0
19vB3nmLDyTUms7RRATtqnUfYspzMaGR,2664,normal,0
3A8WWVHkLqNmnJae5kYTjgtiTSyMMjcZ,2664,normal,0
bc1qwm2kq6608vkhydeznhq6uuwfsm4jdfvnk3lyvr,2664,normal,0
bc1qkkhq99q3dhsg2557cqvrzk5lw3uag9fwgtzuws,2664,normal,0
3twzi39TzHLFUFmJPQmNgxUHaoc5g3UL,2665,normal,0
1SfjDDyFXZYNmHHF6NpToMuTNABSMfv9,2665,normal,0
3Tp13XW2aVocv3acT1zDKPK4eqrSPj6A,2665,normal,0
3i3Rt9vq11Lxa9EbJWmH5ijBvdZ9MWbG,2665,normal,0
1kZjmMGF7FX1BPWF5DJ73iaUY6aF2Tvp,2666,normal,0
12RTDJiXuWodqFt621cJSuoZVpjDjgGj,2667,normal,0
3iq7ieCvUzHbT55UUTGASaca5wST4ZcA,2667,normal,0
3LX1rTf72GTBdfKcUpG1AbmG8HTuRMXG,2668,normal,0
1KNjDrWu6qRvUQHdp9M3q1XW3fFoPQ9Y,2668,normal,0
1YGAUCsWvwdS4eEERsmvyeEps6PGEZ2Q,2669,normal,0
bc1qnly9aupnv6r697twqtplfmgy50n39r35uxf4mr,2670,normal,0
3GBPKYSFkuZKYay4gdi9AqVn5Z4MFRs6,2670,normal,0
1MVN6Rj7WbiwBr92W3wNh6wADFMrqxcJ,2671,normal,0
1qRLeUhef7jcrrW6GGPEtM38cXFEktf4,2671,normal,0
1aHuyfAS8ypipyJxmxXMHzSD3y7c7TwE,2672,normal,0
1LhRmeihJg92WgS954Ukof6umEp1XA4n,2672,normal,0
3mQcG4YAHpK2uUzqHwS8hCJB4b2WTUuG,2673,normal,0
bc1qnrt4aaghzz7mpem95sjzqvy7j6mnyf6g5j7xv7,2673,normal,0
34QWjXRWB4qMKeo4VBmixEoR5bfL6EiU,2673,normal,0
1GkHyxGRp1FRs3GEJSrcJt9qBxQKkzam,2674,normal,0
3nh3D8BRx4HRBaBjEQ7rcQ4HnsMcACni,2674,normal,0
1Cfyfxq54tSxVas6hayKTnDHMYodGdM4,2675,normal,0
3Dj6hEsmTMaMsqyAeQUSGwtQFKkwJ85Y,2676,normal,0
bc1q66g0hffnvln28ssleq3t6k633nxnk5wwsyq0fy,2676,normal,0
1Df87mvHzYWB57mrNKcf4QUTgy6oatNz,2676,normal,0
bc1qkjz0q3al8aw4uqzyw4r24k6gh97km2csvgx5aa,2677,normal,0
bc1qzu4m4avu3pqjlcf5lprxl4jgtvvpg0z69ps0fg,2677,normal,0
1gn4fF7Npqrm6ERUr1B2iUYY7zsQPErw,2677,normal,0
bc1q3w653y9nlnvtr8xuunlyfmqapmru5maegpujmy,2678,normal,0
3ciis1gnbY4seb9K2UCxGS4AuUAircvU,2679,normal,0
19dPB2cQARUBzeqQwYiayiPeEJcGRs6P,2680,normal,0
3D4zZVS8jXYgKmd9pdEGdexQsJu6PZii,2680,normal,0
1v5wrfzCRkjbiCaGgTV1BkGgeNqVMeaL,2681,normal,0
1zLy3G6eJBXKEkzF3HvpTKLY3AW58ZUF,2681,normal,0
3FaJYSzdJSgHLRvCBP3sQjsF8QnrTGW7,2682,normal,0
1gc5F6Fg8jYBkDd7nctdxafMH8BF3PES,2682,normal,0
bc1q2ycv7f5625vvkeyfh777nxl6u3km02h3vmlrxv,2682,normal,0
1YSchR6aJnkkFqu6mGD4AcbdqhDBpxa1,2683,normal,0
bc1q3lmtnrzcp92jr6w323ysk27zygkv47m6das24r,2683,normal,0
bc1qgwea4g8vu35dd0kxts88qw0yuyxar5fkupl7ep,2683,normal,0
13J149PTyrs3rXVi26m5My9hemPpYDd8,2684,normal,0
3idxmqdmSR99UXMdhKcWKi3jsZQ6UYkV,2684,normal,0
3sbPhbs4pRQFMCJEHK9b5QyZT2UvE6Lc,2684,normal,0
1nYTVKTePzNA7McCG32gxaPeiGvbKgVx,2685,normal,0
3G81sQMKn3Q35F4ihexVf7aHQTPduPJn,2686,normal,0
1zsJ2WDAHNTyv9zLnD8cZzDxLB5Q1Vi5,2687,normal,0
3HGF9afifmsEUMbHLJoMQ9RTjoaLrZfv,2687,normal,0
1CQt3tD7MfoGU9Jjsga4DrM5JxDAT3Fd,2687,normal,0
1Y45fc4nYyq2YUzUF9QrDvpZH4rKp6Fu,2687,normal,0
17W6UAHvnDzJqKkVvJUzBh8WoXEj1RN1,2688,normal,0
bc1qwhmvtpufsyjlt4tq2jswzcm9hus4u3lw9suv6l,2689,normal,0
1SezsXQjSVVCUhLiKjvvWBpSn2dzwfHt,2689,normal,0
1ajrgjTweQPC3Zd13twxr9zHUPbhkj8Y,2689,normal,0
3Hgufc2Yn7PeDSvFaw1tVUFfjMJ5oprz,2689,normal,0
3QUWCzWzdSjhb7E9F4w7om4QTWNZZn3X,2690,mixer,0
3YspQdUep3XSNPim7Syh5yhENUHT8ni1,2690,mixer,0
34F1fsRPaSwhE7BNi2WQaM3jCHUyGig2,2690,mixer,0
bc1qj38e4qsz2wj9f48pd72duf3xr620r2phrtqugp,2690,mixer,0
1zSqXMxr7VpDpWk8nGPocPdU6UdsxKn1,2690,mixer,0
bc1qjxhfx3gef2krumh8g28lme83r203rkv82xf2p2,2690,mixer,0
3MGmmXL1A9B1QEi6w9Tqeka9W2D11XUo,2690,mixer,0
3nZnqj7CAVxvGD7Nd2JvsFsWS76LwQXy,2690,mixer,0
bc1qsh0rqzthvmtx8vn3qn7eztt6fyd7m5grpkf2mn,2690,mixer,0
1iK5oHzCzsFR8XdKT7J8hgKg2RrZ1M3a,2690,mixer,0
1ZZ8SGcPaPT6zykpDUBsWk35bxtJgHUo,2690,mixer,0
3RCmDVwe36MyLxHuACJCxociXh1Q5GRd,2690,mixer,0
bc1ql89z8mzcu0qd73etsc2xxek6zpe2u7ap8qenu0,2690,mixer,0
bc1ql38gaps3f4var5wcm6agrtzleh25y7w5yey69f,2690,mixer,0
1G1yVRMCM6yEgga7zuHDtqwD7a1EyEzz,2690,mixer,0
12wse5qQPBtt8GBk9iL52EJy4csX3Suf,2690,mixer,0
1YGkbt34AaRnRqHB2pzRXS6JYMtZhJbD,2690,mixer,0
1jabzF4oDcabx9eXn7K8RR5yhNCiBVY7,2690,mixer,0
3jAuHBJ6ZmesPeTdTMzTxppDfPtRfeHM,2690,mixer,0
1LykjPWZNbuTePfqaeLCJjtrh8ocp4ED,2690,mixer,0
1noCVgPo2NvV1vsvpxoZmctzzPUzENBX,2690,mixer,0
1SNeDFFgyfgTngQMDgsYWgz8AudVXfMi,2690,mixer,0
361MYxckcCrruf6r2eySeikxj2dGbuG7,2690,mixer,0
3H4KqgB2NszDmX2GqWb5r8TduZmEoCtF,2690,mixer,0
1ycXFQ62czBUwVGbgoqmd7h51aCsdG5C,2690,mixer,0
1WDXCri1iD6HJoYajGrAJo4otCiFMGaS,2690,mixer,0
1nrDTydrYb7CeadPMNcKXAK1trfqrKnc,2690,mixer,0
15bsoRGgnyaoYbtVqu1h43kxZoerYQKb,2690,mixer,0
3LfKVEiYRzeafMguoQUkwmGugiuiSco5,2690,mixer,0
1peX72C453S7wpwSB9GQNkgzpoDxeNKj,2690,mixer,0
3KYmmbwwFeQ53btPds9vbTjJkLYfBN4j,2690,mixer,0
1RLe153MSLs18NwH2cFrtqX45te4GKLu,2690,mixer,0
3289PmP8WC1iBKqie6BdBWhrzjWCZjTq,2690,mixer,0
17Y2Vbr9yq7NNX66hcg2SuKeCZGY9LJ5,2690,mixer,0
1ynXMdDwVvrxusy4JUiHu5KENK6pFTPN,2690,mixer,0
3RSn7AG7FtY8kRk9M6HD72U4QLpqJsRd,2690,mixer,0
17buhDUJVw7umByqKNrNWNGCcVgCS4Ju,2690,mixer,0
1YCPb4Y8j8w2zMHgt9Z16Cf1UDe6pNRt,2690,mixer,0
1MJwpydvp2PhkKDNfXpxYqkRKCNWFaBa,2690,mixer,0
1W1kkQciKjpLdKW3H8Ej8V2KyVvGxXnN,2690,mixer,0
1iyvDaAH3PUMZe5jC3RfXgpdPCkZ2uL1,2690,mixer,0
bc1qvnyx2uzhccm2skumxt0ru4zexllzzr7mvzxqn9,2691,normal,0
3qbkjx5hQ7NLMAbNcxKnc6kacCryHGP8,2691,normal,0
3EhqgJEiFQysTy3XxUASwXZbpp6Jtayy,2691,normal,0
12qzEmA4n8LP35vmVdbmyz1tfXRCV6mH,2691,normal,0
3MzHh6GQJidmfNnniRNhChbbCkniDRoX,2692,normal,0
1ok1PiwZnGiY8kzd9xDBC2AjErmDGQTx,2693,scam,1
bc1q3jerd2hksyk625nj9vu9uldjsrgpcf7tpyg5lp,2693,scam,1
34K1ohvocXCBqtNWDzEC4yvHRtudVYHK,2693,scam,1
1HDQUPZhKnDrpF6uWq8JTrVifYnLjc4d,2693,scam,1
1HfS7CVX7DNQiBnEig9pTFn1qc12dia9,2693,scam,1
1LZmkAkCzbgFA4xJbaHqXoaUaXNAsRhs,2693,scam,1
1pZFcb3HFbgESZztEhoPrZcqt22vBCea,2693,scam,1
16YswiRi1oU6LvVNQRzn5deJnrXJHhNZ,2693,scam,1
bc1qfgl728dvxp4av9c4xfyyg4p5ym8kqzcq88tvv8,2694,normal,0
bc1qpj254mskr7h8zdmpngcnvs0l7mvkce5tn076un,2694,normal,0
bc1qc9n3s4678gftzeamr7sjsqu3cay62r7sfe6aux,2694,normal,0
1yak1cDDJofbEQsh3BSk4ioFBUusHo8Z,2694,normal,0
bc1qy5gy89uv5dzru5w30q4zrz7r6nncdqqw0pe7zf,2695,normal,0
bc1qs6xe0a0u9uwtjlhkuclnqj3qz9hm3l9qhhdy0r,2695,normal,0
3oFT9g7Z4N2AodnBUMYxWZQhbTpp8Kf3,2695,normal,0
bc1quvllp2l3wdy4veftvjnws00q4eq4gns23s8hp2,2696,normal,0
bc1qjaxe8whaa4vkhrh8r4qwkj8zhtx3r7759dn4rx,2697,normal,0
32HWqFnKzGm2tHYjbkamUxopCTEmQxBV,2697,normal,0
1rVvshQ81wWhddniaAVMpz8wm7DurjLX,2697,normal,0
1Lfndmykf6bUNiG6eZcZMs8vhvrrTP99,2697,normal,0
bc1q0k2ul3sxkwzqvvw6gysz3yh4s9z5jsrgfdhag5,2698,normal,0
1iwdF8N5UjfdCMin6GfW5MbuEbHSoga2,2698,normal,0
1HiAvkqghkhwn2nNU4fN6hih8zJgJFTP,2698,normal,0
1TzRy7hNVrxrXwKPvn7kRjeerNm4ZEHG,2698,normal,0
1qtLHw93163HAXq2S5a8rkf5bMF3DApZ,2699,normal,0
1Ef7GmdRBQdGY4BqCqNCUPhFVRkZQK4n,2699,normal,0
1AM4G7m6cncoL4fKnDtv2mQVQrYsemtM,2699,normal,0
1VJnuJRRFLKdaFVhKeEwYtpknyY6s766,2699,normal,0
1STKZcXn6NMttCGudvqZwunfo1cDUtwb,2700,normal,0
1WHH95eDTNgM4cGTnQK3HKz33Xok5Nfq,2700,normal,0
1s3ox7mTmYyRhxi8Re9cod82hpmKSNh8,2700,normal,0
1ZiHyUHMZXbP9uKonm2zfqdfUYKtH2fa,2700,normal,0
1B2J7Zt6RRZcpRyj1q8e1hpuRTzhJDAN,2701,normal,0
1zfCoC5AvMgwKeXaCqBh9xdHU8LDbXi1,2701,normal,0
17FVN3QgkszTNZnrgvhwDymiucyz34R3,2701,normal,0
1wGZwmyxE16JW7Bgvz8sog1LLmoDKL3T,2702,normal,0
1x2n71Rk6S22zsizzhYLGv2NDuhRUQxv,2702,normal,0
1VMzB298P9CdkQ98yxG7qiMoaH9YZu2C,2702,normal,0
1Kth4apo4rXfDJQ7Hv73Uk9povewSuSw,2703,normal,0
bc1q6utq26fufuf04n4625pljwcehc45d5xr3c0ns6,2703,normal,0
3b5Gd6mhZ9L5sPh45XFe4nBPhyH8yDiS,2703,normal,0
17KnkLJGVWVmmitnjpviTVx7Vnh8Mv5j,2704,normal,0
bc1q9gczw897kka8cjr8vtjd0vzqzjzyk6ud3ua4ys,2704,normal,0
1HYAHDbh175iV4nvHCcVVUjtv9UD18UR,2705,normal,0
13QGvaKR51QVyZaGhr7sQ9gzBwANQ4JF,2705,normal,0
bc1q634pjmnqdqdnc9yxm3hjrqgenrjtgp2g3e9yvy,2706,normal,0
1aPzAr4CRQUkeRRWqd7DkqZ7coFB4iCp,2706,normal,0
3rF7petuK714XKHz3vvH3cQUyskBrLw8,2706,normal,0
1tsGCcf5xfS7FoVbyRmJaxquFU3HvzSu,2706,normal,0
181Wf2nhkqsHamjMpMNm8ktHKR1xqHAQ,2707,normal,0
3Wv3MVCRiu8HHr8nE3aSJsDWqKG1DHJN,2708,normal,0
bc1qzlgk7nle2pkk8jxx8kc84pfy5z9y8gp63j6tkm,2709,normal,0
3pkxoQv387JSWxDUF9v8mAGtmeiP2K6w,2709,normal,0
1t3PKXJm3W3YerfpMXPPc5nE9GrbnVxA,2710,darknet_market,1
14oGsLt26432BG3LTrN8jMyr5D9i3CgJ,2710,darknet_market,1
1VJmxNxLinU9qBoH4qA7pWBGgwfA19TJ,2710,darknet_market,1
1Go3mNqyazckXLd1GE4QraqxBY8pyDUY,2710,darknet_market,1
3BhzcTq6B9FWxCE97ssYu3MPRMYh75ma,2710,darknet_market,1
1EwAYV6gWUHXgn5A4owSYvKa12F3ZYtB,2710,darknet_market,1
3Nbzz1fQLxySJX54hbn8s4XMpdzczYuw,2711,normal,0
1bHo3o9p96DVQwtfu2rTWCHsPWb8YdXD,2711,normal,0
bc1qcz8d84xzfgw2gjjlttltpchn922tsdlm3l6vtj,2712,normal,0
3XaBqc55J1NWwZrEmHgke1KAKF4scAoE,2712,normal,0
bc1qmpgh83hwdgcrrqdphee9fmetxg2y72ke4uvh9c,2712,normal,0
3MGvyQS7FpHgW9mfMNAp6WU2CL1Y9Kex,2712,normal,0
1mMR9EKKpSqxHxykz2gmVgD7ckMogSeV,2713,normal,0
3gKwdTahEFzVo7AsGvFVoJR4VCLh92oN,2714,normal,0
1Cvsoqa19Vagz3SzkYzd8dcgbAZmcYNe,2714,normal,0
1tgZL11UpkRYvzdMxE7L9g1in1h1NA3t,2714,normal,0
3XsjdtFfkdmmEEMy1H4pqdpemmTs2yw2,2714,normal,0
bc1q95rxmekq0ucnn87ma0c0nz7ru8uuqhx9xm5n59,2715,normal,0
1ZYQq4oRrTUYZXDxP9sYwEx6vWUGQaAx,2715,normal,0
1F13BJ5LHPmAQn76bN2juSGHR4Z9n63Z,2716,normal,0
bc1qr0t5t0497cmvlgukev4200kn9x66g672xjtzqa,2717,launderer,1
bc1qaa0lalhd072d3wuh9lnkrv9d7qjvrdz7mc8de7,2717,launderer,1
1x3wZKMwUi86Di2mfAXzfgPew38TNipT,2717,launderer,1
3ioaeaBqgnJYFobXAMefqVAP6nUbXWcZ,2717,launderer,1
1bCHYf5Ait24MuMLex7YaSFd8JM5nA25,2717,launderer,1
1CLG6LYG6ESom1oMuX83QbmCP9czbdMt,2717,launderer,1
3dXanGnagwPVXpVBp1iD5k3zh24uj8rc,2717,launderer,1
bc1qglwexnzuxtzgez7krf4d5a2qnk0ldxnytajf3v,2717,launderer,1
17W86xWzsyP8qtKLXMC4GJshSubr45GS,2718,normal,0
3Go9NBbBLht7V9iUehM5QuFcmqU44Wkp,2718,normal,0
1E17x35mvhwuBDahWKg4c9pQmhzWe2Kh,2719,normal,0
1DTEUmgYSkE75TCq2fxmEL9Vqs6HJgMk,2720,normal,0
1BYwXVQtHtPhVjGJZaKy9V63KqQvWaag,2721,normal,0
3omncmRJxcYHaUqNffbG33xsGv1718VG,2721,normal,0
bc1qk6eczztlrhmpvfx53g5xwxq376xe69qlxnyd5p,2721,normal,0
bc1q3gw0q23ka2s86gtnqmt9r6cqjjgtjulws7glad,2722,normal,0
1hs2mqbrauyXDGge9NbAtaJNiNqotyk2,2723,normal,0
1ZgrYEtdpsonoi6yRE6SC513b1ya1Mix,2723,normal,0
3HJoq1bsk8Eq8uxRxEWxjhcCCve2CB31,2723,normal,0
1HQuzt6s8gZ2FFAsYyLv8wrDRF5JvVJ2,2723,normal,0
37C8JqMMBcruuUjBVyJpRYrvKoYrNCo2,2724,normal,0
bc1qj5uc9hef2t0mxu2f8almt7tqm94dx0lfh5prj8,2724,normal,0
16LPxXGrAfdAtCdVPDKhdLVewDmD3dVw,2725,normal,0
1HM1rSLyhrW9mvq9fFtsni48c21qH48h,2726,normal,0
1pKBzqdeXtCo3AwdwXWXBxn4TS2BoEjn,2726,normal,0
1TAtTFTwXQfT7WDenBJQrcpy3AZW1ZuH,2727,normal,0
1z4r8Eba2mrgnD298CafPfhKu1GJVz6B,2727,normal,0
1pSTSc6Xc5WSBS9U1Mn766tjbwkPdCMJ,2728,normal,0
1JisreX2tD6p16xQo3xqLZuDpqUKkHoQ,2729,normal,0
3MWKVWtb77kFBrTfkX6KVyNFy1Jmja2P,2729,normal,0
1NWaNNRCEUSymzTX6GtDCkW73ekQh7xx,2729,normal,0
1nQgQ3qFVDXzNngYzzfmPfa8mMpiSctt,2730,normal,0
bc1qwlvzcya0dweruqcfu5l3udl3f39pwl03jhc6y6,2730,normal,0
1EoxoM9wivXNxb7AZWXMxhFHgFxEepCt,2731,normal,0
bc1qguxrqytqu3gw837rwtj7jgqudhc4ee9mxqt8hp,2731,normal,0
bc1qlvgzzz84tz6h3uyygkfds352w0hd4nl668d92y,2731,normal,0
bc1qyfykz34hkgsduwcllhldkzgl9mn08976x56m3t,2731,normal,0
1zoHSDxRNUfmhfRwBVaX3rEFBwGvpW4k,2732,normal,0
1pyhEdmajcYJvQ2zyCyWLmgiWnNCgUmX,2732,normal,0
1zjVQyF9GHE7JfHXee4nw8s2ox2Yt2Eu,2732,normal,0
3QCknxXmKXmvuAW9viob1N5VyvkbSxTs,2732,normal,0
1MA5VbJBnec7p1kuyfVhruZAUQvdo9WT,2733,normal,0
1STntmQKth4eDgqGdbvokZUkMbqK3xcS,2733,normal,0
1493uWqKF6Ht7txTPpW8rQgGACjQot6Y,2733,normal,0
1xDR9zXnpjGssdTPHCpkeejvBjbaJ3Y1,2733,normal,0
1Lqs3cFVtG5dFLWL8rhFYkkPtZcWpLsP,2734,normal,0
3WsUrZwg76ZwS4ZZyoy8PwcRGmUD11ac,2734,normal,0
bc1q6epnzkhzms4altjvcfl3rqga3csvykynnxa52t,2734,normal,0
1ExfA7v843D9tShQLfxTkdxrVYwGyuRo,2734,normal,0
1hdEHBr4VfweY6dnT5NaP6i7gDAjPLzy,2735,normal,0
14QM7FR3hc94oSiDXApFFivsKxE9LXZz,2735,normal,0
3GeQrY1VrPThCJqCAPna5TC8vZxtnAxh,2735,normal,0
33GDG4bjJHwfNQtBzwCDzG88Ts2ssa5f,2736,normal,0
1MdVJsnqf1bChXkgcQeAxf4BqpSxcapN,2736,normal,0
1W1CgwjcwR3zpgVGwHU3ekDdr9qXNZE4,2737,normal,0
1VsPov3fgdRuAgmyhwprz21JbsG3LY6V,2737,normal,0
1HtcS4WYaYk5sH1cpNXz3jv4PTVr1pi7,2738,normal,0
1unRBQGeKtEmjDQoqoDyMJBwD3U1jixt,2739,normal,0
bc1q350qxw4nkcc333qn82fctzcsf3ty2tllwdxmyc,2739,normal,0
3FLJ7d3mTaD7cxQceiBb5Xx9VRtCmYpT,2740,normal,0
bc1qf8wu44rxcfwrrjyz0q93g2w7v3emqtu5usv7vv,2741,normal,0
1Us6mN2jXnPdgkvHL92yyoqVN6KoppDg,2741,normal,0
1G92ZEeD1uDLG1tYXVbdJ754orXSwMqG,2741,normal,0
bc1qw20gz23jpxelvyz52pp7l86lpu9mpa749hkxz9,2741,normal,0
3ze2hLDbasevnwjr8jdHNEyoca8HcD78,2742,normal,0
19X2DwgTeiPrk4rJJ12hDR2y1u9EVJMY,2742,normal,0
1nXMPSDzrB1BXRfaViEWKpRLEsiDpjbR,2743,normal,0
35H9ZQGpQZ8nyjyo4Z8ZJ9K5NsQ4SYRq,2743,normal,0
1MAuNgvK5DmsGDDQhZ7v3KRTVWStvkRe,2743,normal,0
1xj73oVagNpBdypCzujTEwzEQuf69iJp,2743,normal,0
bc1q2ga6xsj7rjk72jpyh8xrhvk5pmvly5ad2zx3cs,2744,normal,0
bc1quumrctz2lhvuqfpmmr63k7vfduay86dxfn30ug,2745,normal,0
3R6CWWV4f9VLGCVbmV16iSFFKqyvfjF4,2745,normal,0
12Un6Di8xtcuUhYmGWVDdRg5zLDsCTJz,2746,normal,0
15ueu9ffDX8A5DLd1aohAJPyJ9f6rtEX,2746,normal,0
3t4YoJnLEuWUayNit6C4bjhrdbP3bgJr,2746,normal,0
1Qat5uwYYM964YnNjtnFKa1kba2yAJKU,2746,normal,0
1RQYo75XJu14c5jUKEHMPoMkGSMZ8T6q,2747,normal,0
1sTCVkSMULb2hfGnj7pEtPxMwHEG7RaR,2747,normal,0
bc1q6smlyqddrrn8vlfysvgn88uy23zs7tmuvae7l2,2747,normal,0
3hfcg3ubNw4KuWNiD2t5RWBLitYiHiig,2747,normal,0
18Fa7ibgzD2UzvsyjV8EY4VGB44iWVbz,2748,normal,0
1XwdcY8s66NumoQAzToJsKzrQKZ9rkEW,2748,normal,0
bc1qdjsf8vn0fg7ccumaj9uuncr3uzkueknglu48ly,2748,normal,0
14geUqhrbDKeuuwN6S3WUKQrQwQjLBgZ,2749,normal,0
34whWgByCi2HPZEu1EAbKq7MUiydfHMH,2749,normal,0
14dEfDDSigR72PUaX2Lzy542x5Bn3Eko,2750,normal,0
1FtL7opxxc2j5cZM8ZqNzm2CisSpsSUe,2750,normal,0
3cKRpqJ2MgKqrMGNxwXcxPsFFGcmxnxE,2751,normal,0
bc1q6hfadkeajhg4dy6eeksm4cntekunkte6rhweak,2751,normal,0
3wFK1185ocXd9avrkbdH8GPYGcRSiUKH,2752,normal,0
3HzGFut95sjsYkdkBB3aVuNkJnWhNzQz,2753,normal,0
1tpr2BTzYccuduiFNDi8QZkt6ePEQiGi,2753,normal,0
3qMMu7ri7QHvV3iZZV6NQLX8DqNC4YXs,2753,normal,0
3EqYywmHJx2cvJTLssPyBezte44HJEqN,2754,normal,0
1hbSyrqV3VedL4Y4AXKktXDdcuqdwZQ3,2754,normal,0
1Qn2P5ZaD7BmEuDJoe9EdGcy91KLPLhK,2755,normal,0
1hbfM1NZRSwwDxJTbVUwADV2BitucgUS,2755,normal,0
1SdR7rkx3EdfSZnZbtqhjzYiiuJBwLb8,2755,normal,0
1Zm1TGF5UXNhZG6DCjeRJPHRFxNqcyUd,2756,normal,0
bc1qrfttpap5qvyw7d5yp27nnenjem0t7tj9ksk78y,2757,normal,0
3EAbR82CE8rKMpaZKuNTVSMLiSnTxZrd,2757,normal,0
1FsXg4FpEwUZynprkVGWWM3NxHStPdmy,2757,normal,0
1UBL8AeJgZEqJQhuLkPUpAQ84m3tayaX,2757,normal,0
bc1qnzaqaaafkwssq666rdaaky7rfgekaqgrsts7yq,2758,normal,0
3aHhG8Mk3yBoCnQPVd6vaMmUUQdKrrHh,2758,normal,0
bc1qk4xajweftczervrtucwac34r8a9sjr58x2dwxn,2758,normal,0
bc1q9y08zw02e4fzy7p7kx43cr6e2f27tn39vqfsvm,2758,normal,0
1JL5hb7Tiqcgia8aKD29isGXBUvjzr1V,2759,normal,0
1H356rXjyS98b9V9YwTnhroDHB4S5pHA,2760,normal,0
1QX7PiFwKNL3TAnm7tCguRhDwCuda5UM,2761,normal,0
36caDG7V2JR6CdLj4MN3Umn5k17iFXop,2761,normal,0
bc1qxrn7m25spqk4c3r8fdg688qv4ppppzf085up20,2761,normal,0
1xppd7XXx5rL3BqewvcvvgTJhevRM4rf,2761,normal,0
1PSogdTRVVvZLfdJpanrqU5j1dGVWXoc,2762,normal,0
1KjC4U41uXwkBTSMtE5HFP2UYbnYsDar,2762,normal,0
12RrrADLm38K9gdc5QgZcqbppT1RrCWe,2762,normal,0
bc1qqcgyluv4kzgrvmghaps576rq463mm5kj2jexw5,2763,normal,0
36J3U6tEDKNFMoUPvY9zprbYRsabv1EC,2764,normal,0
17P9gvkrnZ1ESQfeTUGKNRrWQ6vgDFqH,2764,normal,0
3aq3hQwCk49DhH2apX9qf8FwsZE6HdcF,2764,normal,0
1SM5sEgUmfiRoiSCwVnmno4Y4wS3EnMs,2765,exchange,0
1FVFWBkoqpHJH6dr6UeKrXAxWxnHCb2r,2765,exchange,0
1yq3fgAVZvjQwwsuLsEA9eGs86JMkdE4,2765,exchange,0
1PqyAzV6YuESgXAqzqgi38r5iUbFgQin,2765,exchange,0
3WffgqC7p6Bs2iGkkyNPQ2ZhJnjRz1nH,2765,exchange,0
bc1qyr8dmvk3au47tmdm2sml0s0ys3gy9kzcnyen5n,2765,exchange,0
bc1qrj9mfkqaz7j53kahstqydxfwm4xvkw9w2p0ths,2765,exchange,0
1mDXVaEYSRa8A2ijJkFLu8X8ZpN5jQFt,2765,exchange,0
bc1qhhnq83esgk3c0hud4kujqvt603pznn2lex0az0,2765,exchange,0
1AUYkGYkSRa1KLrYtisWzuzDxmbaLWPs,2765,exchange,0
1AkuvhCdgUSrWbzfPYzh57STYKADQMLM,2765,exchange,0
1tzWjJmNvuuKYZXUKGoyewYMcNi9J6ke,2765,exchange,0
bc1qfu2n2vl5x4r43gtsz7n8ph5cgux0hxs6pjyr4u,2765,exchange,0
bc1qvlwz9wqanpuwedpfekmw84zfrqmzsewx3rszmk,2765,exchange,0
3gSNwMEumQmYSQ2qd56tKQ3Q6Bo79Sx5,2765,exchange,0
36MtfRNEPXPwGdwn1ED81gCwXdKekj7w,2765,exchange,0
bc1qjldwf0gsdddwzurl3tuczk8lcmhewlqzhjwvr8,2765,exchange,0
3VdzFPz3ycdwBVmqHUPAbHiUVgBtLvhd,2765,exchange,0
1ug7XpnS898d4pwjnrbWYBKmuLgwBJAY,2765,exchange,0
1ZvFAepPP88xE2VGaL2eHNvh4VzQNzAP,2765,exchange,0
3BM1v81MPpTbGRwYsKkKewTyeC39Cx6g,2765,exchange,0
15T5vmczSeHbQYdhA3aktE3LZvYq3qJP,2765,exchange,0
18z1k62oogeFkjMudVGjruGXJ3YWWVez,2765,exchange,0
1YN9qkE4S1PuMcyYR6D5vGqEigGTFLXV,2765,exchange,0
1ciXfuEmWCfyfoPxDBkFX936Toc74975,2765,exchange,0
1YTLKhc4F3LvWRxCt2qUSRhZjygExdbF,2765,exchange,0
bc1qszz0ckvs4cthzzzqvy546g3ykjh27navn5ac2r,2765,exchange,0
bc1qzlqvyyfs0vzya3sxdntz5pzyyr8kp9cngkeacn,2765,exchange,0
3YyVerDzJLSUMzSNGUMWEP1PkHBp422U,2765,exchange,0
1BmpmfyWnAvf4dq2LL5QhPEVC1MdyWYK,2765,exchange,0
1yAAgcEdWXRkJa4Nt6ofS4TKux4VtXmt,2765,exchange,0
bc1qemk7pfgtkp97lgdrs7s5e3twpeydfv8au2ywnf,2765,exchange,0
bc1q3g9qryjd5sxlwkkuk7acchsgvtv4xnl3muv9gc,2765,exchange,0
18GVAA1xkhNh3qvyakNGncLVFbrgqukw,2765,exchange,0
1CGQXxRURA5Gv3CKdSZQUMWaxViHeDgc,2765,exchange,0
1bjxif6NVK77qDpznon1uWQGjmBJ5ran,2765,exchange,0
bc1qhefg06a76n8fy9j75qqmxl45sq0hfmmqw9x4ua,2765,exchange,0
1dZXzn7i8ZWz7po3wyCPjB8GtTTr1mHC,2765,exchange,0
1WkK6fFfrzJRnz1es1m4Hpo3XYziZLuH,2765,exchange,0
1ettPYA5AnKtBN4Urvzd8sSfmVEXq5vF,2765,exchange,0
1MPURi33PBJxTBVvpTWLTBsGMFxUj8dp,2765,exchange,0
3FwjjHKFK9zM1YvMN7h8GVCCvSUzZH8p,2765,exchange,0
1VtaW6GJRb4bXor2QWoC9qMqGaTeAzTe,2765,exchange,0
3JuDw2QSuUSfsnsSSMmiej1Ty1V3oiqc,2765,exchange,0
bc1q37kza433wumg0y87sdrk8helzpl2g4yy0salv9,2765,exchange,0
1bwZe16d79ZdYCPos4xQqnyqbNacmoA8,2765,exchange,0
1L68sYFkuyGCjtsSBJyqU4oCoAHrae5y,2765,exchange,0
1keBtJtiVv7QPxHSn2GsU5poTah9BDyG,2765,exchange,0
3UQgj3NhZoqDBR27bBDBryM21zHcdKQr,2765,exchange,0
3dPKrQffrE5xpHPA7FKMc1fs8r98ySNL,2765,exchange,0
11sPM2BDEHn1h2fL4RKv8X8dEEoATQ23,2765,exchange,0
bc1qz46cp8rkpgea9c4jx4fmkfhka5223z7f9kxdrx,2765,exchange,0
3V7hW3NqH8dAwXKj5Sv3EMMAh7t4dv4s,2765,exchange,0
1gLXvvvkHyjheCgZSdD2sByb1muBi8VN,2765,exchange,0
1kbGQH1UGfy4NmjYqUhj3Ewk51qYJkaM,2765,exchange,0
1b9fH6EPSMTPuX5B7AU2xsRGSjn3L6ib,2765,exchange,0
13C1BG3f2GFy4qbMCEq4p6qKbXRx1W6m,2765,exchange,0
3qVUfwLxo6Mw7zrk4atQCBsDwAMNcLJi,2765,exchange,0
1tWVQQkKLSpzpPpWYNEsucUveQxJcpy3,2765,exchange,0
1q3H29RZmZsCy5Tb9Jv5QeLiCoQ6rqff,2765,exchange,0
bc1qnnefz0gkzm5kzaa8km67p9hcv6gwpj624a63gr,2765,exchange,0
1pXXxwGtrjXPRUUA6qhsUbAE3V1mvGmv,2765,exchange,0
1dZ5WMPf5NeN9NFDnT1j6y8ZthACeTNB,2765,exchange,0
1SMNeZPNDBF4UT2etDseeJ1SGYb3S5nW,2765,exchange,0
bc1qp8a2jafagsktjpn6u2ddnwls5gj070yan9vx22,2765,exchange,0
3wiPJWvyiNnrpbvAA4foFDi9MFmsUMYu,2765,exchange,0
1pqrMXxbUeum5FB6ghFp9mAJ5qPqPYoU,2765,exchange,0
1KxMpAW1cY9LhxLPyFPodSXTG8DRavpq,2765,exchange,0
bc1q08j8hchhd74vhff06p5x0quatmk3fnpkazkrtp,2765,exchange,0
1rAtymHH7SYPRfdx67uoLNVu6FXtYBjt,2765,exchange,0
3M6BYqU61YJzmAEUYhWFg81AjfkAjCa9,2765,exchange,0
bc1qfl3zlg58f3tsg5e7eneseexul55eeya6ufsjes,2765,exchange,0
bc1qzajkv4uj0yc2tfaacvl9hd32xsz78dm270xs5g,2765,exchange,0
bc1qje5rhd2k6mpr96dxdwlrvrju5vyfcmcvkl2ymq,2765,exchange,0
bc1qhd2lkpd8mft46nqjvr05a7edpnyppv5xen7gxp,2765,exchange,0
1pDt1Gkb3CG2So3hvwNuCrwzbAK4nyaS,2765,exchange,0
1Dd2jXTMbV6RPPrMPGFPRFqgoayzehDQ,2765,exchange,0
1a2yUgLNoJqG8fFwMPquDjYjA6Tgdht3,2765,exchange,0
1PdzQKUMaeZU8mJowNs33JP8wjzhLjFx,2765,exchange,0
1W8n2D7LbwLYK2CofKo4C7gg6mBW2h6U,2765,exchange,0
bc1qkdgt9maa07g7hrha9d07zzc7qhsn6axwlx0rze,2765,exchange,0
bc1qv7hvd25wq54cepdw89e4wuu220kun58pvt77sd,2765,exchange,0
1HWwgHsHKbjwFmuczJm7druanTxBCS2A,2765,exchange,0
1diDGF3EvFygfty7t9Lzbw9PEvZA6Jpw,2765,exchange,0
1hDr7ktExvFgB4aqxAKhvPFT3mHZ3NTF,2765,exchange,0
3vNV2RPuojx6h7Crsr2vY8tP3AkQS1m1,2765,exchange,0
1VSNEAE2Y9TosG2QXVD6n2G3bwCLjQje,2765,exchange,0
1vHGmPpFCbbqiHUC9r9jfQsXhhr4F8A5,2765,exchange,0
1B7QHoBwjv2ZGL1yaLC4TrqUVUCUWx2F,2765,exchange,0
3LU83m6m93STFhvVsCpVHR5jGe1C2Hoh,2765,exchange,0
1AyuV9K8HwxngpzQEMMKEXwRRCGjxs1H,2765,exchange,0
1DFCgaux2ZB96ZMLR6mPwNwKC1Sr8c7A,2765,exchange,0
1cKPjrghPxuAP2gHAzSm2B6RdDdBFytM,2765,exchange,0
3qadbFgXskmjPWjmBGzNVrKht2uHstsc,2765,exchange,0
1dPZf7fZgG1MmDxJeRkichJRJPm5LgJM,2765,exchange,0
bc1q9tlynzptc682rsnc8p7ptswwdwzh57jt6wmjfh,2765,exchange,0
16u3jmpqAo9BwbRPQvJV6Be2rR16Mo7f,2765,exchange,0
3gkvhsNy3DvQD1jKZiwuFtacUjsLVqL6,2765,exchange,0
1Qg6YfFP57GQhyokqZBc1JjLUgvhSMzi,2765,exchange,0
1YKESc3oegcCQ3YGXw35HKXCLXPdz8rS,2765,exchange,0
1FzCYPij77CmzE8xNNeXCwCSCXBR64mL,2765,exchange,0
3xkzhEhVjSEUW7MbqMLeqKVbyEPPZtR5,2765,exchange,0
114VrXexY8KSFpT1ttCdR69S8wdSHuZV,2765,exchange,0
bc1qsnjgx523x0t0cpguana7u2ehckty3ma2unqn9e,2765,exchange,0
3536KvgPPZgD6GvaDUKnJv6wtedmiPYx,2765,exchange,0
37LuavQtZBeU66kRFPQcvGDyZcJZUJwE,2765,exchange,0
18Tj91Zyg3PtyRNqFk5LRrGQFCV8WiBR,2765,exchange,0
3CfUKiXNn8XR65AYzeosDyj8tqnU4myH,2765,exchange,0
1eQ5jyoXjK7eJziz3V4AfgxkdKGdWrH4,2765,exchange,0
1CVJQxAgRWcxfdviHNsPHoxozUGEaTjj,2765,exchange,0
12P9qFyKELRYeufJ77tcb3A4MLHJfLCn,2765,exchange,0
3vU9wefyg5Yds5YRPzbKYk4eBUDiSaWu,2765,exchange,0
bc1q5nc2aw4kpjthanf9290e2ezdettcepy07zwft0,2765,exchange,0
1QC3hivFTC7ej5M6pv7zLz6bMABYysC4,2765,exchange,0
bc1qszvvkk6zjmer984lehuhulhadx8hf4h08mtjsd,2765,exchange,0
1YXDAZcuaa31F8TnLfhNgWofVzwNczAt,2765,exchange,0
bc1qk0dcv33enktvg4l0hh5gdh22jyzrunpuc8n6vc,2765,exchange,0
bc1qtz8tdq2etverggnwnmgnm5fa6fdwadxu236tg8,2765,exchange,0
1TxwrrLbwyZePpZ5iuAHnVXRqXT6gGTe,2765,exchange,0
3ubnfF1hhUw175JP8CMLZZoxX2jHgkGq,2765,exchange,0
1zgHMgzpSfiATVfzYBxbmwFf67YAMg4h,2765,exchange,0
3VfvFygkVYhVVcznDpK2V4SwXYPdrWS5,2765,exchange,0
bc1qc7uwkvkuzs8flw6qkgrchalvgkqaqn3zmw3ezf,2765,exchange,0
3FRnzkLhv5VHtdfbzYRSuGFTjTKy2w1U,2765,exchange,0
1vkDBuZSM3jhZoo45UP186NSgzZRT41r,2765,exchange,0
1fDoEAPwbJn8AR5b7u6cfgutihAz3qW5,2765,exchange,0
1iZwz93ht7pkpMH2udzNK1jjkxwXj8Ui,2765,exchange,0
18ufHd9i2fuoHkKWwi4PBtVGtrQXLYL6,2765,exchange,0
1KSS9Xk1m9gznztcz3fkLiAAAdzyqXLv,2765,exchange,0
bc1q3v7fkpj4nlwqte8tktswhwtsksckk4zcdwdzl7,2765,exchange,0
1Qoi1i37viLrsCjLSDsidR5U3ZR3doRk,2765,exchange,0
3hkdqpswT2i7udt1TjA7gNirfW5uRVqZ,2765,exchange,0
bc1q7k2j4pan9xu8pd9dh6gsttw3ckaufj38f7wmhy,2765,exchange,0
bc1qhw63jxxqrfchhu25mq77wkjmext9jg7usxqfny,2765,exchange,0
1vvE89Hg7EZ9UK89dCYcy1Mb1Gf1go1w,2765,exchange,0
1PkHyi5nSUSXeVoZH5BeHw2odAzDgmpb,2765,exchange,0
1cb21sZJgaN1t32BsXRG5vqVdp3EVyw3,2765,exchange,0
3AYPTJEDDMRKmEuhZz6EkbMpX5jPtcCB,2765,exchange,0
3AkKZwCqYEpwcbxotDawWxWyKdBW1daW,2765,exchange,0
1XjVYijXtaQ9RbJu815BFBVg3ghyqsHX,2765,exchange,0
1StvEHVNXWCmipa7CQw6f8MHBP7Jxh9q,2765,exchange,0
3TG8XdtLVqS9iwpFTKaWykgLsWj9mUMG,2765,exchange,0
bc1q79gd864ue6lraw5v2dlsq5qv4pt0ewrs5nrqtj,2765,exchange,0
bc1q05f88n8k3yaleskxefhg2u208pph5hjzcqrsjq,2765,exchange,0
bc1qkgqyd67ezuwlgvhqv4crg92klaen882kkgj03e,2765,exchange,0
bc1qxhz0qa79nn2fcdyffls05s9mm3yj2ejwahnvtd,2765,exchange,0
1Nqpry2onMh5UEw4MBEGrJgLcxh7xciP,2765,exchange,0
131hKauEn61T8BUTGmnEYJHPaC7tdgYU,2765,exchange,0
bc1qnjcs63qat7fgasxp05zkjyhdcj3jqfpmvt5sug,2765,exchange,0
1oKLYGkk4xqBmBkfc2QuEyP8UJKxSyGc,2765,exchange,0
bc1qswqykkurqgffe9kpae0mxja7lvqgy0994j32d5,2765,exchange,0
bc1qczkagmj9au7tcn5frr3fhclgytju5wnlcp58ly,2765,exchange,0
1t6agMuAgGHTP41Zu3ShPq14pMiZoqcH,2765,exchange,0
3xcjiNJ4qF6wzSfVgYK1JsucJHp3d7XA,2765,exchange,0
17p1qWGhSMebmfjbphkcwDkShyCn7geG,2765,exchange,0
12Gi3yVjLHo75hjcUvBGuKq3CUdxJGNk,2765,exchange,0
1BLaSVCFbf7NY593J3WPCbbDJxphzBzz,2765,exchange,0
3Haf281FRtW2SPoJHz8f4THSxUkUws5R,2765,exchange,0
bc1qqz7f6cdw407j7nu6a768e62tpxc26vhcfjc0mh,2765,exchange,0
1CA454uCsidj1tPUNoRXgrrP4CzKsFoC,2765,exchange,0
bc1q8hn50rmg9w3js6yru6p3fak95jm2mcy2mhg6rz,2765,exchange,0
3c1MiXnnmNnaAHioYKodp4MFQ2KLDYLd,2765,exchange,0
bc1qfygv7c3h8nzwfzymxej73wxndl9hed7naj65ne,2765,exchange,0
1zd3tj6AjiouJVp2UzBJhdmbk2QcQCcW,2765,exchange,0
1i4nJWPEA66J8AvjzGUsa5EYVNNp88VU,2765,exchange,0
1urg6QsEf16h7uCovQiTX267swZcPCFR,2765,exchange,0
3sq3tSpEmH5uNSqasrXxkwR4DY4sTPsV,2765,exchange,0
3tcMbUxezphK2b6iZSofDGs8tQkxmqf6,2765,exchange,0
1SQAau9BFZHEL2dYAwQkCJw6aHKMsZYF,2765,exchange,0
1CogbtQkH8mQUuqcnwv2hyh47doafuJg,2765,exchange,0
1oGEJBFmSDqxbfkNjVJspr1NwhzkLFJa,2765,exchange,0
1oV4ZnLBohU56T7igYH1otXd78baMdxe,2765,exchange,0
1pTJruRjB9xJStU63mwrBDQeaBED9DWj,2765,exchange,0
bc1q8vuzv28xrhzlepyj74u72kkhyap8626rnfuthx,2765,exchange,0
1DLGn2fUoUsYXH77LYEtWBhCbqYmdFQX,2765,exchange,0
bc1q7ty23dnlwg2qvkgyc8n6uy5htkvg2czhsemf78,2765,exchange,0
3Q3t2fmM6dVxeojiyAxGVNLfmCWYtgxd,2765,exchange,0
3ELiVokETsqYREnfXLEzn9vtp5rR74A2,2765,exchange,0
3LTY2SnnCHeEezePFo7WRdANRd94rQ2h,2765,exchange,0
bc1qcsx4sau7yn47t32mykew02srm0598se0rran90,2765,exchange,0
bc1qm62htzu7uf7znacsghal5y9enlve9u98ca3yhg,2765,exchange,0
1dSj76WanXbEoggaKDHXBLrwqmS4snDL,2765,exchange,0
1wNjtgvJM8iLaDqxzFn2cDJUhJAjUCm1,2765,exchange,0
1DGH4K6exDjzEkJikwYLLNG3VpC4uYio,2765,exchange,0
156GNcqkRhaQ6jpAybQBpszEu1jYVMxf,2765,exchange,0
1JPrkAtEWgTBNHkZbpsqBk8otW5i7339,2765,exchange,0
bc1q9s0wvkvdk466qlg6avqzjqjzxz53d3q4hpnew0,2765,exchange,0
1SKdvgmoc9GV7fU544rNR91YUaTBoHM1,2765,exchange,0
1cKrDhCDnUdMiE1GJbwiG71RaMLLm1Bp,2765,exchange,0
1RkF97YW3uZ4fLYPGxrw3skKFLb8fCy6,2765,exchange,0
1bYTkJ1HWShXTgse9wTwuyf6YEkpfaGM,2765,exchange,0
1XBq7oQMLaFVePhW2BKeLr5xRf9E4J1T,2765,exchange,0
1zHWYZjjBUBgCq8qTppr1TkxWBMtT9SY,2765,exchange,0
bc1qt0zyge4uy64mse7aluvwcl0ndcjxheju03j3eh,2765,exchange,0
3KB1Ejhug3s6wikWKYGvayLrg6DwFigi,2765,exchange,0
3uJjmdKkY4PMdE5vuwoPGQ1WkKD5WAM6,2765,exchange,0
1zrrSpqzLsYHkvD1EPNpozReqX7pjiSQ,2765,exchange,0
1jcitdxmoiVJVLKVuKo9o4QugPP5pi9m,2765,exchange,0
3BgUJDPGTKJKHcJMjzbyudawzvk1nzMz,2765,exchange,0
1V2tDJnqv1scQYNPn2ofjRuYUmNciMnR,2765,exchange,0
bc1qlljrxvsha2kzxaxeug0hu2f7cunrzau7gq9yk5,2765,exchange,0
1g99KqE4M6jo6hd4MUSUeuDbGt1k6krC,2765,exchange,0
3RrMRT8b9727kVFDeSk2rZEvYpTWb7of,2765,exchange,0
3BojA4v9UuEU2k9gb3GQhsWrbwCfxdVe,2765,exchange,0
bc1q7v6nc69duf24wf6vpp8vvr6y93luqa6ypg8u2x,2765,exchange,0
1ww5CUSe5XjGyhutVWwTQJcpq2CVk7b9,2765,exchange,0
1kKat9Pi2KctkKuRLCSBmyZyzzoFqsg3,2765,exchange,0
3nrhA6yQqfiYXBsH8wDMmdNyRR4dmJJX,2765,exchange,0
1n2ghfUrvUN372BKVfmaE5mchgRNr6ZJ,2766,normal,0
1GG8jfe2jPzwuvbXDsVc9HPPGgMBKP8M,2766,normal,0
1DwyuQrMEZEH5VBm45KCAk2EFg59wva9,2766,normal,0
1C4hrwobnQKPwS2kbgtFx8ycgDcqSHC8,2766,normal,0
3uhQkHzWSgzZdbk5RP1KXHsS7Aa4BVaU,2767,normal,0
1Uh5SwJwiufQHodGigJKF26rgYQCGMzD,2767,normal,0
3Nd4xvc2jJhTAmtQf52K626WDy6cCZHm,2768,normal,0
1B9Lwj7BiHxmsN9pS8eD4vh72Juc8gHK,2768,normal,0
1TchGenghxnLoZP19oh59ujdzoVYsMqb,2768,normal,0
1tJ2ybdey9H2PeWXc5EBYkJfXgAw44sW,2768,normal,0
11wmLPYe6CDUpkkiWW27jnzdWxuYAGqL,2769,launderer,1
3uFuHmU5du2nUao1SCy1TfpZQ7SJzvtJ,2769,launderer,1
3dJDAvk4EDzjDhqEv5b8gijgZuTfJosx,2769,launderer,1
bc1q562yedw57s98m5sucgs7jdj9z045ynlrzmq427,2769,launderer,1
3Gzpw2Tq5SiXzStfkF84kKscxvZkwNwA,2769,launderer,1
bc1qjfgjppqn4473aes235z4pgprcpesnu8r6p4enr,2769,launderer,1
187c4DR6sjEdLe3TY5gYMzh4Zyj6LdqS,2769,launderer,1
bc1q4xpksp7y2tmmx8qyq33zj5gmwc6mc4c8650hn7,2769,launderer,1
1256mP9eMuH5pczGfLP75BteuEcaHxFB,2769,launderer,1
bc1q8fax7x8w0pg5zns3hg87dcsn6yzvrlxx7q9zs2,2770,normal,0
3iXmG6veDWNYtHEDCuzeJxfSNBqcWrgE,2770,normal,0
3yq7CWxVP2jK5pWZg7zGzy1snLGARxNP,2770,normal,0
13kNLXf1spd8LEQksobrWXH95XDWmpzZ,2770,normal,0
19SE1kCUbVxVmXi5TaezhGPXPr2htJDC,2771,normal,0
1PPb8jYuBc4c8FPUFESHcYmdcFodhoKA,2771,normal,0
3atnWgzz5b16jeMS4cNgzmRKGDNKWBsb,2772,normal,0
3pmECsLWP8B5rWnAtmVUHwMcyUNPPY1D,2773,normal,0
3Hdb8xLzMh7QG2ZrXCLiWceUPxFEXRgT,2774,normal,0
1Zy7YqXP8fybRXD3uvuX37b3xWT6eRnT,2774,normal,0
3fAoXMGyyUHmGpU22FGJx66bc59voLaW,2774,normal,0
1ZsDa7q17qxgGEiCvJA8n3FiR2QzQTXV,2775,normal,0
bc1q33jt83hz7dave3pyfnrarxjv4pzmp0d3gmjvt8,2776,normal,0
bc1qkwgzv3hgrvhy7nz9urudwltlg5j4j9qtgmsqgf,2776,normal,0
1hnCKQSPCaY7YrEyHVaSfgsfGeAHb1QB,2776,normal,0
3zKuX8JpbwjfYzcxudzwEwkLfPMxmWqQ,2777,normal,0
bc1q94xyaaw555d9psc5n6w7pzysl52evt0wkucupt,2777,normal,0
1ZUpW8yoHvAx6A1huKdVywRMdXUYf8qE,2777,normal,0
3g1LsCRBzexZye5Ui1PJk6MKS5j46wTW,2777,normal,0
1xEibgiphtqBLGhdrk3McKdaKedrT6mj,2778,normal,0
bc1q4a3rrcehwwv5f9tvt5vzgwjjkqxhf03gz56jzy,2778,normal,0
3bZmR7wc9KAkLk9GBJ9pT5fD2GBRxCQr,2778,normal,0
1ypdG4Xw88WciXH3AzB53W8NeUNHEAib,2779,normal,0
1kTL2Le5QRDfuyM8RwuRD9TsaaCft7nd,2779,normal,0
bc1qgzna853nnzdwd20ztnr4npfu6le8clrpsnveey,2779,normal,0
3isPGowX2nRLh5Y1TFQ6CMBHcePN3sGb,2779,normal,0
1FsDqcfQL97GdyWf3CFMGbY27uKhmMrT,2780,normal,0
bc1qp5e585sv6f0zqc3x3akfu6ky4994jj9w229g4t,2780,normal,0
19dsydeqpspyvT5zfhPkbqKUxJLSGDSS,2780,normal,0
bc1qcg2svxttc35hx0dp5jvlrem8sx89pfrs4jmnfl,2781,normal,0
bc1qeewc793gdgkxjfm9tkq5ue93j9usr0d38zuwjy,2781,normal,0
18SH7mTtcM48DdmfxiwSZQQYuowYvh6H,2781,normal,0
31DupxPNviiXwEaq3XknC5k4h3VtebRg,2782,normal,0
1dq3e3CzQPX8VNrzB1tmNJsTsRwHbT4t,2783,normal,0
1asR7z6Qd6mz4NUBRW5fc3EgMRLDqGZB,2783,normal,0
1fXfPD1dGqJgHK75gErVMf21qDVdr1Ah,2783,normal,0
3JTkouEBtst6hDZSDQWPHYbjXA6bCWgb,2783,normal,0
bc1qy80y9gv0nzzp5cgfzv33rgnw03wclafxn07m6q,2784,normal,0
1kLWhG733cDbyD8en4Z8jD8mM7jxqab6,2784,normal,0
bc1qvn9aky9e032a290ygdtw4zz0x4ar5glsqsyafk,2784,normal,0
37cC6Y4gixBZxCfXEFELMTDz1jzgYn6B,2784,normal,0
bc1qxyxgd8z6r0qqy02ga6pzkkdspwmq54mykg3sqe,2785,normal,0
1ANbEdZDoQSSRSkSuwNu8PDQkEqo2urs,2785,normal,0
1qjE1A8bvfBwR3EBpf9YkyaSzMywpWza,2786,normal,0
1qJD4djp1KvuUpfZcRcT6pMxx1odkBFU,2786,normal,0
1ATryx4BTXeVQv4geNNJbLRcg1o4Cb5j,2787,normal,0
1PUiCJ4T7oj97bqPUTvCkr42xk5nKeLd,2788,normal,0
1cVRY4euLZ8A9HPt95ES4Ehspg2wRcsp,2788,normal,0
3Ecu6k8A3zQHyTBYQXvMn6JxhDJcRNnB,2789,normal,0
1iDf1BEVtS96TTS5w5xyw24c2Gq1XP6J,2789,normal,0
1PPhT3eeDPWrAVYj6KtvKT4dgfQDNoYF,2789,normal,0
bc1qp67cqver8md8kjdwjrdw8qqx2n4x9587jmn6km,2789,normal,0
1JQjQwMgzJ27vzqGaFkJm58VZCS5FtiU,2790,normal,0
3FnbdRUdp5yEiFkZCDM3dkjqMJs3x62S,2790,normal,0
3qHiDVDMLrjaeAXH5shr2TdPsCwwD3GL,2790,normal,0
3f6f1EkSHqn2U5fDR4HNY8sbZp8fCWZD,2790,normal,0
bc1qcsazpdqqhal43gwn8lmyl55jq94axxd7tf2qj2,2791,normal,0
3rf5NYekCQZrWHEoKq3oJUV3nP1fvJJy,2791,normal,0
1PqmAntwhsB4fdJvwDnws19TVnYrj8ph,2791,normal,0
36rSAjncP7uKGUSYSV5jiUkXpRKHBCoY,2791,normal,0
1YEmZ1KDyiRqzdwUaQDRjUskqnL9sFDQ,2792,normal,0
bc1qn6gzzyrdnu8rmv53h8avkjy9u2e2cma24afmml,2792,normal,0
bc1qg5v76szc5gtr4r0twuq2wwet8nm0v93l03ynud,2792,normal,0
bc1q2hj9qanxzn96qfn5drxnl728e6ryf3uc06ed4w,2793,scam,1
1hjUuWtFaD2FCZ9CijK8rVXps3cTGYxT,2793,scam,1
1dL9Cf3Ltfo7WYcBDN9yB73v19LgDndJ,2793,scam,1
3JXi5nGYKFNQUzJLhH8uAps8ZnMJ3PtA,2793,scam,1
bc1qpq79206trfd7hus5p5kr82rspadelv903fxund,2793,scam,1
1dYujWf99ncCNAFDg73BZz8FSgEBVSEo,2793,scam,1
16tdTGiLgbz42XEJ2a95B8R4TuKWYjwH,2793,scam,1
1y2mjGKUorkrFbDbq2V1vCGYoZPB6syM,2793,scam,1
1VWDqfcvPnbwG52f2XhNQEiNcQjRJtZd,2793,scam,1
3iCt6RqKa6MrpiqFov26roDBatGwBPGp,2793,scam,1
bc1qwwhjm09qanfk04aup6rfm24a9u2s3nlg8pwfdw,2794,normal,0
1jvYaKa5RhzdUZiwUULXdEmXyuT8JUN8,2794,normal,0
197259zAubFcuSmVfEHubQcdUUy3Lcho,2794,normal,0
3WXa1dZEsnANnT4scjYKcWxhTxgda4RZ,2795,normal,0
bc1qn3j75aw8kx8rdu4vulfg6hkq2p865g6c5srv5y,2795,normal,0
1YJEbshM83La41utyiXP1VdjSXjLqDH1,2796,normal,0
1PtVgipgZziDj7uVGhAmNMhoyn4k4Moz,2796,normal,0
1kbCVUrSafu2EuAdzh5U1KVaUgoDwWoS,2796,normal,0
182UqLu82h3kyscWaj6sKd9c2JJFJnsc,2797,normal,0
12xaXdvZ891M5PUUZfLayHnLSFDNVZq3,2797,normal,0
1jLYsueerZLbZrvaLZnpBYVqFo97ffQr,2798,normal,0
1avyJCFL7DXg5s8mgEjokML5qiX9RR5X,2798,normal,0
bc1q597w6t4ekr0whm3huqtzaydqq24hescduvwuhw,2798,normal,0
16DBVzSBEGN3UB3zLCc7EHWe31bygWEM,2798,normal,0
bc1q0c3n89x96p793z7hpw29avk5579j6mmawan0mg,2799,normal,0
1bXmuBudtQ5PgXoJdosqt8oUowrfMXRT,2800,launderer,1
1CYGeyFFdPM9R4vQisGn8sCFadP7WTNe,2800,launderer,1
1Cyo15pyyxhzm4AnwrkPtGS8vGBmFNKa,2800,launderer,1
1fB4v7a2q4EW1QGow6pVrzQcepRg4VQs,2800,launderer,1
1oySUXA9FHGQA1J4cZvDZ4jgwGxPQn5A,2800,launderer,1
bc1qag267tct8v9fklm6mhlcstltraze75xgp2azx9,2800,launderer,1
1KZ1SU3UDZTCwraLSSpFfAALgHY9huYH,2800,launderer,1
bc1qfdfm0z5sf730zx2l0vr3ruunsu696cz269sg3c,2800,launderer,1
1AFDSMaUEGxSvfbSc97BJSPh64gXb7AZ,2800,launderer,1
bc1qlwzuy47km4w6gww8e7wtj3jjg2jpgq49y09gng,2801,normal,0
1gbC4mCVtVV5J38VkpDt2jX2QTxeCXuw,2801,normal,0
3uBMGN9VvcdwQyyDsNH4s3huyRFFaCSA,2801,normal,0
1FiThUiZUH2bE6XrqQkCFSnTfYhgcTe4,2801,normal,0
1wcnv2dmho1cNpUkwjrxTC4ZDLkQd8jV,2802,normal,0
14gW4wuXLxnpUbZeeUpHzwyxVdsfKixw,2803,normal,0
3vGbVDnckKh9TvZhfr9Y24vqVnZxnMhS,2803,normal,0
bc1qslq2n09fdfz70v8dszrlar605nwwpmf5jyw230,2803,normal,0
12VhkWQ3JBTsrEbYak7BpkM2NqZCxxRY,2804,normal,0
bc1qmjkxgyex43mmk7tk37600vfxq0zp3jr0mvzut9,2804,normal,0
1UNDUDT8E3NSmGQsiqULhG68kYtbEZ5q,2804,normal,0
1gUUPZ6njBenx2BNo6obgdCey4TcLFgF,2804,normal,0
3wMToNgTgPr7mZfmrcaBjTjMuyxkjQG3,2805,normal,0
3eSCdbRFoh3Tmwe2ebng3YJz9XGpzQfg,2805,normal,0
16HsHFZVa8tcBcrPiKQPVeTmgCkXmeeP,2805,normal,0
11qtMsxJTFukg2HdHF6zGjurtdUDY3X6,2805,normal,0
1vTsm9rDHa8E1XpsNqFKXBW2FnTEG5Lf,2806,normal,0
3Ff6xUTdCpXQRUMPBjEPHziFHW2KBwoB,2806,normal,0
1KVrJMFdTy47AbrCNSyeEfxiSRe3jPys,2807,normal,0
bc1qny0gtz68p63hxglwz07q8q58nz6erz2al3x8vk,2807,normal,0
14wiAefa8ywvep4nKWfLzqEZ86Ghueg6,2807,normal,0
1nf5cH5rYwmwi9RUA5JoFL3Dmut41FVp,2808,normal,0
1wQxy93L9gXeR4U88ReZae3S4QXQeEaE,2808,normal,0
1w76b1V3979nTMzXVudSxmrGL4HKNsnd,2809,normal,0
1CTUq8Ui7z9T4AsngocUe8XpyxY8ngLQ,2809,normal,0
1ojK4xQJoAq9uzPp3dqS9hjqGx7wRR2c,2810,normal,0
bc1qt5nn2q8kgg7570g36kk3m84qws3qf5cec7a5qn,2810,normal,0
1QzZjVp5f63YT3WNovWFGy4Cne9Tk8Mz,2810,normal,0
3BLD4huTyr4epVQb3mH6sNFHfSH9g2ji,2811,normal,0
3Wx5o46ScXPAt7WNC89dMV4NCRPqDRPJ,2811,normal,0
3R14J8qVVaLUHRsnUKZjTC3oRi6mLRYL,2811,normal,0
1e37MfbCkk4cA193azUS1vwZNJDYer9w,2811,normal,0
36MpE8cNaHj55aP4apVJaZAz3sekyMeg,2812,normal,0
1HBsqYjNCjfweK5sCtdg8TXFwztauJBh,2812,normal,0
bc1q4u3uzjm7m8yzn4gjeld2q8dd33w4zzha59xcq0,2812,normal,0
1skPTeAjfo9Neb5KQCg3aNPYHfAkyUgp,2813,normal,0
1GDRHPBqnKHL3F7QGLCdXkmfF5NMo2vK,2813,normal,0
1cs5g93PE97H5A8jh8GU2L3JsZ3f34vF,2813,normal,0
1W935Rv24vRUUudSfbYVTzUYDfN7JcFT,2813,normal,0
3W5CKPpJanVV2i5xmUmbtgCu6hHccJ1c,2814,normal,0
19CeMVFT98XREDU7g84oThivYqehYZWj,2814,normal,0
1sRfgf1bLmTqCkhs3BF5Rn1KqMxhc8EH,2814,normal,0
1DoQAxMev19ysbg5RsXaLcMcMhpybf2V,2814,normal,0
1wFjBFNf7mFApPPxfs8VhWbgD7MuphyP,2815,normal,0
1DvpPeXxwzXG5mfgwchbQTfZ4ydSz9Ns,2815,normal,0
1Pv31vpkDwdNRbNQ4GHSJUKV8K238eRU,2815,normal,0
bc1q4tj8ar6rjxc3uawukgrrc3gsxrmk3lr2cp8adz,2816,normal,0
36u8jk5AYPoFJik55Au1DxEPWhgu93MU,2817,normal,0
1gMEfzj7R5g3Wuv9qfiyxvnDLjdzSb5D,2817,normal,0
1HEJn61KiC12hM3s5f1JWmkaDvACvvp8,2818,normal,0
bc1qf7guaxylclgpugtdq6sxlsfmlwlm7v0cgh0235,2818,normal,0
1SEE9LsXMjVx33PTF48LHijLeatBxWGi,2818,normal,0
1qRBK7wYMWkHqJ8iAhYXCgBXXCvwqgq6,2818,normal,0
1X9iezi3tSTKQkUS9jVJZtVSb1rvksfg,2819,normal,0
bc1qwvlfwe56ytckx9cnt8r3np2gy9m4dncvd370al,2819,normal,0
3HZQrBvHVCRyPYcMY5xSk8GGWPdH96r2,2819,normal,0
3GSHoyXaUe51LLsPB6Q4uac4SP8j2T13,2819,normal,0
bc1qjdekwzn9x29gkpvnmhq999af332jy6hlaltv09,2820,normal,0
bc1qj2spl074kpyts8hl0yfvhm4jnswmmwl58s8azs,2821,normal,0
bc1qqvfpkf5fn4dxlsz89vh7hd03ltqg5tem823zmx,2822,normal,0
bc1qeg7u8ell5un8eqs5uqaw0qftccc0meagxshp5a,2822,normal,0
1sxpUWswmzzt5ueu3E3qkkzsa3YpQqCY,2823,ransomware,1
bc1qvd0hghw57hfvv8mh9xg0qjed7cgnkqmmv2pmme,2823,ransomware,1
bc1qaufuzsvpl209f907m29w9tkt5cdsfpwlt0ct5m,2823,ransomware,1
1sG3gaka3wTb3ypavuPUpJNfs77dJgnA,2823,ransomware,1
15CJeGAYhvTLvdCSheXDQacp6Xzp59C8,2823,ransomware,1
1E6PytcrxYC2Ef3mjc1Y334u5rKSWEcF,2823,ransomware,1
1WzmLJYewyZYREtZGZNFLzpmHgbGVcQ8,2823,ransomware,1
18TLBVyHAed1r9Ngjp6PR5DncXf2GKMR,2823,ransomware,1
3LayZE3G3VuFjec4FDkhphFNCrvmMwTT,2823,ransomware,1
3P1axbk6UxXoN6RPk4szd1sRYkucYXVM,2823,ransomware,1
1Sm2CBCQcZ1uBoc3ALvvZ1xSpQ5r8YnP,2824,scam,1
1pxQDr8zP9GhzqksdnyCy8PHqCCso669,2824,scam,1
3oPo2PpxRb6K8Cscq3FrtphgsV8KNQP6,2824,scam,1
3zjQMcC6BECMwCdVNDvKDu5Wz4WJ9fAE,2824,scam,1
1vmasCiDuyMzDrVjJ7iTF8fF6uUiMTov,2824,scam,1
1zTosvUKhNbcAqshxZiPjjh7NzdqTXDP,2824,scam,1
bc1q4n4ee0anacgcvflatcxg2nvmw7upqhdudyh8xj,2824,scam,1
bc1qt9yg8uvcnlrezvcqs2shvwev36gn8usu43lr0d,2824,scam,1
bc1q67kudlwp3geyl7u7tk9herys3p83k38zf28q0f,2825,normal,0
1VqnXXNabxJMe1GkUh9Lm89xDhShmtRG,2826,normal,0
1AXvwnYxTxT8GUBbpDNPpMp3rRJh18Ta,2827,normal,0
3JGjK5sJJhcDH3j9yePHSUDeBtfAMxhv,2827,normal,0
3GAo7zjUzijgbo69WLVUuxDGgwqsAhqu,2827,normal,0
1DDU8eQu1jaJxWPiTaQrLvSpZYrT9eY1,2827,normal,0
1gXxmegTYpUbWapGAg4PhGsvCPYCqm7n,2828,normal,0
378AvvdZUHuk7sPWnGTTazH1N2TLnvcy,2828,normal,0
bc1qk5q8zkx88e0ypkdsxhg2gzgn6nh7udnymxvfrw,2829,normal,0
1K2Z7qiY9yRAcwBky3V8aWU7HqL9NKoN,2829,normal,0
bc1q5zken5kt7yys0hecpmy05e88as00qgs25l4aaf,2829,normal,0
35YXJzyGaPoEPUyN3594xKAtNGVASEyD,2830,normal,0
1DPcCNTecaBZAGRH9NY4UHaxa29VcvEG,2830,normal,0
3TKSvq2GRtbevFvjtJX3ZiSAWyH1JkTj,2830,normal,0
1ka81hXdpbxGgQsWTaqTz5PJ7yJ9ctgw,2830,normal,0
3NQnvh2QamYz7Zq426vr3T9df3yaXoW1,2831,normal,0
1fJWq2FoypcREVfsg42VxZ3KKF7tyQZh,2832,normal,0
1MpKeV75RXifFYsAkEwx5yKRKRPFFirQ,2832,normal,0
1PuDTuHaDPQrq8CpY2NHT8TBWmtY14Gy,2832,normal,0
1hybpACDFVMnwaSMCLFxVXPR8xio9qtB,2832,normal,0
1iL6XZXXgbavtCyyDKxLwNbbHzMsw2A3,2833,normal,0
15kvtFJohf1U7VsGHQ5tYM9mVgLt4LwM,2833,normal,0
17Fb5rKopgTbPdJueEXb45JjRyW8LgMT,2834,normal,0
3FL7KGt4qcdukcxeG179LFmGkiboNpqB,2834,normal,0
1DV2SkJ5zhjpQ94EqbiiKpXDjgbThNeC,2834,normal,0
1hCryfUrWqLpEA9MCXc74UtMNrUFuMbY,2835,normal,0
35Y1y4hRJG9ERCdo4xDoyyDbuF3J9Fuf,2835,normal,0
1otstfGNhgcNCxf46KDmdXUUw31MVQpF,2836,normal,0
1QWUSRcuS5AFyPwX75221MH4YqziFsvJ,2836,normal,0
12LR3Dp7zsb11o7aNbm8USCKneKbte7A,2837,normal,0
3meodan9g5VV2nQdxFneGK2mr5Etu8T8,2837,normal,0
1FCM5aUvxtYoJe45rCmYNr9jDYxcF3MZ,2837,normal,0
18EefGf8yE68NccYxgRsYwhLnVEE8dZQ,2837,normal,0
3Dbc4VqMduKpPdCDm7JCwuGwE2sNT1Yp,2838,normal,0
bc1q0rzayps6pxa08n0349xm9a3hmnqcrhfjkdlt5x,2838,normal,0
bc1q8zk3x6lj94k8z2qatmxj9558rs7fm9fnm2tg2k,2838,normal,0
bc1qwwhc885fud4gvlydkzpecumcdmej0fmfq29lwa,2839,normal,0
1cwHozEUBgs6oXQuYL4d22bAbCpDpPCC,2839,normal,0
1w4W8vEmebRn2LBvpXPHLQsLxDt2dix5,2840,normal,0
1gmmJcwJ2p26oJGHh19aCBhyYFFojfG5,2840,normal,0
1UgCaaBRHajxrgGUt8sPN8AKb1JxYL4s,2840,normal,0
3Poz3yrnfwqYZbP6nUVozShSGzdNxfb8,2840,normal,0
12x46Vwj8f8rBbZmYPr4rgEWYNcFXjBp,2841,normal,0
1vwLeCT9sPzZWgLsJ92qQiiVLR6r7btb,2841,normal,0
3GN6LnN1EnPbuL5ZMNwUn6J4QMuLaRWW,2841,normal,0
1hwpHXdhRTrRHoE72jcYjU5YPKweekCA,2841,normal,0
32ntLomUhwLAPaWwyj2xDwYQtbc563Dq,2842,normal,0
1nYb4DzqTCrkfKbHszrkcgF5v3qmq3Bj,2842,normal,0
32DsP32Mus7j2DM4XdmTeR2nprKqRQjn,2843,normal,0
3BzP98JaTYpbaxEwhZMtv5WfqgAP6ziZ,2844,normal,0
bc1qqwyyhrmjycf80s7mvk7wawwtq546a4se33nr27,2845,normal,0
1rQbYCqda76YwjFidU3MAmm3oTngRh5P,2846,normal,0
1DyM37Jy2GJ2NYcGxiGnmiCKBBB3FW5G,2846,normal,0
1L6xTcrtEY8L6hgEDcQ4nJHM6JyQd6fL,2846,normal,0
bc1q27ymcr55kmdk37p9ppwu3cd3jyq5dc29z4duyd,2846,normal,0
1oFM7b7b2GkZaXdQS1tYbkhAYcYvWNJe,2847,normal,0
1f4TA5nxR4gLZU29Sn1ZDqas4r3SgKPq,2847,normal,0
3nrLjDTScubLqPoBuN7t9w5PDhcyePtw,2847,normal,0
1ph5w4b6uGJCcaTNfJRT7jQ7HG4B5C7u,2848,normal,0
3nBDziQCnCcNR2FLe4FoTJHMQSCiS7S5,2848,normal,0
1fCnh1yNuX7kV3RghWENECePFvB57dsk,2848,normal,0
1K7WqWSbt9ZkTtwcFJPxEtNB1sLEpgkn,2848,normal,0
3U6vWUv3Ny85GBmSNH5vV5hfSGi3fBeN,2849,normal,0
3QjYSGb2H33jc9yCVB3D1UCQ2ZaVgsr3,2849,normal,0
1DVFER2vZrwT7WDuKdqGMztvq2Np1sKZ,2849,normal,0
bc1ql5aq29pe8pphj7m2kr4fpa662duevvpfumdrk0,2849,normal,0
bc1qqtnayzwdxtqsw84pdumhht0axgelrn457sc8ed,2850,normal,0
17ANDFnx89K8pkPuVEeNTajkts39sMyv,2850,normal,0
1BEGC5oVZLVYyaduZZe5j7uC4tPBt6E9,2850,normal,0
1Z2vMCsi55DDwrWBNbCxAeBE3VUxmoES,2851,normal,0
1ytoZn6VLvAU9NyF47J2xAARHckqMgHE,2852,normal,0
bc1qeatp4xan8kdjv8hchwp98aqae7qskcewzg53w7,2852,normal,0
1eEEqt2nNF69RXbrgDQ81EfqZs5MSbRn,2852,normal,0
1omjX7JYeLQLDXAZcgq4H963fUN2iear,2853,normal,0
3boZuMjSDttvdYC7kncbseCjHBaXQa1x,2853,normal,0
18cU2Tmfz6TXKfwcXwLWYXMf9qyhVVRk,2853,normal,0
15dBwDUXuDaSxXJkmMQNiFKWAZmRtjHy,2853,normal,0
3RivMQwQcw5kFgdDhzt96Pcy2N4UG7N3,2854,normal,0
18asnKJPg6aNoyCWSR9fPRxzgbuAaN2L,2854,normal,0
11NubmPgqrvZr9JuXgARNMYTM7H6CvyA,2855,normal,0
1XxuxsucFzSHaeANCkJcVoxJYCqH589e,2856,normal,0
1EsvQmxkNteY476PHCcaq8Kc9ceg69wb,2856,normal,0
bc1qun9ufldc29je70p9x40ylsc522tl9af23z2slt,2856,normal,0
37qxXVY33PwCR5hztjy9FfrAb4G3x13X,2856,normal,0
17aXAirtCzzMezdWms1vYh3gCL6cR6ha,2857,normal,0
1Rk7RpVJJkzLxiiSnTinxUKfYXGCmSgy,2857,normal,0
14w5kG888AyWJVe79SAczCczAyVS6qa2,2857,normal,0
1o2x9xeDqftpbvdthXkcMXEwndfNxJb8,2858,normal,0
1QkFgYk7fuPtcaJUazsgKXxXxUA7X384,2859,normal,0
bc1qej85tsx5tnlkad696l0wtmyv8aywxv7aeuau0y,2859,normal,0
3TkroowoR38WWnwXp1Qx3cFuTrwt3zvy,2860,normal,0
1pdh3B6vcijipU8ucDotFaV4HFPdvPqG,2860,normal,0
1isiDaDwuHh7oGEo5PVTewn1AvMgtqeP,2860,normal,0
bc1qu8lce566fzlay4596eley953rqv8dlgecl2yz9,2860,normal,0
1JTc39ge97z1fLdB3nTHGTba1ke24UL8,2861,normal,0
1j8aSqtR93RJMnWrk47qFXdfztfL7y5A,2861,normal,0
3od9MXkKrciY6DzMipDncpmx2HsDeNcQ,2861,normal,0
1gKu12pAohnenLdXpZjajNVUQ8jyppaC,2861,normal,0
bc1q5xju0a4he7zk0eu6zt560zkverte0eqd84cety,2862,normal,0
bc1qf5skvp0ngtaufmxynxnd027047626w69deuam9,2862,normal,0
1XQhQ4WddPi3BXgxAcnnDhL45mWBge24,2863,normal,0
1x83qf2YTRLwpQ62S4feoGDhUVQydo7T,2864,normal,0
1VxmtWWGke99DXfCWFvNYzb8cW1Zpt18,2865,normal,0
1qE4JM5qCxhQYqW7BkSvENaA1GFX5tYn,2866,normal,0
3EMaCjYvK2nUmxQ7RyKpthF9DUEk8zHg,2866,normal,0
35ng6vnzDsxccE17Zr1rpix82PGsbsKN,2866,normal,0
1hxqgvsRYkVH79jmovVqeriMXY76s8Hr,2866,normal,0
1fD81nioUatRjdYeDCSS4kRUPTD2viKS,2867,normal,0
3ovAdAymmQyiP4C8YW6yFcGUcTrFLWSy,2867,normal,0
bc1qj5n5fr6aj9umuvnak6v2s3c8shhg3f4y3ha3px,2868,normal,0
1xk58hryC9sVFJDnFdcwNiXFVzPZsNx5,2868,normal,0
3Cz8CiQNAn6koUbDH25rquwVdyJhQsME,2869,normal,0
1aiPBCY2Y36pREcQHCtMDbTPm2sdMKAD,2869,normal,0
1GrqiCQN2GjFNtaG5zKgfSxbvB4uMKcX,2869,normal,0
1Bx4wAkB11T7PPeM1Rk7qWPn3BwmZ3sV,2870,normal,0
1DCragU6CZWuGCYRj85vqq7eMEEyCdcB,2870,normal,0
1UXnLTEe1SmGmSotrUaW7ZPJPdiAcjiZ,2871,normal,0
1qJCEqSDUutrxrohjJadzrif3EZSWyud,2871,normal,0
3yGCZ8U5ZH8ZLqA8hVJt62oFw6smTh9a,2871,normal,0
1EcvKaLzS1rPatZGaE3SjFHwfZ4Tm6Hi,2872,normal,0
3DH1hDPLuPWPZK5bMpFCuYAdZVtZvAhL,2872,normal,0
1eQaAjrp4JkHQx56jY8fWKJErugNatZQ,2873,normal,0
bc1q77fed5fp7r3q2xuuqk7hpgdlx8scvuyzvdtdj6,2873,normal,0
1eMTC8T3Y5kvoHxfsvMePT79hyVBbNuQ,2873,normal,0
1p4JB544KrdrxQvEApjA9FBncpfYWAkx,2873,normal,0
1HGmKN32bMqSBkePYTWBrN7gUrYj9FPn,2874,normal,0
1zUEorwcufi8bx5V3TfWvMbS5U45Mxwm,2875,normal,0
18fc9M95qnfTwFcBaGf8SavsvSJbJ6YV,2875,normal,0
1vC59QMVTYqneMMaZd3i2swZNmHpNCFj,2875,normal,0
39sz8LbMnLC3ZFUfkQQ3mJwiLN6vytsh,2875,normal,0
1Dt3RCkqe1PyLEzjw9MJ3uwEY2R8wrCC,2876,normal,0
3AgNLwx88L7w9XKy5q3wLMjaLei57VK1,2877,normal,0
3eoAd9KiCMezqmR6sY9NWFAqngPVhZbT,2878,normal,0
3PQfa1Bm4jUZaFjyJXV65zQb6k5gaH2C,2878,normal,0
1KTz12Q2cyCyn9S72Vnxww1SdThLiiHh,2878,normal,0
1XyaF1REjvvCd6cWyGeAPtwnZxUcEMYA,2878,normal,0
1NusYBA11xSVUTk6hGBH8beumgEVH5HL,2879,normal,0
1sVyugsRp2FEwsLcBY2HsMxn8nJ2HRov,2879,normal,0
3im49qDsxZnjKYsa4XBsfTTskWGQwRAs,2879,normal,0
1y6UtmKCKXg6JJypuoDHS8fiHNZmPBcc,2880,normal,0
bc1qwjzdmlzt9zeyswkgla252kvpaz3tsccwshdlt7,2880,normal,0
15Rj7VrKPGhCNCxpMSbBrq87mkGbyhj3,2880,normal,0
3LWLqStm1uiFjjLvA9uDZD4XC8kZ5VUc,2880,normal,0
3hBh6ksHKNLz7QrUhbfPuVx54MSHFVFM,2881,normal,0
1h1k5ZPXKkBG975exLYZ4VyqxHRp9kyZ,2881,normal,0
bc1q8nkxjrk8qddpnxx86eytxw8klxw07f4yl42qwa,2881,normal,0
1v3ssYZoRXLXe77D7iuQXV9WrbQiUnaG,2881,normal,0
bc1qpt5x0ucrxtfcr5qu8v200kzrvntvu6cxngg9jn,2882,normal,0
bc1q6yyl3mjp37j7ptur9hpu9e3mywpkhaskr7qlzf,2882,normal,0
1moYBTMRDhxFiz7nPjF4sWfQLBmRh64T,2882,normal,0
1gz1YYRQYYWQwEzVLReJmAFN33CN7WAC,2882,normal,0
3V67zFB81YwGBSURqVSNCRgdpKMyoJ9u,2883,normal,0
1UMLu7TGSG7GptGHGqNCoAHdTeY8KzHe,2884,normal,0
1W4myz3XEBTHQpqVcP23EepLH98Y7Ci9,2885,normal,0
34Vg8aKvkfJze18AMoZcWdxRT4zXnhVj,2885,normal,0
33P8fZrhtXXE1CPfz4DyMk6Bhtizfkg8,2886,normal,0
1Gc23cXf3aJRKpmDjYWsgn2xx77e76j6,2886,normal,0
1mbWppTuX8x3jTs2SdqUGH3QYqQnYjWX,2886,normal,0
1jiFL7imm5uXX1jEQG2aGUU2hzEryf2f,2887,exchange,0
3Xpb2Q8R16dESPnv67U5Hy3M662xosdM,2887,exchange,0
1pWDmd674DBcoheL27AjwGPNMYLS2WuM,2887,exchange,0
bc1q3gevqdv4zk3xd2a3zd36l79l68n6esxpuxg9h6,2887,exchange,0
bc1qnr5tda5ujeg0q8e6pq5mf9dmar2d6rf5lx70v9,2887,exchange,0
3UJr56aqNuFiR7e53vn9gWzdjfdNJgSy,2887,exchange,0
bc1q93g754sqchhlh5vtqpkk95k65znvh3x6trgmx9,2887,exchange,0
1mYremg6d5rMo1wHahxakR2KvALeL46p,2887,exchange,0
1zMTEfCnvQwHe7xtyi8W2zoFngS2rKZw,2887,exchange,0
1GgERhzY6HXfRDyMaG7dasxrRHLTgM8g,2887,exchange,0
1dwpdboke2ZGnHAQvUBrt58KU2t3hZGc,2887,exchange,0
1mVk6FMSLF8ErSYA8iJ6vHPRrGkzRzHb,2887,exchange,0
1VFfWvUtbhgRUZm6HsWFLkqESCJt16fq,2887,exchange,0
1PzKX2ZGVbrqFjbQqVUM7EysyRvH3fHB,2887,exchange,0
1f87u8qvVSfJyBdVpzdpDKF5YVBUswpN,2887,exchange,0
3yJbXMB7YZgdkTVjrMYQuufKwpbqaw3z,2887,exchange,0
1XX8ZbyeR7xtg5h7S5zwxzndCBUt6c8E,2887,exchange,0
1KZkDLNs2E7Ka8C6vS8iWchn9tdfSp1a,2887,exchange,0
16W3hzh5HbonCjdEvsoK13pzt7pdTjTc,2887,exchange,0
1ct6SvCgnGvu47ELfoGsW4kKVuhhZkEt,2887,exchange,0
1NT5gcURnkPiQ8ysivDvPZLJBHaU8HQ1,2887,exchange,0
1WRQq87tZ7tTjwjj8WF4QpsbUNpDzRcc,2887,exchange,0
bc1qm8qzpt7te03x8p0jlhvu7zx7ukwc0fd9fr0m9x,2887,exchange,0
3HWquHseLkrjc4RAaeCrnvqJGsTCfoVx,2887,exchange,0
1bC8RH2ENEuzc4wGNrjHUMDSVWEKxo9F,2887,exchange,0
bc1qlmey8wpnj2apz23c63lhkvzvj0qr0q8fekv3yx,2887,exchange,0
3EXER1iywaypbTsV87erAf3NJmKasMWb,2887,exchange,0
1TU2fDJDMtAhaABBjXumhWm2DvSrhN4K,2887,exchange,0
1aGwS72CPKZ8tEFV3XnotMaqx5X358zW,2887,exchange,0
3t2XhmoPHFjCsJAF78fSkMHh3tSV4XWp,2887,exchange,0
1HTDMwrHqCTFDQjkjNjskVtuLFGwbguT,2887,exchange,0
3mM8EGJdR8pq1HSHYP3yebxSyFVXGmcE,2887,exchange,0
1x56SdQZEaPydZiGEJSFP1T5gJoQX5Um,2887,exchange,0
1KhW2V1WF9qtGQy1JVhzUHa5ea7DLCWa,2887,exchange,0
bc1qex3wusn5p5ed97sg65e96ws5q7xalkk227unjk,2887,exchange,0
1Yk7ajJxMNhywcGh7rycQD8SroQUZb3k,2887,exchange,0
3mULJnxbmReYBxx77ti1TTVQ9uPTxM6H,2887,exchange,0
1mPyHXGrwEs2wAwkKnMz9NkgpHTabQSP,2887,exchange,0
1uCtnveRhCJzqwfGohTwd2mXSbDxGGJp,2887,exchange,0
1VeEo5ZDqiC9umNa32zNbvTFSLpFkPKW,2887,exchange,0
bc1q0dcvr6jndcardzwjqxpdfp77jns0u83p4zfjd5,2887,exchange,0
37h8UVBoAUfYjbCN8Kf1CNXGJtMYpNxh,2887,exchange,0
1WNvi79q264iemAwDcU2ijLFCzNqp3mQ,2887,exchange,0
1E3ZWHsMXx4fqkDTisDCMZRQedVqJQ7L,2887,exchange,0
1GWDX7Ppzyw7F7G1GLKtqVV2DuMygKrG,2887,exchange,0
384FKWMVR6M3DXvoRRsTBgidY39h7M8G,2887,exchange,0
1Q6JwxBK9jMvYeKwVAwR2QpExDa8NbPJ,2887,exchange,0
1hrH8Mvxh8oRhg5mrHBvm9DuKrmMWWJw,2887,exchange,0
1GKAdDfvGRVgX23cDLeyipHwxJd9wHFp,2887,exchange,0
1R9GpwNf11gn9593zxbMzUfR4ix5vC1S,2887,exchange,0
18e2YXy9KLCiQFmWV5SxFJaYdHncNNR4,2887,exchange,0
bc1qzvmw9mnhzevcueaxt9vjhfvmaeztn70afwg4cv,2887,exchange,0
1jiGsZKt6XfY2VhUzTKnwBf2hk7oWMDw,2887,exchange,0
1q7jCHA7mu52B6kiCj4vH4pXyRGC9NmE,2887,exchange,0
15J76ySbafULjwR9FqgHBwedg8iyFurH,2887,exchange,0
1tycjxPgriZgMzTjqYCyfMcp5a5U4AVT,2887,exchange,0
33zwAWsgncvTdRMw1A9gR9GPKeJzYTqz,2887,exchange,0
1Qqd1nktjKCokJeCWxC4BMubXve7hFE4,2887,exchange,0
368epyuSLPMEmdL2qQM8JSfRWpcE4pMA,2887,exchange,0
3vBkcH46REeWPt6UjcfC5h4NBqyV3ndT,2887,exchange,0
1a5o66LYvh4WdyWxE2kJ9h9zRXKuQc3J,2887,exchange,0
1ay2N3wG1oXgmwUVzt1CtdbGdbU8nbog,2887,exchange,0
1iBqEeNA1ysiLL4aArugtFdMxvySsF8g,2887,exchange,0
bc1q4dhacsezuytszwrgkhysce3c363rvt992eavlv,2887,exchange,0
3LVrmVKE8jwcTiy94t4Xz5Ev1cU5nssZ,2887,exchange,0
3Y6gbnn8kJoa3otaJwKGMnXropr53vFS,2887,exchange,0
1dT5EgqAbvd9HkA4wrfiwZ7Pe6JwPMzG,2887,exchange,0
1gGnn9Q1ubm44NztuPFo5kJfUgoD2shz,2887,exchange,0
1zowoFXHeBDB8Kqsw3RM8CNAjuR66RBE,2887,exchange,0
13qWtiiUbH9eKWNqRCGqTR5PD4kAmscG,2887,exchange,0
1paC5e461s7u3srzmSpMqBN1CtGPmqBh,2887,exchange,0
bc1qtyr4ynhevyxxym39k5ujyydgdh58s30waguntp,2887,exchange,0
1Gqzo1hvwnohK94kqP7Nrmn8TaxfQq4A,2887,exchange,0
1qD44h6ujkuAiE8uhDue6iBAx8PRyYpL,2887,exchange,0
3A6uzEtu2NgY1SRH9cnbZndf32iwQN1B,2887,exchange,0
bc1qvqddccelevcehswfk32dqy4l8hzkhclk5flcjk,2887,exchange,0
bc1qra0xe86v9d7tjy7hu0nxun69l7ctz4eaeu6kfp,2887,exchange,0
1yrcmprW33N7j4WukBSGthim8nP2mRJN,2887,exchange,0
1HhD3bYDoNCrhE1kHynWHozjUT52pTmV,2887,exchange,0
1bAYxjw7CbAbFXSAukT4iLM1wb7W1ALA,2887,exchange,0
bc1qtug5jgv23d9yw3nqnttm9a8llnelqd9cp2r2uc,2887,exchange,0
bc1qknrsy4fxl227rckql5060hxx9x363hcr8wv0c8,2887,exchange,0
3dZhmYbp2EgqXH3F24zMKCHebnnrVE4N,2887,exchange,0
3JQrejri7QGBa12Bn7SAkQpM4U4gGEYQ,2887,exchange,0
bc1q8ul2e83n7wlr8fd8xxf8n3vstp6n6hvl3xgt6d,2887,exchange,0
1KSPh2aP7TsHwWVB5i2FQf8YZ47UFuM5,2887,exchange,0
1Fhe79ijycSTbhJzKWPdRfiSbMaPhDGG,2887,exchange,0
bc1qlkqws58n6s37nc6cdef2wxvpdaammuxmhf6qhv,2887,exchange,0
11k2AUDwY1vZrMdc5xutHeQm8C5LR46r,2887,exchange,0
3KRS2Ts7GkjFTCg53naxyEErwbpTiNTQ,2887,exchange,0
1osE29PswdXBoxVYFLndkHS92xQ8YSf5,2887,exchange,0
1M1dX2cNP1zydxm5LiYNAxE7yWcuFR2R,2887,exchange,0
bc1qtgq2j3nlw6edtzx8fk53gt6gw0806g5qs0hq7s,2887,exchange,0
bc1q496c0f2u40ptj7eqydmryyjzkkwdvcanmcsve5,2887,exchange,0
1s6mLdDgqqvafSa4XUHyzVhFvwwRvXzW,2887,exchange,0
1M5aFySTWResSucKxaaSnSzWNoEWBQTM,2887,exchange,0
1MkJS9QPQee7nxA79QgVeMhxhFrK82dP,2887,exchange,0
bc1qqhne9x92g6wd2zmltewpvdmjqfchvy0mhjxqnk,2887,exchange,0
1TruUUqATuBpjBHD3Z2vD5GuuCuCxCrH,2887,exchange,0
1HWw6QAY7bBjeNpe3Rgk2oNSAN7rX1iF,2887,exchange,0
1oYGXoGj7crqkYyCCY7PRjfroxQxQrCg,2887,exchange,0
1QTLT5nXZ365sRN2Hivytrn3CNhykM2P,2887,exchange,0
1Zy8UzRBKx6u5LPCVRj6rY9STA6BC342,2887,exchange,0
bc1quk463atehhne0hwuylfkwddzjy86zdpnz4gphl,2887,exchange,0
3BzFZJS7CxkC4kEuS53Q8sUwAdoWQTGH,2887,exchange,0
1trGtTRY2sXFWytKv39TR76vznFzTviA,2887,exchange,0
1wzN6TyUZVrTAHMz84cjXCNS6AuKQkK6,2887,exchange,0
1qqVs9Wez1q44Lw8ifEjvzssj4hqPJuY,2887,exchange,0
1gaQvmwJP3E5MTgZySeL11UxpJBsQxZ1,2887,exchange,0
1keMivsQtRvXADYQeGfV2BwAs7WuVNd8,2887,exchange,0
bc1qpmarvrj7x70k82dfugc5x0xvpgclh47r5ymhe4,2887,exchange,0
1nLT6xZZA7h6RQHfnEhX4AKkHhq6x3Hi,2887,exchange,0
bc1qpjr2fvxk7szy60rwgzsw4tuku9ev0jvxn799ep,2887,exchange,0
14HwjuM9u47gzgjkWqajR7Bcz6PUoHxk,2887,exchange,0
37GsiFSYcYVtJ7xy4fxGdWRBHsNZDdHc,2887,exchange,0
3DiNeVmA46cs6x8asmUAig6LTgcBcSM8,2887,exchange,0
1m5ZuqdzLsKxXKSYVXYSDebZbUtgmXi8,2887,exchange,0
1JTg7XPg8XwymtCSWow4vqMotk4DZjJB,2887,exchange,0
1LN1SNRkBGB8DWNQaPDQfVZGiSN8VKiB,2887,exchange,0
3TbSGuMJ2CfNbSEzRCztsdJbjNUAZL9U,2887,exchange,0
bc1qjwusvqy5u937ez3pxfnyfqwu0j87sc76e8cad6,2887,exchange,0
3DaM3f1qj1fzHQAauD4LppxVM1tBRwMn,2887,exchange,0
1u6S9Cdx9e73xsSeigKDqTmNrXyskz1P,2888,normal,0
1EfjeKw6BvncChG2aQaTxmLYoRWWv61D,2888,normal,0
3K9VCXJPcsrsHgHLJaVfQj9tgr3KRJaN,2888,normal,0
1DovhKoJvmdwsQFVoUyYVeE1qqo6zqn1,2889,normal,0
bc1q05t0g8ck6nq6vmrlxdrtw6nw3ntqtepr3pfa78,2889,normal,0
bc1qtjgnycpr4sxwlxk24eg0g7vk90rj8c6l36pf45,2889,normal,0
3ZmPC2Sr6nWbryRhiXaaMEoaa9rKuek7,2890,normal,0
38piCyuyH7oARfmhRakN5fJK1Vj5bsPh,2890,normal,0
1JeTcJ1XfkjwFQcwFnBCS73wyUaDWRVC,2890,normal,0
1cfZ8Q3zvgjqghytSc81jPajZwH3pGkr,2890,normal,0
1t1KiKzhGzr8MUXrrtw72M7Rqd3aKPJp,2891,scam,1
1rxmiHJb1bDdgnzXGjYtosXQQHeoUW5M,2891,scam,1
1hDQ9Y5ZiPnxBrCuyq5JEPW6BCgR9xsA,2891,scam,1
bc1qxkxdv9sectp2xfskq2ajd4amnrsjwt2962v8yk,2891,scam,1
1ig6QTCrfYoyx38JYBnC5LUa9aFYD1BZ,2892,normal,0
bc1qfmkrhr9fanlgfxlvxkt3xzf0x9sc96rz05948e,2892,normal,0
bc1qzt9mcrxmu5xr6gjj966vuvwn9fchv20p07kdtx,2893,normal,0
1cG2VYkwLN7pZTrQDU9NhYkfs7SHFs9C,2893,normal,0
188jRUZxvwGeLX5oiVyTuCCg36BBwkg8,2893,normal,0
1aKMLfFtVnaJoCjGfVA5orCEijaHWksF,2893,normal,0
1gJ74civSn2UVhnXvYN5k8SvJEp5QnnQ,2894,scam,1
1xEeZ9xKQNbRNBUrpAz7k4f36aGPCV7e,2894,scam,1
1UQ4kvp6mbx919RoGEWZkyfF1EJ63jB6,2894,scam,1
1Hcgmd2uv5LCZ4fLiBTLjo7hSaVGBh2N,2894,scam,1
bc1q5hya2up3a593dwnuugdhgpmycnzv3qwfht0cwm,2894,scam,1
3VYQF6dyBiZevs5rwfMoWesPu4d81iPm,2894,scam,1
bc1qv084xje7ck7kkqujdst04tgsgkrk8flxvu6tnj,2894,scam,1
3cF1wYzG4ThY3tCS7k93GRATgk7Lu7zR,2894,scam,1
1KCwTAFGboDhNmvqZWiaKtVYTYZG3Nzq,2894,scam,1
1NZZr51o4QtzF1JxRtM6JjJCeE1KZZhc,2894,scam,1
bc1qpveeyvr7kncz0uzfc87pl8hhgt4x879mfvxt3r,2894,scam,1
16LZ3rZ3mm1a5zSEvxNVdWUnnfU9hoE9,2895,normal,0
3NMZG2YYCrCfKjhanzo9cbBHenj1rmgE,2895,normal,0
1kuvxV26kvZFNSqMaTTdSBiUUwr6V1Wm,2896,darknet_market,1
bc1qyv39r3f890spuf8palze6tw3xe6j52vhgt8a8f,2896,darknet_market,1
1AGqQwtXebsGhAPoT2P9V6t5JdfGHKoQ,2896,darknet_market,1
1LnGCrDrFRgjv67AGDsKpkJvoGg6vLE8,2896,darknet_market,1
3VVZBaqhWsvVSrYsxrdkjitmdjJs5enp,2896,darknet_market,1
1BaEJqA7xLuGNH5khJXbSKtfDMSpDkmG,2896,darknet_market,1
1KrPhZehpmudumu8wcjQgiS4oMZWEvQK,2896,darknet_market,1
1dUaSR1Wht7Nx71B4Nx4iW2ytkKWpnL1,2896,darknet_market,1
bc1qr5ur29ajpjg7l4w8wj0dcau9fp6k9kkppa8pj0,2896,darknet_market,1
3uwjHRYwSQL9Mz6nwDafrS15TB54drsk,2897,normal,0
bc1qp0r9mr6karj5dclad70uk5srzyp624ahhakts0,2897,normal,0
1nPBmCqMJvG1Eh3xnGcLYtLSUm5uUnqM,2898,normal,0
1pBeukaGPiANEGwTu8gd6gt1oFt5YkMD,2898,normal,0
1xMjxREMhtwk9yq6uh7y6ZX4Z9pN3LUL,2899,normal,0
bc1q3edr6523lh6tsd072lug3mg2zpck7r5vn77dyt,2899,normal,0
1rPKdmSXxX3oHMQ7zstxCvqQwxTY96mK,2900,normal,0
1z1nq1kwM2s9VGHubsviHwm7Aytxxrfw,2900,normal,0
3VExdcofD4164X1xnuTAS49bQZ82Rs24,2900,normal,0
3MNCxaqY1i1tRxVKTxt7u3c7uSkZj1Mf,2900,normal,0
bc1qcrzthmxrns93wwxwlzyz46evh0gcpzdymnrs2g,2901,normal,0
1WQ7GxQt6tRgvUCEmg33cNQ8i7bgGAZG,2901,normal,0
1ET1vRcfxNJN4voGAXQYye6eJjsJpEDL,2901,normal,0
1MdZdV68vYaXKpiEAXFGp1zLjWKf51ep,2902,normal,0
1EdKk8wqphUCgzSTzXxKcV2RAMoqiiSf,2902,normal,0
3fd6B4exCcU6UFPUWuTXu2BxSCqx5Zph,2902,normal,0
1MWaZoyapf8dQkSiQZ3v3NSsRYCYuarL,2903,launderer,1
bc1q3rwzex0tfttlhmyjqpyp7rygtv8hcg3r3zm9ud,2903,launderer,1
1BBQGTT73DrD3W93npM8xqbeiAPJwfoj,2903,launderer,1
1hRWwqrVvhyk1bw4ZQ9SbL1TGqatoGL9,2903,launderer,1
1MWzERwk9uWQeLVuV6wiPJtHmas4D9xt,2903,launderer,1
1RraQMuet78RuNgiiKrZHffU5PuJ74Qf,2903,launderer,1
1mBLbaW9AYBjQAKgdHrdcrLjfx7HUpXt,2903,launderer,1
1GEpCgfhn2d112C6YdofLJRJcJFvkPpV,2903,launderer,1
1qhKAg9PHHEbUWdZW3KPMXz3sG7Zd1b8,2904,normal,0
bc1q42d9sm8vved3stxzfmvqnypxd7mhmmem6pva8w,2904,normal,0
3yYY43AKJkhhpSr9C3jg83s7wpZyCPjq,2904,normal,0
1t3i8czHX2RkaQn4mYGW7iRQtWcFoQZ7,2905,normal,0
1Dxi2uJKZcVnrFcYXGN5DWbzkansu1aF,2905,normal,0
1ZKN4Noe92Gs6XjE8AMaLyPks2Q7jCcN,2906,darknet_market,1
3zFVvLE5URuCDJTgqRgA96kHeMsbCAqW,2906,darknet_market,1
36B47EqzmdJogBDXJQjJ6H5r8B9n79At,2906,darknet_market,1
bc1qrgyxxdyddzj3pxc8kan0tlg78ekntl72rdk7p0,2906,darknet_market,1
3DxoqhS64VE2EA7zCo9c9tEJZ9MXDyz3,2906,darknet_market,1
bc1qkdkf4mumd33t6yqh5ufjatnegcjvhhfpy67unl,2906,darknet_market,1
1V7n9hMnJ6qaan8vN8gVxXwhTqZfLV13,2906,darknet_market,1
3dZAooPeerjBDeLdHaWgcYRJ9ZbjkccJ,2906,darknet_market,1
34VzbKBLSZ34a6cceN4amUFBEizvx7f2,2906,darknet_market,1
bc1q0pnvdv55yujgrggrzpuqu20cxc0s4vgy8gmajv,2906,darknet_market,1
1r281qeZZigWu68cWCWMPP41JjTgp5Kw,2906,darknet_market,1
bc1q4slfyc52ads28d3cextqm93sxqp2zns9qy86l5,2906,darknet_market,1
1RRGGaZhmn7Boz8WaDuqXAasC4xtmGjq,2907,normal,0
1tTpcFnU3zyaqNLnL3v6BLVKQRMqJNgE,2908,normal,0
3hnGrBEGfJRQttbLTh4qDxr7jPi6GbDf,2908,normal,0
3GvEqvZWTXEUjM161dQCrd7ixuBdkZ36,2908,normal,0
3xeCwBjkeqX2RSHE9DLmo8mpgmrNaq1s,2909,normal,0
113jitXxbq9KMhYMGm1xvbAxqEDg5QUG,2909,normal,0
3mTucvMRgVRXnVyLcbe3dHTv2tbQaCbQ,2910,normal,0
1wztANuNyo2qqSPvuKiUKgHQa7hd9jGA,2910,normal,0
14QgSfN4aKU8uA7zPoxG6jPoRu9xeipA,2910,normal,0
bc1qh48hkd762drxmkq7zp0gzm865qy0r58hclp6ms,2911,normal,0
38NngbtaFYatPRAicDicQRXGFCic3R3N,2911,normal,0
1YAoq3fc4qsYoQ6A9yoeph41ujLoHCg7,2911,normal,0
1bTGpAVe7UfE8kXoUA4xjLgFnzaZNh3T,2912,normal,0
1BSKVJvDEtJLinKDAFz9sh3vVq2V5M7S,2912,normal,0
3CUMvMtkoAGsGnT2siNaXp97F2FpnaTn,2912,normal,0
3cpP3z62R625d3brKNmN5VSugwAj5Kgb,2912,normal,0
3mxEw7Q6LhMpuUy9TunkpN7UYcznj6z6,2913,normal,0
1WPrGN8364d6NJheyMABXoR3xfhLS3XK,2913,normal,0
19LtM1bceLCVtCw2UhySdcVnWrM5DAxU,2913,normal,0
1DxeNCzWyXHaXnRiNcUqUdJ2nzHDJrPt,2914,normal,0
bc1qachy576rkxud4fgx9c28d7q3d98p4r6w6d7jjp,2914,normal,0
bc1q2safz60g9qrm8dc7smq3urwsdlhtrsr72kx44h,2914,normal,0
3xS2sNhozVZvcjj2ef17dddf1wMTqX83,2914,normal,0
bc1qk6l3ttg733g6emp9f9nzlj8gg4zfkcw0hy9d6f,2915,normal,0
1sQjKxfhg8RX2qvuq4vDZXRrFXHYUsYw,2916,normal,0
1EifCXDSRt3YQSGdzDrp1he8ivJhdq7t,2917,normal,0
bc1qe94xnnn5hh6xanrxc5e4a9tqlqhganaqpzzuaj,2918,normal,0
17fW4qsoAMpFAofwcxma3GqtwUCHwtN6,2919,normal,0
1YbWuyPWFhrrWbJpaAw3KSHo4aYmx3WW,2919,normal,0
1iHMukpAHDjxfJwJUpC3vnXQNq2WHfdL,2919,normal,0
3Z6WZfrq1aRzvYGTqvrk2grewCtEqQxY,2920,launderer,1
1ziqDKCr8qcKAjYgMBrSxQF1oV3mxwuY,2920,launderer,1
3Qav2Zi1zzB9DxFyYXpCMcaAUjxeR1zQ,2920,launderer,1
1vFRoTE2FzXqrWtEK7FN1sEUTypFm5Vp,2920,launderer,1
bc1qrggtacyg6a8lje3r4drgny0css9zjy98750369,2920,launderer,1
194mMNqPQkBPfAkYx3TYtUSNenF8xuQ6,2920,launderer,1
bc1q224zutjxxm3g6zdpgnhvaflve0h6zqumzqmr9r,2920,launderer,1
3pqJHUMEEToKqHF3KoMgCq9ttqEMYSVT,2920,launderer,1
138C8jP1Ev1k2U4wccjqa7w4ZymTZQhp,2921,normal,0
1f2Q2vC1MeEGC1LYMszcqMs5e6hgZJjU,2921,normal,0
1HCkboS61znTE3r9eRJ3bi5j9iesqbhv,2921,normal,0
3NMTmBJphzVoUhBLwzenE8Ur1HVffgjx,2922,normal,0
1avUc7DCbsGieFNuHPJrqyszmEVqyz5F,2923,normal,0
bc1q9p7sanjr247sdkwd2rxa3p34sstqzanhk0nyqj,2923,normal,0
1DnVN9sFpcNuccg6QJ8i9eDHQ4BEEGep,2923,normal,0
1gneSiAdyN85pXyLM7E55SjRn2oXDjy7,2924,normal,0
3AxXnof4ntc6oS37dHfBpEwGLan14Arh,2925,normal,0
3WFyd1dC1wAFpYWSChVahXj35aQMca4P,2926,normal,0
1onLqWiuMDeJJYKrxx1N95bLmYEQfsFb,2927,normal,0
1Rq6E7BdApnQy8SLG9mKgc8eaUnRr7Gj,2928,normal,0
1NKAnJFweFdCsU84kSabENQfKm8Zf1rU,2928,normal,0
34aD1KuGtjKbWQ26tZpBFMPpj3BmEtii,2928,normal,0
1FBLgmZdj57UGwrjxhg3vWb9cAMWde8U,2929,normal,0
bc1qju83tz4g33t2ukqmql883ct7hruh9xaztd67dp,2929,normal,0
1fHVCyhbGaxjRP9LcWxobx2hfZbp5BH7,2929,normal,0
bc1qj8ys3a7eurn5u2y7jg5ydhglhqn044998jtnfa,2929,normal,0
35AzpZrMhSdhMRLoWjuVX8yZ1Uoi9Hg8,2930,normal,0
1Ma7YcLZd3HuTCd6rbTQ1i5dDVkpcjrK,2930,normal,0
bc1q6d28df9dhnnehfezcy3atzt5tmv7gzlvja9thv,2930,normal,0
1jjj1QmXK1so6N1xHcTkJeMysu2TvDEi,2931,normal,0
bc1qd6uh2gu2g9v5tf2nmfspp7ldrz5n2t8mu6v5as,2932,normal,0
bc1qrq6xxujnhed6vxqwkrrw4h6q5hfcz9z7qy5q3t,2932,normal,0
1aXUqSbr1NjNS8yddBZtD8XfEaJETfnA,2932,normal,0
1RQD3dfgXwjVvgSr2HoW6ctHxEpprsE2,2933,normal,0
1JWKEJ1AbTbhkVwQiuLqtKkQBHd1nz3K,2933,normal,0
1oQwhoBrJbifr4DfXDFeWeRb7U6BaxHc,2934,normal,0
1ybgsxHhWWu3XsvEzspG4BGCsyivY6sy,2935,normal,0
3UiugnZwtg1QLJJCk9wjrXE7LD2rSvT6,2935,normal,0
1xizXXdZqCT6QhWVWo6JjGifLVrWP2yV,2935,normal,0
bc1q3hm7wqdtg5axdjftfwd7m6zcw4j6ry9ggrcvwg,2936,normal,0
bc1qr6vg4c9dvajv4sxa620lxq27avtgaap0k269q5,2936,normal,0
bc1qa9e7kmpf86uxc3nsxe2hw42rez68espfxmu0py,2936,normal,0
16pLouUsR6Ej6nzpUcm1dU9iGcooAk2p,2937,normal,0
1DLtt5nFK8BcP6X8H52DezsbvH2YuMzs,2937,normal,0
1DHVi5q6MxSbP4LBy7upLV8KoGajyFCZ,2938,normal,0
bc1qxrvqplgsg7zrrye8l9dr8pjngls5783v4m8uay,2938,normal,0
1FwKs2wio2SVNr1xPwWdsSyMsV3zFF5q,2938,normal,0
bc1q47q34rqu70am3f5kmtc8p56trlakmj6rrtsqrt,2938,normal,0
1pbK89Zr8imnN3g5zzLAU6UKsJrgnFeB,2939,normal,0
1vCDNjZz3nWkEtwgbtwSJaLRESfJ45um,2940,scam,1
1NKiuyXSSGQZzGavs56Vbp6DycJypSMr,2940,scam,1
bc1qzhw23x3ed3pxtuy3ucqnepwz8mr3tjsaqp84ml,2940,scam,1
1YAFautLzpcg37sPrZhU1RptRw1XR6g2,2940,scam,1
1zsMK54vbw9wZLRJ7aR9EKbPLssFfo9U,2940,scam,1
1UMLPC9Yi18PmzGadrbsL5Vt5w68Do5Y,2940,scam,1
3qbH2koF6Z5cav3d8NoEtNpFhFTVZGD7,2940,scam,1
bc1q7g7qc669pwd0mc0g2nya4w0kydm7yvres8vxvy,2940,scam,1
bc1qjz8jmhyf34x7st362sqq4ujmhptzw2pn9yu24t,2941,normal,0
1Mcvkqq3wc63zMkygdaaoAdLWA54bFCS,2942,normal,0
bc1q9zha4p7ewfy048p4m3hl7x4wgksw5q4kw07ae0,2942,normal,0
bc1qmj9tuys67xppsrm6vspd4k9k6umkppxncfjux8,2942,normal,0
1E6yvS9gatMjS8xAqYYom1ghxJ4f5xVq,2943,normal,0
bc1q4mxxt43vsqslj2u9gcu92quq5lztlr9958kxpu,2943,normal,0
1ustKebG34MYS7XD6L49LXQ8961JCs6q,2943,normal,0
1xuJSrN3Yi33SnNkK4zFT87sSzQtzoJo,2944,normal,0
1ArMctzkR5iyzwHuq8PP4qhjLttsYBGB,2945,normal,0
bc1qejgxe2m3gdvekf053qu0vl2s5g36ecgm6ddsy8,2946,normal,0
1VbLdZ1s31bxV8Tu4wrkgkePKAEKWYmu,2947,normal,0
3b6aFcDgg9PJdHBYwywL5MauCcYX6C8P,2947,normal,0
1SF8KrPBbpg2RkkEiqJhVfFuevk5p9bZ,2947,normal,0
3bgueqMKKqRyix25hXUG6ETLu5NC9ht6,2948,ransomware,1
bc1qwkxqwacka5kn073fhf3zwn4a208stg2cn8nzgg,2948,ransomware,1
1fvmmwA8Eo3AAXDoYbbWHyPuMTJAFUdA,2948,ransomware,1
1Vmk8jMub84eQbTWTicvanJ9ak7cLYhx,2948,ransomware,1
1uyYQE1r3hMbGfHxaqPjBZnJgUHry341,2948,ransomware,1
bc1qrv85gc3t90ykgunw2nm3supq8fgsa55yyg8dm7,2948,ransomware,1
1dRnLzB8Qf3e26RHtDQechoQw4XQc4FT,2948,ransomware,1
bc1qvth0lug8xthj5ahr0zmvzkzpv8k7z6cpdcfz0a,2948,ransomware,1
3GAC3wZATYH3hkKqZpqZ1uGLZy75P4uq,2949,normal,0
3VLPNxzTGqBXtp8sx6HSkmEAa2x5H94k,2949,normal,0
1THa17x5GitYz1fjUiNxMY171FFvaiQn,2950,normal,0
1X4aXTbnUmEA1aBqbU4nn9geD7byvKSk,2950,normal,0
1hbCeFgVyZQzbKFXpfELZkhPxREE5hoR,2950,normal,0
3Cn8qUwFVjPd1NUKRM3Len71oR9zqpd9,2951,normal,0
3qNurJUjwsomvJ2VoVJqDW9foHxHh1Ba,2951,normal,0
1JYXo6e8PWZu8Q5e8VNpe52GSHb5K8W1,2951,normal,0
bc1q5kchkrtshm3j43wrv4ms5z22vmkt5y85aw5enr,2952,normal,0
3Ubzqo96RGRYtfQj4hsaDXoY5K7bkfNo,2953,normal,0
1JUHZJwko6VrELqFNR1LS2BQJpx6J9re,2953,normal,0
1rUmxu5WMUxBQaYXqrxns1iBsMQAnd4R,2953,normal,0
bc1qn3tx9uugzuc7qn57607t49epx93p7q5cvh7hap,2954,normal,0
3QeNQxKSLPQwPphBPub1HpFAXH1UabsW,2955,normal,0
3hpc8SfLpHuRpCTDDU9z9Vk3Wrk7nwfp,2956,normal,0
bc1qp23r3sh4q65epnmduc6xyerfsqu7gtq4pnps6z,2956,normal,0
bc1qxyvatjxza0n8hs5kkjs7x3d2cjsz3a05n4jp8z,2957,normal,0
3vq7iw4wp3QWzTPFniV1hrGgFNyTqQfZ,2957,normal,0
1pJpt2XUq953eko9hgYpykXCpMyeGny1,2958,normal,0
bc1qnm4k6ue6zta4e0k0n3pg9z4c2ykhft8fa5nwj7,2959,normal,0
1oPXgxPRoDf3iysGnyP4KovZSQqPtBbw,2959,normal,0
1hbs1AUWyZ8uWAAr7Wj3WWXhJ3dwVDEa,2959,normal,0
bc1qv6qgfvsdvjm2cqhnuf859897sxcxfgphu03wpe,2959,normal,0
bc1qnq8tr4p8zhmpwuggkzl9aypxul6edtmdx7c055,2960,normal,0
35ocgGHqkfHHyo1C34Jgx4wvghaQ4b5r,2960,normal,0
3bWRs8GqZeqxjDEpKqoYC9ZfDnC9sWqB,2960,normal,0
184YsWsPw54DjBmg6WUFXHrfHK5xHmTr,2960,normal,0
3hs5YA8oc625ZuWm6yKvNnr4cfpqLfsJ,2961,darknet_market,1
135TAYffzfKyBxNi1ftCr6UHsLqfWf5t,2961,darknet_market,1
3g8xQq7NvtfRcaqCxVuWeWLTSgBP9NKH,2961,darknet_market,1
1LwzQk1f2hG96NSu3jAktT59EZdo5KMK,2961,darknet_market,1
1nsgsebr94qQ25rhARaLKnMgBDxvWDRK,2961,darknet_market,1
1RRsig9k6Wk3TifA5GvHAb9wMPjrcZaQ,2961,darknet_market,1
3HcKHQ8pmAE7VqpQTMq8LVDcM2VRk32T,2961,darknet_market,1
1npc27cAQXNYTReRfsmCKGJRm9rc2SeN,2961,darknet_market,1
bc1qe808f7hah4vnhfmhue5yewj2jeqxvw6xruq0ap,2961,darknet_market,1
bc1ql4xkalkjmx36554k8sjw7runp8a5l9djgm5x88,2961,darknet_market,1
1pYkmvxjik5MCjuiuvAk4KkBXPtiBgiN,2961,darknet_market,1
1wmBrajySyvoSc6p4FY6Knpq5A7HHZma,2961,darknet_market,1
1fK8JNMutsqp9Qq4pR3t2mhi3BaXY6An,2961,darknet_market,1
3RVwe9L2oLsdzaJQqfAu3bhvoszUPsaR,2961,darknet_market,1
1SzLZzXDPFHgH2yPfDdQPNVKaSzqk6HH,2961,darknet_market,1
1pq75K2XPDVAFBv99BDD38PZWZsSyHBH,2961,darknet_market,1
3FePtgGH8nZUtsesJm6HubtTySbvT2Za,2961,darknet_market,1
11aBxshZVmRDghyKrXYg7V3764BuNaUK,2961,darknet_market,1
3s9f3YxZWfmRcKxxN7famJM5XbhL7a2m,2962,normal,0
3BbEhBSg5y9KwKyABBSKLK4n6FB5nWAx,2962,normal,0
1P6G3j63A15qujdaLRYXv8WhDHJoeFah,2962,normal,0
1j8dy3WFV8CZxKkp3tPkcFafrrAuiBh2,2962,normal,0
bc1q2tk2j7j8kks9v0rwtu2hfsvd6yydzvdfjvakgv,2963,normal,0
bc1q7egwqdyq7pvkkdj70e95l4utdltlmsywrqhr4j,2963,normal,0
11rMEjQsTe5b9oVWrWBchzKZZw9Q5LKL,2964,normal,0
1SLDwBdRmR1iPU7ghPW8tkY2b7GWHbEg,2965,normal,0
37xDMxdjmrhFnk95U13xmhn2Um5gbu4R,2965,normal,0
3EXmqzQMwYXzJ87H4KH28C4GFWn6uqoP,2965,normal,0
1hAYKGH1yr1KneZoEdi5igb36kXmwY2N,2966,normal,0
1DH6xQF6wsaWBHEuZx3WS1BLxRmRFxDG,2966,normal,0
1KYbTgLUunRsRx5uqfkpJbzYBtuC2FQh,2967,normal,0
3Dr1vABzYuvTRpFg5xW2ffyuPncwYCmX,2967,normal,0
3YoBHpBJmvDkF19j8ioHfRXxQySYb2vP,2968,normal,0
bc1qmda4k4xvlkupvq8ttgj5r7pj90wrl360dl8mx2,2968,normal,0
bc1q4v9yhjhz0t9qk4uzzrvkjcpa2jrwl55t35tzqa,2968,normal,0
1sVDPTz2Kx6iAW59uDr2SrWpFBGK2tpC,2968,normal,0
bc1qqtnzpzqt3r7nk09dw9yl3dq64dycl5tz93kp7e,2969,normal,0
1t5KSNpnCZoNGv6VDikxcUmBVNgVnpih,2969,normal,0
3ZyRD6PAAoEoiu6BHfyfYro1skkh21cD,2969,normal,0
bc1qcavhgm3lmw6hgcgn4vqrz6ajp2j5aqen99hrd6,2969,normal,0
3V9MwDsXuv7niQc3qde2t61Bp2x2Lu2q,2970,normal,0
3jzDWjLFbG4n1cde99djoqv1UF75Rrrh,2971,normal,0
1HpyzNEbNdaD8wJGRonBjQHLoLruS7EH,2971,normal,0
bc1qgksw7kly8jr8uhm46kwaxfea4ny2prf4ja66u8,2972,normal,0
141cLS7PjP9WQGszLY1vSDUxx1eDTKM6,2972,normal,0
3YRNHvb6m3xWDmfwpoLPRu9SF44o5qgt,2972,normal,0
bc1qkdvcregtyn22d7kkwljnfs4sw096902ruypkkk,2973,normal,0
1cUu8e4KmArrnAfUWG2LQzvmMELgoZJQ,2973,normal,0
bc1qy60f04kxkmez7v3dl09x6kapgm09fem53ugry3,2974,normal,0
18aUxUqok8w7yCFVwiNr7GK4AQ1HNzBU,2975,normal,0
1YZS97pafVNZk3DbkZmir77vraUMVyxz,2975,normal,0
bc1qezzfpf4hh6cggvc3m56098w4aj3ukfuqfxrl2m,2975,normal,0
bc1q0y5qr87wk0ndq9r2u79rpa4faagyur0v7yaq90,2976,normal,0
3iXENZ322CGGP7UtRy9rD4bkwotr5WVh,2976,normal,0
1E7ZNxWZ5yjerb1enXJY4SkXUWFYdD6c,2976,normal,0
3kS2PWceisRwavXvgaqVtFCTy4FcyTQs,2976,normal,0
1LNugL4APGTv6MRsiWLakzodrYvJKuAQ,2977,normal,0
1kj9FJCp86SXZFZ8K3avj9QU9bk91jiP,2977,normal,0
1L8xqzj1apoJWAuyxrJZz8Jk8SMBmjJa,2977,normal,0
1DdybfTkV5S38QgHxqbBuUtkxiwTT7vt,2978,normal,0
3P3befEkyUvRcyqepT4wDT41oDJySi5g,2978,normal,0
3PjoTniE9CkhbdrUPukK8tEfsKEvSwBg,2979,normal,0
1fxWn4dX7FWjSJHYAKhRKfzqVA2jCYsE,2979,normal,0
3wAPpdGTz54A6z6XmYjgUZid6qftxa28,2979,normal,0
bc1quj7s29tr37wk2dhjaj0xlm64acx2l7tymx7w9r,2979,normal,0
3pExUf2wWRNuk2nHzA8fWknf96SjjPAp,2980,normal,0
1HTEiWePicsQN6ccNeqFdr7GkBUagMFQ,2981,normal,0
1KBnakaChaWYYUa5A8mSCgSNRxqxR81F,2982,normal,0
152LenCgbpW2GfcDZ9VRp6AJyzW6goaN,2982,normal,0
1YQCPXNFFukSQU9JGtW61WYNnP2dtA48,2982,normal,0
bc1qdqdex2l94cdmesm6e8y9mpevnx7utzp572f067,2983,normal,0
1ZZHVAYeqD9fSjFKFisyyEpeBu1x9sM6,2983,normal,0
bc1qp4redats6zf30ym4a5rusf62vmrjenvsehqf8t,2983,normal,0
1xFsW48EPTTsR2UHzyLTtM57RzbtHyfS,2984,normal,0
3Eb9P9mNXq67TaG3TzmJrKdrgkcX2h2R,2985,normal,0
1KTkWRce7dyo9Fq757g43EQdV1dCJUqL,2985,normal,0
3BzuQ7UEFTALa9dgKrWQCnCiRyg5J2jH,2986,normal,0
bc1qnxecl00sckrepgm7rdzrp7eh386s4e034hle9p,2986,normal,0
bc1qry7jz82t76wx9hfwspsnmqamjgpwc96803yyx4,2986,normal,0
3dmBNbPGwcDv1Cun6fDsoaXreRLXgqiV,2987,normal,0
13VuNjxyWBaVKLw76uX3LWAm62n6i3t7,2987,normal,0
1WJAbcc24w1vcDj1FaosssMqQKvFbsbk,2987,normal,0
1m4dEjT1V8xYc8fdQNsanCzipLy7bC3t,2987,normal,0
381PH3PD7oimrGCCf7zgwqwnek3XBRVh,2988,normal,0
1ZsJvyKFHU6XPZp34YQ8YiUDAjtrTvsM,2989,normal,0
3usfwBQsm612EALEQ8r62GrYx4dK5B6r,2989,normal,0
bc1qry7qm5kljk03mn7lycfz5uw6vkld3lv9neh9ka,2989,normal,0
1GjJ7GFgDzdk9E8g8jyXWkRqbbX5siDA,2989,normal,0
3ubYpKNNeB6GoVk6MD9xB8GE34aZ1UB6,2990,normal,0
1udncKzTrmQVewPw53zToLvmi3hyv27M,2990,normal,0
bc1q0lh5trrx9ml7yqg3hvqg4kvu7mzs6xjqmzvckz,2991,normal,0
3CVuh32pS6m7hbhpqBQBfxZkaDFciWX3,2991,normal,0
1D6hBxUhatZbVx18mCdD9CRfFDAt7oDu,2991,normal,0
3fBsetmnKgoqC7onQjFTuBMggUeqnQHY,2992,normal,0
1zwJgHyr1EmtswJdr1NHqpTY9QS6U9Ra,2993,normal,0
3KP5wyU1WnKHcACPwettzrvoc8kWaFY1,2994,normal,0
3jsupK93tSzDaLmpaFJmM7mygfUsLxWq,2995,normal,0
1EKADxvXoCxbPtcvuJgHwanmFFfNS2th,2996,normal,0
bc1qlucw7jge87kk6886dzj4uupqqttnhy4qlfru74,2996,normal,0
1qFZA1ssTZqqqueKbNM11SfdoN2ycXvc,2996,normal,0
bc1qjpapg9qr7ttmmxq2wde7ad6f2hxmjhpkwmkmfm,2996,normal,0
1SGsoKpx5CFwBTzgeR7Ro9U7kv4C7EoF,2997,normal,0
3kkgxrmaSJcNnqc3EAgWxmMyz1PjuoX2,2997,normal,0
1TGkKctZYPVXPACnfAqLT7UMeGEg5E9A,2997,normal,0
bc1qlm7p2djvnxgcat928ep99f3qp429v9vtl2lttd,2997,normal,0
1c1D3KVK1KTaxy6P7JMRvJJtgBA3de8A,2998,scam,1
37WoKpmKifwjG9t622JjeRzxNnkCS2Xj,2998,scam,1
bc1qgy9mp7lzmev370n862feq508zeqqjddxwmeh69,2998,scam,1
11nKBjnnftiWExidABxZGp8p5FA7yjrN,2998,scam,1
bc1q0aevwntthykre2kptwchw6xush2tul330mdjlq,2998,scam,1
1MxXr17qcsjq8Vg7t57uwa5QmAugEUK9,2998,scam,1
1aFhr7incEUqxQgZos3oQNtF7cdGVrbb,2998,scam,1
1RWSt7n72CSbU8gBwgjMrvXBnd2q5TZM,2998,scam,1
1vdYc9Kr9S9EQ42fVv1ZMUeprQ7Nip6S,2998,scam,1
3kwKzrMY21SxbMD5nz4Sph8WXPnCxadQ,2998,scam,1
3H5Ane5uro9BHqjekFKAzREvSURj8REd,2998,scam,1
1SABYX66JzxSmL14Z3x4kAwUtXujGetu,2999,normal,0
bc1qm36vfu0tzlyc3vp4dsnas9g9jdn4c50n2azysj,2999,normal,0
